org,org_type,ein,name,exempt_type,match_confidence,filer_name,filer_name_norm,method,verified,details
Americans for Constitutional Liberty,4.0,,,,,,,auto,0.0,Not found in ProPublica's NonProfit Explorer search method.
Ohio Works,4.0,991805086.0,Ohio Works,,97.88469,Ohio Works,ohio works,manual,,
Ohio Works,4.0,820990131.0,Ohio Works,4.0,97.88469,,,manual,,
Ohio Works,4.0,341900652.0,Alliance Of Ohio Work Centers,4.0,62.358486,,,manual,,
Ohio Works,4.0,331202355.0,Ohio School Social Work Association,6.0,62.358486,,,auto,0.0,Not included in top 3 results.
Ohio Works,4.0,341336943.0,Work In Northeast Ohio Council,3.0,62.358486,,,auto,0.0,Not included in top 3 results.
Ohio Works,4.0,311395941.0,The Works Ohio Center Of History Art & Technology,3.0,57.879066,THE WORKS - OHIO CENTER FOR,works ohio center,auto,0.0,Not included in top 3 results.
Ohio Works,4.0,311636384.0,High Schools That Work Sw Ohio,3.0,53.798336,HIGH SCHOOLS THAT WORK SW OHIO,high schools that work sw ohio,auto,0.0,Not included in top 3 results.
Ohio Works,4.0,342039514.0,Ohio River Valley Clinical Social Work Society,6.0,53.2456,OHIO RIVER VALLEY CLINICAL SOCIAL WORK,ohio river valley clinical social work,auto,0.0,Not included in top 3 results.
Ohio Works,4.0,922412671.0,Work Force Enrichment And Development Board Mid Ohio Valley,3.0,46.45867,,,auto,0.0,Not included in top 3 results.
Ohio Works,4.0,311264978.0,Work For Jesus,3.0,21.488453,,,auto,0.0,Not included in top 3 results.
Ohio Works,4.0,262117165.0,The Ohio State University,3.0,13.048029,,,auto,0.0,Not included in top 3 results.
Ohio Works,4.0,311296198.0,The Ohio State University,3.0,13.048029,,,auto,0.0,Not included in top 3 results.
Campaign for a Family Friendly Economy,4.0,,,,,,,auto,0.0,Not found in ProPublica's NonProfit Explorer search method.
National Assn of Realtors,6.0,320459637.0,Institute Of Real Estate Management Of The National Asso Of Realtors,6.0,71.44487,,,manual,,
National Assn of Realtors,6.0,812022152.0,Inst Of Real Estate Mgmt Of National Asso Of Realtors-las Vega,6.0,67.11114,Inst of Real Estate Mgmt of National Asso of Realtors-Las Vegas,inst real estate mgmt national asso realtors las vegas,manual,,
Defending Democracy Together,4.0,823877328.0,Defending Democracy Together,4.0,179.71786,DEFENDING DEMOCRACY TOGETHER,defending democracy together,manual,,
Defending Democracy Together,4.0,831567380.0,Defending Democracy Together Institute,3.0,162.89017,DEFENDING DEMOCRACY TOGETHER INSTITUTE,defending democracy together institute,manual,,
Black Progressive Action Coalition,4.0,821514760.0,Black Progressive Action Coalition,4.0,161.01556,BLACK PROGRESSIVE ACTION COALITION,black progressive action coalition,manual,,
Black Progressive Action Coalition,4.0,882674250.0,Black Progressive Action Coalition Education Fund,3.0,135.62709,BLACK PROGRESSIVE ACTION COALITION EDUCATION FUND,black progressive action coalition education fund,manual,,
Building America's Future,4.0,300469364.0,Building Americas Future,4.0,110.17056,Building Americas Future,building americas future,manual,,
Building America's Future,4.0,842659009.0,America Building Futures,3.0,98.7874,,,manual,,
Building America's Future,4.0,851359192.0,Building America S Future,4.0,96.06672,BUILDING AMERICA'S FUTURE,building america s future,manual,,
Building America's Future,4.0,271976324.0,Building Americas Future Educational Fund,3.0,91.32191,Building Americas Future Educational,building americas future educational,auto,0.0,Not included in top 3 results.
Progress North Carolina Action,4.0,452862217.0,Progress North Carolina Action,4.0,152.52237,PROGRESS NORTH CAROLINA ACTION,progress north carolina action,manual,,
Montana Rural Voters,4.0,810343766.0,Montana League Of Rural Voters,4.0,124.05373,,,manual,,
Somos Votantes,4.0,,,,,,,auto,0.0,Not found in ProPublica's NonProfit Explorer search method.
Votevets.Org Action Fund,4.0,,,,,,,auto,0.0,Not found in ProPublica's NonProfit Explorer search method.
Climate Emergency Advocates,4.0,,,,,,,auto,0.0,Not found in ProPublica's NonProfit Explorer search method.
MomsRising Together,4.0,204448446.0,Momsrising Together,4.0,160.81952,MOMSRISING TOGETHER,momsrising together,manual,,
Case Action Fund,4.0,873520326.0,Marguerite Casey Action Fund,4.0,95.60245,MARGUERITE CASEY ACTION FUND,marguerite casey action fund,manual,,
ParentsTogether Action,4.0,812699957.0,Parentstogether Action,4.0,154.83008,ParentsTogether Action,parentstogether action,manual,,
Alliance for Youth Action,4.0,462914731.0,Alliance For Youth Action,4.0,116.320465,ALLIANCE FOR YOUTH ACTION,alliance youth action,manual,,
Rebuild USA,4.0,611800010.0,Rebuild Japan Initiative Foundation Usa Inc,3.0,75.0258,REBUILD JAPAN INITIATIVE,rebuild japan initiative,manual,,
Voces de la Frontera Action,4.0,20759160.0,Voces De La Frontera Action Inc,4.0,192.1979,,,manual,,
Fair Future North Carolina,4.0,,,,,,,auto,0.0,Not found in ProPublica's NonProfit Explorer search method.
American Chemistry Council,6.0,530104410.0,American Chemistry Council,6.0,122.14472,AMERICAN CHEMISTRY COUNCIL,american chemistry council,manual,,
Planned Parenthood Advocates of Wisconsin,4.0,391678012.0,Planned Parenthood Advocates Of Wisconsin Inc,4.0,177.92053,PLANNED PARENTHOOD ADVOCATES OF,planned parenthood advocates,manual,,
National Assn of Home Builders,6.0,,,,,,,auto,0.0,Not found in ProPublica's NonProfit Explorer search method.
United for Democracy,4.0,931395796.0,United For Democracy,4.0,110.42469,UNITED FOR DEMOCRACY,united democracy,manual,,
United for Democracy,4.0,833372062.0,Americans United For Democracy Inc,4.0,91.51838,AMERICANS UNITED FOR DEMOCRACY INC,americans united democracy,manual,,
United for Democracy,4.0,820742397.0,Jews United For Democracy & Justice,3.0,91.51838,,,manual,,
United for Democracy,4.0,933138465.0,United For Democracy And Liberty,3.0,91.51838,,,auto,0.0,Not included in top 3 results.
United for Democracy,4.0,414753488.0,United For Democracy Resource Fund,3.0,91.51838,,,auto,0.0,Not included in top 3 results.
United for Democracy,4.0,824845682.0,United Lao Council For Democracy,3.0,89.144485,,,auto,0.0,Not included in top 3 results.
United for Democracy,4.0,844253653.0,Unite All Workers For Democracy,5.0,86.71889,UNITE ALL WORKERS FOR DEMOCRACY,unite all workers democracy,auto,0.0,Not included in top 3 results.
United for Democracy,4.0,272845546.0,United Lao For Human Rights And Democracy,3.0,73.42785,,,auto,0.0,Not included in top 3 results.
United for Democracy,4.0,822363231.0,Lao United For Democracy And Independence In Laos,3.0,72.82718,LAO UNITED FOR DEMOCRACY AND INDEPENDENCE IN LAOS,lao united democracy independence in laos,auto,0.0,Not included in top 3 results.
National Women's Law Center Action Fund,4.0,460639645.0,National Womens Law Center Action Fund,4.0,153.64928,NATIONAL WOMEN'S LAW CENTER ACTION FUND,national women s law center action fund,manual,,
Stand Up America,4.0,320512546.0,Stand Up America Inc,4.0,116.006836,STAND UP AMERICA INC,stand up america,manual,,
Stand Up America,4.0,261907502.0,Stand Up America Us Foundation,4.0,106.076904,STAND UP AMERICA US FOUNDATION,stand up america us foundation,manual,,
Stand Up America,4.0,204704132.0,Stand Up For America Inc,3.0,106.076904,STAND UP FOR AMERICA FOUNDATION INC,stand up america foundation,manual,,
Stand Up America,4.0,651318121.0,Stand Up And Sing For America,3.0,97.71506,,,auto,0.0,Not included in top 3 results.
Stand Up America,4.0,841671326.0,Blbf&g Foundation Inc,3.0,29.530228,,,auto,0.0,Not included in top 3 results.
Center for Voter Information,4.0,30554750.0,Center For Voter Information,4.0,140.63037,,,manual,,
Brighter Future Alliance,4.0,455076442.0,Brighter Future Alliance,4.0,130.66824,Brighter Future Alliance,brighter future alliance,manual,,
Brighter Future Alliance,4.0,331481747.0,Bright Future Alliances,3.0,108.48532,,,manual,,
Brighter Future Alliance,4.0,994570874.0,Bright Futures Alliance,3.0,105.494965,,,manual,,
Brighter Future Alliance,4.0,992971194.0,Bright Futures Alliance Inc,3.0,95.61635,,,auto,0.0,Not included in top 3 results.
Brighter Future Alliance,4.0,464283998.0,Alliance For A Bright Future Inc,3.0,86.02816,ALLIANCE FOR A BRIGHT FUTURE INC,alliance bright future,auto,0.0,Not included in top 3 results.
Wisconsin Principles Inc,4.0,992011538.0,Wisconsin Principles Inc,4.0,120.42828,WISCONSIN PRINCIPLES INC,wisconsin principles,manual,,
Big Sky 55+,4.0,,,,,,,auto,0.0,Not found in ProPublica's NonProfit Explorer search method.
Democratic Majority for Israel,4.0,833298146.0,Democratic Majority For Israel D/b/a Dmfi,4.0,142.54271,DEMOCRATIC MAJORITY FOR ISRAEL,democratic majority israel,manual,,
Animal Wellness Action,4.0,825477192.0,Animal Wellness Action,4.0,125.79686,ANIMAL WELLNESS ACTION,animal wellness action,manual,,
60 Plus Assn,4.0,911660549.0,Vancouver Metro Senior 60 Plus Softball Association,3.0,26.945213,,,manual,,
National Security Action,4.0,822007387.0,National Security Action,4.0,123.813736,NATIONAL SECURITY ACTION,national security action,manual,,
Wilderness Society Action Fund,4.0,821742996.0,Wilderness Society Action Fund,4.0,140.84282,WILDERNESS SOCIETY ACTION FUND,wilderness society action fund,manual,,
Ohio Organizing Campaign,4.0,263064170.0,Ohio Organizing Campaign,4.0,154.84259,THE OHIO ORGANIZING CAMPAIGN,ohio organizing campaign,manual,,
American Encore,4.0,264683543.0,American Encore Inc,4.0,92.64645,American Encore,american encore,manual,,
American Encore,4.0,471094731.0,American Vaulters Association,3.0,24.596905,,,manual,,
Independent Veterans of America,4.0,993614737.0,Independent Veterans Of America Action,4.0,96.25394,Independent Veterans of America Action,independent veterans america action,manual,,
Faith Voters for Good,4.0,923060032.0,Faith Voters For Good,4.0,141.82791,,,manual,,
Mi Familia Vota,4.0,810668995.0,Mi Familia Vota,4.0,144.40425,MI FAMILIA VOTA,mi familia vota,manual,,
Mi Familia Vota,4.0,200182824.0,Mi Familia Vota Education Fund,3.0,119.680786,MI FAMILIA EN ACCION,mi familia en accion,manual,,
National Wildlife Federation Action Fund,4.0,742556532.0,National Wildlife Federation Action Fund,4.0,151.26276,NATIONAL WILDLIFE FEDERATION ACTION FUND,national wildlife federation action fund,manual,,
In Union USA Action,4.0,851983868.0,In Union Usa Action,4.0,125.77232,In Union USA Action,in union usa action,manual,,
United We Dream Action,4.0,465216666.0,United We Dream Action,4.0,147.2163,UNITED WE DREAM ACTION,united we dream action,manual,,
EarthJustice Action,4.0,821981944.0,Earthjustice Action,4.0,152.2021,EARTHJUSTICE ACTION,earthjustice action,manual,,
NRDC Action Fund,4.0,133976062.0,Nrdc Action Fund Inc,4.0,145.7248,NRDC ACTION FUND INC,nrdc action fund,manual,,
MI Poder,4.0,881133984.0,Mi Poder,4.0,131.78546,MI PODER,mi poder,manual,,
Community Water Center Action Fund,4.0,824259151.0,Community Water Center Action Fund,4.0,131.87033,Community Water Center Action Fund,community water center action fund,manual,,
FLIC Votes,4.0,812185907.0,Flic Votes Inc,4.0,130.33096,FLIC VOTES INC,flic votes,manual,,
Association of Equipment Manufacturers,6.0,311796607.0,Association Of Equipment Manufacturers,6.0,140.54439,ASSOCIATION OF EQUIPMENT MANUFACTURERS,association equipment manufacturers,manual,,
Association of Equipment Manufacturers,6.0,880468000.0,Association Of Gaming Equipment Manufacturers,6.0,128.5142,ASSOCIATION OF GAMING EQUIPMENT,association gaming equipment,manual,,
Association of Equipment Manufacturers,6.0,362682080.0,Association Of Vacuum Equipment Manufacturers,6.0,128.5142,ASSOCIATION OF VACUUM EQUIPMENT,association vacuum equipment,manual,,
Association of Equipment Manufacturers,6.0,740490861.0,Association Of Well Head Equipment Manufacturers,6.0,118.38374,,,auto,0.0,Not included in top 3 results.
Association of Equipment Manufacturers,6.0,366082586.0,North American Association Of Food Equipment Manufacturers,6.0,109.73544,NORTH AMERICAN ASSOCIATION OF FOOD,north american association food,auto,0.0,Not included in top 3 results.
NILC Immigrant Justice Fund,4.0,462030419.0,Nilc Immigrant Justice Fund,4.0,182.86246,NILC IMMIGRANT JUSTICE FUND,nilc immigrant justice fund,manual,,
POWER Action Fund,4.0,861492251.0,Power Action Fund,4.0,115.95639,POWER ACTION FUND,power action fund,manual,,
POWER Action Fund,4.0,854015096.0,State Power Action Fund,4.0,105.09787,STATE POWER ACTION FUND,state power action fund,manual,,
POWER Action Fund,4.0,990601841.0,Permit Power Action Fund,4.0,105.09787,PERMIT POWER ACTION FUND,permit power action fund,manual,,
POWER Action Fund,4.0,880986505.0,Power Rising Action Fund,4.0,105.09787,POWER RISING ACTION FUND,power rising action fund,auto,0.0,Not included in top 3 results.
POWER Action Fund,4.0,933273844.0,California Black Power Network Action Fund,4.0,88.5264,CALIFORNIA BLACK POWER NETWORK ACTION,california black power network action,auto,0.0,Not included in top 3 results.
Women's March,4.0,814571869.0,Womens March Inc,4.0,95.804825,Womens March Inc,womens march,manual,,
Women's March,4.0,842824858.0,Lincoln Womens March,3.0,95.804825,,,manual,,
Women's March,4.0,823765799.0,Womens March Minnesota,3.0,95.804825,Womens March Minnesota,womens march minnesota,manual,,
Women's March,4.0,933928663.0,Womens March Jacksonville,3.0,95.804825,,,auto,0.0,Not included in top 3 results.
Women's March,4.0,863322891.0,Womens March Network,3.0,92.944595,Womens March Network,womens march network,auto,0.0,Not included in top 3 results.
Women's March,4.0,990502979.0,Idaho Womens March Inc,3.0,90.8275,,,auto,0.0,Not included in top 3 results.
Women's March,4.0,832412272.0,Womxns March Denver,3.0,89.698,,,auto,0.0,Not included in top 3 results.
Women's March,4.0,815278035.0,Womens March Alliance Corp,3.0,89.22778,WOMENS MARCH ALLIANCE CORP,womens march alliance,auto,0.0,Not included in top 3 results.
Women's March,4.0,821448762.0,Womens March Global Inc,3.0,86.83108,WOMEN'S MARCH GLOBAL,women s march global,auto,0.0,Not included in top 3 results.
Women's March,4.0,823088868.0,Womens March West Virginia,4.0,86.83108,WOMENS MARCH WEST VIRGINIA,womens march west virginia,auto,0.0,Not included in top 3 results.
Women's March,4.0,822735955.0,Womens March Of Houston,3.0,86.83108,,,auto,0.0,Not included in top 3 results.
Women's March,4.0,821878381.0,Womens March San Diego,3.0,86.83108,,,auto,0.0,Not included in top 3 results.
Women's March,4.0,845026842.0,Womens March Kern County,3.0,86.83108,,,auto,0.0,Not included in top 3 results.
Women's March,4.0,825181296.0,Womens March Wisconsin,4.0,86.75287,,,auto,0.0,Not included in top 3 results.
Women's March,4.0,844882468.0,South Queens Womens March Inc,3.0,79.39689,South Queens Womens March Inc,south queens womens march,auto,0.0,Not included in top 3 results.
Women's March,4.0,821167199.0,Women S March Mi,3.0,79.082085,,,auto,0.0,Not included in top 3 results.
Women's March,4.0,593568706.0,Pelican Marsh Womens League,7.0,74.99986,Pelican Marsh Women's League,pelican marsh women s league,auto,0.0,Not included in top 3 results.
Women's March,4.0,823898805.0,Womens March On Washington Indiana Incorporated,3.0,69.855095,,,auto,0.0,Not included in top 3 results.
Women's March,4.0,510203859.0,Marco Island Womans Club,4.0,69.46486,Marco Island Womans Club Inc,marco island womans club,auto,0.0,Not included in top 3 results.
Women's March,4.0,871948693.0,North County San Diego Womxns March,3.0,68.474594,,,auto,0.0,Not included in top 3 results.
Women's March,4.0,650144269.0,Marco Island Womans Club Foundation,3.0,63.51751,VNTC TTEE MARCO ISLAND WOMAN S CLUB,vntc ttee marco island woman s club,auto,0.0,Not included in top 3 results.
Women's March,4.0,352665900.0,Marco Island Womans Club Charitable Foundation Inc,3.0,54.234352,Marco Island Womans Club Charitable,marco island womans club charitable,auto,0.0,Not included in top 3 results.
Women's March,4.0,901074063.0,Marco Island Chapter No 2438 Women Of The Moose,8.0,44.89434,,,auto,0.0,Not included in top 3 results.
Women's March,4.0,591807228.0,American Association Of University Women,4.0,18.16468,,,auto,0.0,Not included in top 3 results.
Indivisible Project,4.0,814944067.0,Indivisible Project,4.0,122.06691,INDIVISIBLE PROJECT,indivisible project,manual,,
Chesapeake Climate Action Network,4.0,113644283.0,Chesapeake Climate Action Network,3.0,177.32477,CHESAPEAKE CLIMATE ACTION NETWORK INC,chesapeake climate action network,manual,,
Chesapeake Climate Action Network,4.0,10879928.0,Chesapeake Climate Action Network Action Fund Inc,4.0,151.68636,,,manual,,
Americans for Consumer Protection,4.0,,,,,,,auto,0.0,Not found in ProPublica's NonProfit Explorer search method.
Leaders Igniting Transformation,4.0,823151192.0,Leaders Igniting Transformation Education Fund Inc,3.0,134.26584,LEADERS IGNITING TRANSFORMATION EDUCATION FUND INC,leaders igniting transformation education fund,manual,,
Leaders Igniting Transformation,4.0,823166802.0,Leaders Igniting Transformation Action Fund Inc,4.0,134.26584,LEADERS IGNITING TRANSFORMATION ACTION FUND INC,leaders igniting transformation action fund,manual,,
American Bankers Assn,6.0,521767808.0,American Bankers Association Voluntary Employee Benefit Assn,9.0,93.75641,ABA VEBA,aba veba,manual,,
CatholicVote.org,4.0,,,,,,,auto,0.0,Not found in ProPublica's NonProfit Explorer search method.
Food & Water Action,4.0,311581053.0,Food On Foot Inc,3.0,66.32844,FOOD ON FOOT,food on foot,manual,,
Food & Water Action,4.0,921279854.0,Terre Foods Community Food Initiative,3.0,60.655495,TERRE FOODS COMMUNITY INITIATIVE CORPORATION,terre foods community initiative,manual,,
Food & Water Action,4.0,300690336.0,Big Foot Emergency Food Pantry,3.0,60.655495,BIG FOOT EMERGENCY FOOD PANTRY INC,big foot emergency food pantry,manual,,
Food & Water Action,4.0,223969109.0,Tennessee Food On Foot Foundation Inc,3.0,55.877686,TENNESSEE FOOD ON FOOT FOUNDATION INC,tennessee food on foot foundation,auto,0.0,Not included in top 3 results.
Food & Water Action,4.0,20738229.0,Food Share Food Bank,3.0,51.173786,,,auto,0.0,Not included in top 3 results.
Food & Water Action,4.0,421866644.0,Sheep Food,3.0,48.210297,,,auto,0.0,Not included in top 3 results.
Food & Water Action,4.0,311020198.0,Food Finders Food Bank Inc,3.0,48.132355,FOOD FINDERS FOOD BANK INC,food finders food bank,auto,0.0,Not included in top 3 results.
Food & Water Action,4.0,871522121.0,Soul Food Food Pantry,3.0,47.861767,,,auto,0.0,Not included in top 3 results.
Food & Water Action,4.0,992866661.0,Food Horizons,3.0,47.244583,,,auto,0.0,Not included in top 3 results.
Food & Water Action,4.0,911090450.0,Food Lifeline,3.0,46.629337,FOOD LIFELINE,food lifeline,auto,0.0,Not included in top 3 results.
Food & Water Action,4.0,382853858.0,Food Gatherers,3.0,46.629337,FOOD GATHERERS,food gatherers,auto,0.0,Not included in top 3 results.
Food & Water Action,4.0,850416803.0,Food Depot,3.0,46.629337,THE FOOD DEPOT,food depot,auto,0.0,Not included in top 3 results.
Food & Water Action,4.0,232939247.0,Food Helpers,3.0,46.629337,FOOD HELPERS,food helpers,auto,0.0,Not included in top 3 results.
Food & Water Action,4.0,462372533.0,Food Connects,3.0,46.629337,FOOD CONNECTS,food connects,auto,0.0,Not included in top 3 results.
Food & Water Action,4.0,611762787.0,Food Group,3.0,46.629337,THE FOOD GROUP INC,food group,auto,0.0,Not included in top 3 results.
Food & Water Action,4.0,831580187.0,Food Strong,3.0,46.629337,FOOD STRONG,food strong,auto,0.0,Not included in top 3 results.
Food & Water Action,4.0,263662215.0,Food Works,3.0,46.629337,FOOD WORKS,food works,auto,0.0,Not included in top 3 results.
Food & Water Action,4.0,752911547.0,Food Foundation,3.0,46.629337,THE FOOD FOUNDATION,food foundation,auto,0.0,Not included in top 3 results.
Food & Water Action,4.0,270656350.0,Fair Food,3.0,46.629337,FAIR FOOD,fair food,auto,0.0,Not included in top 3 results.
Food & Water Action,4.0,911747155.0,Food Alliance,3.0,46.629337,The Food Alliance,food alliance,auto,0.0,Not included in top 3 results.
Food & Water Action,4.0,205371832.0,Food Roots,3.0,46.629337,FOOD ROOTS,food roots,auto,0.0,Not included in top 3 results.
Food & Water Action,4.0,814736864.0,Food Fort,3.0,46.629337,FOOD FORT,food fort,auto,0.0,Not included in top 3 results.
Food & Water Action,4.0,852479963.0,Rockwood Food,3.0,46.629337,ROCKWOOD FOOD,rockwood food,auto,0.0,Not included in top 3 results.
Food & Water Action,4.0,862522790.0,Food Hugs,3.0,46.629337,FOOD HUGS,food hugs,auto,0.0,Not included in top 3 results.
Food & Water Action,4.0,883409814.0,Food Leads,3.0,46.629337,Food Leads Inc,food leads,auto,0.0,Not included in top 3 results.
Ohio Citizen Action,4.0,341208942.0,Ohio Citizen Action,4.0,121.2006,OHIO CITIZEN ACTION,ohio citizen action,manual,,
Ohio Citizen Action,4.0,341208940.0,Ohio Citizen Action Education Fund,3.0,100.44739,OHIO CITIZEN ACTION EDUCATION FUND,ohio citizen action education fund,manual,,
American Civil Liberties Union,4.0,271629328.0,American Civil Liberties Union,4.0,150.98625,AMERICAN CIVIL LIBERTIES UNION OF ILLINOIS,american civil liberties union illinois,manual,,
American Civil Liberties Union,4.0,910683589.0,American Civil Liberties Union,4.0,150.98625,American Civil Liberties Union of Washington,american civil liberties union washington,manual,,
American Civil Liberties Union,4.0,41180450.0,American Civil Liberties Union,4.0,150.98625,,,manual,,
American Civil Liberties Union,4.0,590883831.0,American Civil Liberties Union,4.0,150.98625,AMERICAN CIVIL LIBERTIES UNION OF,american civil liberties union,auto,0.0,Not included in top 3 results.
American Civil Liberties Union,4.0,540845509.0,American Civil Liberties Union,4.0,150.98625,American Civil Liberties Union of Virginia,american civil liberties union virginia,auto,0.0,Not included in top 3 results.
American Civil Liberties Union,4.0,237184439.0,American Civil Liberties Union,4.0,150.98625,AMERICAN CIVIL LIBERTIES UNION,american civil liberties union,auto,0.0,Not included in top 3 results.
American Civil Liberties Union,4.0,381643182.0,American Civil Liberties Union,4.0,150.98625,AMERICAN CIVIL LIBERTIES UNION,american civil liberties union,auto,0.0,Not included in top 3 results.
American Civil Liberties Union,4.0,930556378.0,American Civil Liberties Union,4.0,150.98625,American Civil Liberties Union of Oregon,american civil liberties union oregon,auto,0.0,Not included in top 3 results.
American Civil Liberties Union,4.0,760343140.0,American Civil Liberties Union,4.0,150.98625,American Civil Liberties Union,american civil liberties union,auto,0.0,Not included in top 3 results.
American Civil Liberties Union,4.0,840437750.0,American Civil Liberties Union,4.0,150.98625,American Civil Liberties Union of Colorado,american civil liberties union colorado,auto,0.0,Not included in top 3 results.
American Civil Liberties Union,4.0,520746271.0,American Civil Liberties Union,4.0,150.98625,AMERICAN CIVIL LIBERTIES,american civil liberties,auto,0.0,Not included in top 3 results.
American Civil Liberties Union,4.0,340700606.0,American Civil Liberties Union,4.0,150.98625,AMERICAN CIVIL LIBERTIES UNION OF OHIO,american civil liberties union ohio,auto,0.0,Not included in top 3 results.
American Civil Liberties Union,4.0,396057574.0,American Civil Liberties Union,4.0,150.98625,AMERICAN CIVIL LIBERTIES UNION,american civil liberties union,auto,0.0,Not included in top 3 results.
American Civil Liberties Union,4.0,860205157.0,American Civil Liberties Union,4.0,150.98625,AMERICAN CIVIL LIBERTIES UNION OF,american civil liberties union,auto,0.0,Not included in top 3 results.
American Civil Liberties Union,4.0,474484602.0,American Civil Liberties Union,4.0,150.98625,AMERICAN CIVIL LIBERTIES UNION OF,american civil liberties union,auto,0.0,Not included in top 3 results.
American Civil Liberties Union,4.0,580951433.0,American Civil Liberties Union,4.0,150.98625,AMERICAN CIVIL LIBERTIES UNION OF,american civil liberties union,auto,0.0,Not included in top 3 results.
American Civil Liberties Union,4.0,350930337.0,American Civil Liberties Union,4.0,150.98625,INDIANA CIVIL LIBERTIES UNION,indiana civil liberties union,auto,0.0,Not included in top 3 results.
American Civil Liberties Union,4.0,237093415.0,American Civil Liberties Union,4.0,150.98625,ACLU NEBRASKA,aclu nebraska,auto,0.0,Not included in top 3 results.
American Civil Liberties Union,4.0,620790133.0,American Civil Liberties Union,4.0,150.98625,AMERICAN CIVIL LIBERTIES UNION OF,american civil liberties union,auto,0.0,Not included in top 3 results.
American Civil Liberties Union,4.0,990156207.0,American Civil Liberties Union,4.0,150.98625,AMERICAN CIVIL LIBERTIES UNION,american civil liberties union,auto,0.0,Not included in top 3 results.
American Civil Liberties Union,4.0,420892616.0,American Civil Liberties Union,4.0,150.98625,AMERICAN CIVIL LIBERTIES UNION OF IOWA,american civil liberties union iowa,auto,0.0,Not included in top 3 results.
American Civil Liberties Union,4.0,810431527.0,American Civil Liberties Union,4.0,150.98625,AMERICAN CIVIL LIBERTIES UNION INC,american civil liberties union,auto,0.0,Not included in top 3 results.
American Civil Liberties Union,4.0,710467186.0,American Civil Liberties Union,4.0,150.98625,AMERICAN CIVIL LIBERTIES UNION OF,american civil liberties union,auto,0.0,Not included in top 3 results.
American Civil Liberties Union,4.0,720604244.0,American Civil Liberties Union,4.0,150.98625,AMERICAN CIVIL LIBERTIES UNION,american civil liberties union,auto,0.0,Not included in top 3 results.
American Civil Liberties Union,4.0,610597514.0,American Civil Liberties Union,4.0,150.98625,AMERICAN CIVIL LIBERTIES UNION OF,american civil liberties union,auto,0.0,Not included in top 3 results.
Carolina Federation,4.0,830936641.0,Carolina Federation,4.0,83.53093,CAROLINA FEDERATION,carolina federation,manual,,
Carolina Federation,4.0,842537864.0,Carolina Federation Fund,3.0,74.89488,CAROLINA FEDERATION FUND,carolina federation fund,manual,,
Carolina Federation,4.0,334981115.0,Carolina Athletic Federation,3.0,74.89488,CAROLINA ATHLETIC FEDERATION,carolina athletic federation,manual,,
Carolina Federation,4.0,561564376.0,North Carolina Wildlife Federation,3.0,67.880295,North Carolina Wildlife Federation Inc,north carolina wildlife federation,auto,0.0,Not included in top 3 results.
Carolina Federation,4.0,570602549.0,South Carolina Wildlife Federation,3.0,67.880295,SOUTH CAROLINA WILDLIFE FEDERATION,south carolina wildlife federation,auto,0.0,Not included in top 3 results.
Carolina Federation,4.0,260768375.0,North Carolina Animal Federation,3.0,67.880295,,,auto,0.0,Not included in top 3 results.
Carolina Federation,4.0,463619473.0,North Carolina Taekwondo Federation,3.0,67.880295,,,auto,0.0,Not included in top 3 results.
Carolina Federation,4.0,854086730.0,North Carolina Wildlife Federation,3.0,64.4028,,,auto,0.0,Not included in top 3 results.
Carolina Federation,4.0,260775453.0,North Carolina Wildlife Federation,3.0,64.4028,,,auto,0.0,Not included in top 3 results.
Carolina Federation,4.0,872367688.0,North Carolina Wildlife Federation,3.0,64.4028,,,auto,0.0,Not included in top 3 results.
Carolina Federation,4.0,262507896.0,North Carolina Wildlife Federation,3.0,63.027122,,,auto,0.0,Not included in top 3 results.
Carolina Federation,4.0,464263519.0,North Carolina Wildlife Federation,3.0,63.027122,,,auto,0.0,Not included in top 3 results.
Carolina Federation,4.0,465761426.0,North Carolina Wildlife Federation,3.0,63.027122,,,auto,0.0,Not included in top 3 results.
Carolina Federation,4.0,263906326.0,North Carolina Wildlife Federation,3.0,63.027122,Gaston County PAWS,gaston county paws,auto,0.0,Not included in top 3 results.
Carolina Federation,4.0,475335832.0,North Carolina Wildlife Federation,3.0,63.027122,,,auto,0.0,Not included in top 3 results.
Carolina Federation,4.0,465339262.0,North Carolina Wildlife Federation,3.0,63.027122,,,auto,0.0,Not included in top 3 results.
Carolina Federation,4.0,853846880.0,North Carolina Wildlife Federation,3.0,63.027122,,,auto,0.0,Not included in top 3 results.
Carolina Federation,4.0,581494098.0,North Carolina Coastal Federation Inc,3.0,62.069046,NORTH CAROLINA COASTAL FEDERATION INC,north carolina coastal federation,auto,0.0,Not included in top 3 results.
Carolina Federation,4.0,570473090.0,South Carolina Farm Bureau Federation,5.0,62.069046,SOUTH CAROLINA FARM BUREAU FEDERATION,south carolina farm bureau federation,auto,0.0,Not included in top 3 results.
Carolina Federation,4.0,560905018.0,North Carolina Poultry Federation Inc,6.0,62.069046,NORTH CAROLINA POULTRY,north carolina poultry,auto,0.0,Not included in top 3 results.
Carolina Federation,4.0,570856625.0,South Carolina Poultry Federation Inc,6.0,62.069046,SOUTH CAROLINA POULTRY FEDERATION,south carolina poultry federation,auto,0.0,Not included in top 3 results.
Carolina Federation,4.0,753222834.0,Bass Federation Of South Carolina,7.0,62.069046,,,auto,0.0,Not included in top 3 results.
Carolina Federation,4.0,800218233.0,North Carolina Mountain Federation Inc,3.0,62.069046,,,auto,0.0,Not included in top 3 results.
Carolina Federation,4.0,570862711.0,South Carolina Federation Of Museums,6.0,62.069046,,,auto,0.0,Not included in top 3 results.
Carolina Federation,4.0,260759860.0,North Carolina Wildlife Federation,3.0,61.83049,,,auto,0.0,Not included in top 3 results.
Red Wine & Blue,4.0,844355156.0,Red Wine & Blue,4.0,103.85001,RED WINE & BLUE,red wine blue,manual,,
Red Wine & Blue,4.0,461469707.0,Red Wing Ignite,3.0,101.20986,RED WING IGNITE,red wing ignite,manual,,
Red Wine & Blue,4.0,311677778.0,Red Wing Education Association,5.0,95.073425,,,manual,,
Red Wine & Blue,4.0,237033186.0,Red Wing Wildlife Protective League Of Red Wing Minnesota,3.0,94.9497,RED WING WILDLIFE LEAGUE,red wing wildlife league,auto,0.0,Not included in top 3 results.
Red Wine & Blue,4.0,410793629.0,Red Wing Credit Union,14.0,92.83202,RED WING CREDIT UNION,red wing credit union,auto,0.0,Not included in top 3 results.
Red Wine & Blue,4.0,410695614.0,Red Wing Family Ymca,3.0,92.83202,RED WING FAMILY YMCA,red wing family ymca,auto,0.0,Not included in top 3 results.
Red Wine & Blue,4.0,416039135.0,Red Wing Art Association,3.0,92.83202,Red Wing Arts Association,red wing arts association,auto,0.0,Not included in top 3 results.
Red Wine & Blue,4.0,410657053.0,Red Wing Golf Club,7.0,92.83202,,,auto,0.0,Not included in top 3 results.
Red Wine & Blue,4.0,416017204.0,Red Wing Yacht Club,7.0,92.83202,RED WING YACHT CLUB,red wing yacht club,auto,0.0,Not included in top 3 results.
Red Wine & Blue,4.0,452827019.0,Red Wing Marine Museum,3.0,92.83202,RED WING MARINE MUSEUM,red wing marine museum,auto,0.0,Not included in top 3 results.
Red Wine & Blue,4.0,432019407.0,Red Wing Band Boosters,3.0,92.83202,,,auto,0.0,Not included in top 3 results.
Red Wine & Blue,4.0,870803479.0,Red Wing Booster Club,3.0,92.83202,RED WING BOOSTER CLUB,red wing booster club,auto,0.0,Not included in top 3 results.
Red Wine & Blue,4.0,416027299.0,Red Wing Conservation Club,3.0,92.83202,RED WING CONSERVATION CLUB,red wing conservation club,auto,0.0,Not included in top 3 results.
Red Wine & Blue,4.0,200600799.0,Red Wing Rotary Foundation,3.0,92.83202,,,auto,0.0,Not included in top 3 results.
Red Wine & Blue,4.0,416037519.0,Red Wing Sportsmens Club,7.0,92.83202,,,auto,0.0,Not included in top 3 results.
Red Wine & Blue,4.0,411809786.0,Red Wing Youth Football,3.0,92.83202,,,auto,0.0,Not included in top 3 results.
Red Wine & Blue,4.0,411816535.0,The Red Wing Singers,3.0,92.83202,,,auto,0.0,Not included in top 3 results.
Red Wine & Blue,4.0,43586418.0,Calvary Chapel Red Wing,3.0,92.83202,,,auto,0.0,Not included in top 3 results.
Red Wine & Blue,4.0,813019655.0,Red Wing Trolley Co,3.0,92.83202,,,auto,0.0,Not included in top 3 results.
Red Wine & Blue,4.0,331336297.0,Red Wing Robotics,3.0,89.52287,,,auto,0.0,Not included in top 3 results.
Red Wine & Blue,4.0,814005958.0,Red Wing Innovation Incubator Inc,3.0,89.013435,,,auto,0.0,Not included in top 3 results.
Red Wine & Blue,4.0,871115877.0,Red Wine & Blue Education Fund,3.0,86.07904,RED WINE & BLUE EDUCATION FUND,red wine blue education fund,auto,0.0,Not included in top 3 results.
Red Wine & Blue,4.0,453245852.0,Red Wing Municipal Golf Corporation,3.0,85.89029,RED WING MUNICIPAL GOLF CORPORATION,red wing municipal golf,auto,0.0,Not included in top 3 results.
Red Wine & Blue,4.0,416020177.0,Red Wing Shoe Company Foundation,3.0,85.89029,RED WING SHOE COMPANY FOUNDATION,red wing shoe company foundation,auto,0.0,Not included in top 3 results.
Red Wine & Blue,4.0,410967058.0,Red Wing Environmental Learning Center,3.0,85.89029,RED WING ENVIRONMENTAL LEARNING CENTER,red wing environmental learning center,auto,0.0,Not included in top 3 results.
NAKASEC Action Fund,4.0,870752611.0,Nakasec Action Fund,4.0,167.47089,NAKASEC ACTION FUND,nakasec action fund,manual,,
Environmental Defense Action Fund,4.0,900080500.0,Environmental Defense Action Fund,4.0,159.4039,ENVIRONMENTAL DEFENSE ACTION FUND,environmental defense action fund,manual,,
Rise Inc (Los Angeles),4.0,872142080.0,Rideback Rise Inc,3.0,66.0079,RIDEBACK RISE INC,rideback rise,manual,,
Rise Inc (Los Angeles),4.0,392478455.0,Rise N Thrive Inc,3.0,60.53938,,,manual,,
Rise Inc (Los Angeles),4.0,393733168.0,Rise And Shine Outreach Inc,3.0,56.008083,,,manual,,
LUPE Votes,4.0,852786747.0,Lupe Votes,4.0,154.93958,LUPE VOTES,lupe votes,manual,,
Susan B Anthony Pro-Life America,4.0,,,,,,,auto,0.0,Not found in ProPublica's NonProfit Explorer search method.
Civic Empowerment Coalition,4.0,770053480.0,Civic Empowerment Coalition,4.0,129.24747,CIVIC EMPOWERMENT COALITION,civic empowerment coalition,manual,,
Protecting America Initiative,4.0,,,,,,,auto,0.0,Not found in ProPublica's NonProfit Explorer search method.
American Majority Action,4.0,263594713.0,American Majority Action,4.0,141.5265,AMERICAN MAJORITY ACTION,american majority action,manual,,
Economic Security Project Action,4.0,832050594.0,Economic Security Project Action Inc,4.0,142.87573,ECONOMIC SECURITY PROJECT ACTION INC,economic security project action,manual,,
NCAAT in Action,4.0,842889172.0,Ncaat In Action,4.0,166.19395,NCAAT IN ACTION,ncaat in action,manual,,
People for the American Way,4.0,521366721.0,People For The American Way,4.0,127.17383,PEOPLE FOR THE AMERICAN WAY,people american way,manual,,
People for the American Way,4.0,133065716.0,People For The American Way Foundation,3.0,117.15637,PEOPLE FOR THE AMERICAN WAY FOUNDATION,people american way foundation,manual,,
The Other 98% Action,4.0,,,,,,,auto,0.0,Not found in ProPublica's NonProfit Explorer search method.
We Act for Change,4.0,,,,,,,auto,0.0,Not found in ProPublica's NonProfit Explorer search method.
Freedom Action Now,4.0,843944949.0,Freedom Action Now Inc,4.0,122.71112,Freedom Action Now,freedom action now,manual,,
Immigrants' List Civic Action,4.0,352317275.0,Immigrants List Civic Action Inc,4.0,175.54294,IMMIGRANTS' LIST CIVIC ACTION,immigrants list civic action,manual,,
March for Our Lives Action Fund,4.0,824535615.0,March For Our Lives Action Fund,4.0,189.25623,MARCH FOR OUR LIVES ACTION FUND,march our lives action fund,manual,,
Coloradans for Responsible Energy Development,6.0,463501403.0,Coloradans For Responsible Energy Development,6.0,201.70816,COLORADANS FOR RESPONSIBLE ENERGY,coloradans responsible energy,manual,,
Painters & Allied Trades Union,6.0,910597991.0,Painters Trust,9.0,64.32176,PAINTERS TRUST,painters trust,manual,,
Painters & Allied Trades Union,6.0,842139741.0,Painters Compass,3.0,64.32176,,,manual,,
Painters & Allied Trades Union,6.0,382941407.0,Chelsea Painters,,64.32176,,,manual,,
Painters & Allied Trades Union,6.0,922420501.0,Charleston Decorative Painters,3.0,57.673714,,,auto,0.0,Not included in top 3 results.
Painters & Allied Trades Union,6.0,270243409.0,Chicago Pastel Painters,3.0,57.673714,,,auto,0.0,Not included in top 3 results.
Painters & Allied Trades Union,6.0,920581044.0,Desert Quail Painters,7.0,57.673714,,,auto,0.0,Not included in top 3 results.
Painters & Allied Trades Union,6.0,362872525.0,Illinois Prairie Painters,6.0,57.673714,,,auto,0.0,Not included in top 3 results.
Painters & Allied Trades Union,6.0,911576331.0,Northwest Decorative Painters,7.0,57.673714,,,auto,0.0,Not included in top 3 results.
Painters & Allied Trades Union,6.0,371292822.0,Painters Local 32,5.0,57.673714,,,auto,0.0,Not included in top 3 results.
Painters & Allied Trades Union,6.0,462326992.0,Saline Painters Guild,3.0,57.673714,,,auto,0.0,Not included in top 3 results.
Painters & Allied Trades Union,6.0,844070337.0,Painter Pals,3.0,55.13294,PAINTER PALS,painter pals,auto,0.0,Not included in top 3 results.
Painters & Allied Trades Union,6.0,546053020.0,Painter Volunteer Fire Co,4.0,54.703278,PAINTER VOLUNTEER FIRE COMPANY INC,painter volunteer fire company,auto,0.0,Not included in top 3 results.
Painters & Allied Trades Union,6.0,770403128.0,Fiesta City Decorative Painters,6.0,53.732903,,,auto,0.0,Not included in top 3 results.
Painters & Allied Trades Union,6.0,251465080.0,Golden Triangle Decorative Painters,6.0,53.732903,,,auto,0.0,Not included in top 3 results.
Painters & Allied Trades Union,6.0,581910292.0,Southern Painters Welfare Fund,9.0,52.273533,SOUTHERN PAINTERS WELFARE FUND,southern painters welfare fund,auto,0.0,Not included in top 3 results.
Painters & Allied Trades Union,6.0,381428364.0,Painters Union Insurance Fund,9.0,52.273533,PAINTERS UNION INSURANCE FUND,painters union insurance fund,auto,0.0,Not included in top 3 results.
Painters & Allied Trades Union,6.0,386308236.0,Painters Union Vacation Fund,9.0,52.273533,PAINTERS UNION VACATION FUND,painters union vacation fund,auto,0.0,Not included in top 3 results.
Painters & Allied Trades Union,6.0,50269677.0,Painters Health & Welfare Fund,9.0,52.273533,,,auto,0.0,Not included in top 3 results.
Painters & Allied Trades Union,6.0,363789172.0,Oil Painters Of America,3.0,52.273533,Oil Painters of America,oil painters america,auto,0.0,Not included in top 3 results.
Painters & Allied Trades Union,6.0,341682517.0,Painters & Decorators Building Incorporated,5.0,52.273533,PAINTERS & DECORATORS BUILDING INC,painters decorators building,auto,0.0,Not included in top 3 results.
Painters & Allied Trades Union,6.0,843204238.0,Dreamcoat Quality Painters Incorporated,3.0,52.273533,Dreamcoat Quality Painters Inc,dreamcoat quality painters,auto,0.0,Not included in top 3 results.
Painters & Allied Trades Union,6.0,522036871.0,Silk Painters International Inc,3.0,52.273533,SILK PAINTERS INTERNATIONAL INC,silk painters international,auto,0.0,Not included in top 3 results.
Painters & Allied Trades Union,6.0,136182955.0,Abingdon Square Painters Inc,3.0,52.273533,THE ABINGDON SQUARE PAINTERS,abingdon square painters,auto,0.0,Not included in top 3 results.
Painters & Allied Trades Union,6.0,452636866.0,Colored Pencil Painters Guild,7.0,52.273533,,,auto,0.0,Not included in top 3 results.
Painters & Allied Trades Union,6.0,752090609.0,Fort Worth Decorative Painters,6.0,52.273533,,,auto,0.0,Not included in top 3 results.
Protect Our Winters Action Fund,4.0,823030363.0,Protect Our Winters Action Fund,4.0,166.8031,PROTECT OUR WINTERS ACTION FUND,protect our winters action fund,manual,,
Issue One Action,4.0,460792299.0,Issue One Action,4.0,151.46486,ISSUE ONE ACTION,issue one action,manual,,
Fair Election Fund,4.0,831649609.0,Fair & Transparent Elections Research & Education Fund,3.0,101.37576,,,manual,,
Fair Election Fund,4.0,931870447.0,Foundation For Accountability Integrity & Research In Elections,3.0,32.94475,Foundation for Accountability Integrity & Research in Elections Fund,foundation accountability integrity research in elections fund,manual,,
Patriotic Veterans,4.0,263582447.0,Patriotic Veterans,4.0,102.45886,PATRIOTIC VETERANS INC,patriotic veterans,manual,,
Patriotic Veterans,4.0,933068167.0,Patriotic Stitchers For Veterans,3.0,83.279434,,,manual,,
Patriotic Veterans,4.0,883959577.0,Veteran Patriot Support Veterans Healthcare Usa,3.0,79.59336,,,manual,,
Patriotic Veterans,4.0,921411042.0,Veterans & Patriots United,3.0,75.03319,VETERANS & PATRIOTS UNITED,veterans patriots united,auto,0.0,Not included in top 3 results.
Patriotic Veterans,4.0,334311389.0,Patriot Veteran Alliance,3.0,70.4521,,,auto,0.0,Not included in top 3 results.
Patriotic Veterans,4.0,834095185.0,Patriots And Veterans Association,3.0,70.11481,,,auto,0.0,Not included in top 3 results.
Patriotic Veterans,4.0,263776016.0,Patriots For Veterans Inc,3.0,70.11481,PATRIOTS FOR VETERANS INC,patriots veterans,auto,0.0,Not included in top 3 results.
Patriotic Veterans,4.0,873400865.0,Veterans And Patriots Association,3.0,70.11481,,,auto,0.0,Not included in top 3 results.
Patriotic Veterans,4.0,334773218.0,Patriots Serving Veterans,3.0,70.011375,,,auto,0.0,Not included in top 3 results.
Patriotic Veterans,4.0,464016880.0,Patriot American Veterans Inc,3.0,68.234146,,,auto,0.0,Not included in top 3 results.
Patriotic Veterans,4.0,933144573.0,Patriot Brothers 4 Veterans,3.0,68.234146,,,auto,0.0,Not included in top 3 results.
Patriotic Veterans,4.0,474939686.0,Veterans Patriot Action Conference,19.0,68.234146,,,auto,0.0,Not included in top 3 results.
Patriotic Veterans,4.0,474535477.0,Us Veterans And Patriots Inc,3.0,66.826706,,,auto,0.0,Not included in top 3 results.
Patriotic Veterans,4.0,273628041.0,Usa Patriots Veteran Athletics,3.0,65.74039,USA PATRIOTS VETERAN ATHLETICS,usa patriots veteran athletics,auto,0.0,Not included in top 3 results.
Patriotic Veterans,4.0,832220934.0,Veteran Patriots Foundation Inc,3.0,65.74039,,,auto,0.0,Not included in top 3 results.
Patriotic Veterans,4.0,262234317.0,Kiski Valley Veterans & Patriots Association,3.0,64.117355,Kiski Valley Veterans & Patriots Association,kiski valley veterans patriots association,auto,0.0,Not included in top 3 results.
Patriotic Veterans,4.0,841928352.0,Grove City Veterans And Patriots,3.0,64.117355,,,auto,0.0,Not included in top 3 results.
Patriotic Veterans,4.0,900955460.0,Patriots Salute To Veterans Association,19.0,64.117355,,,auto,0.0,Not included in top 3 results.
Patriotic Veterans,4.0,813884918.0,Veterans And Patriots Citadel Inc,3.0,64.117355,,,auto,0.0,Not included in top 3 results.
Patriotic Veterans,4.0,832158479.0,Veterans And Patriots Performance Group,3.0,64.117355,,,auto,0.0,Not included in top 3 results.
Patriotic Veterans,4.0,813866440.0,Lake Wateree Patriots For Veterans,19.0,64.117355,,,auto,0.0,Not included in top 3 results.
Patriotic Veterans,4.0,821021064.0,Patriot Village Veteran Housing,3.0,63.85973,,,auto,0.0,Not included in top 3 results.
Patriotic Veterans,4.0,934814427.0,Patriot Veterans Coffee House Inc,3.0,62.397583,,,auto,0.0,Not included in top 3 results.
Patriotic Veterans,4.0,465021606.0,New Patriots Veteran Outreach Center,3.0,60.117058,NEW PATRIOTS VETERAN OUTREACH CENTER,new patriots veteran outreach center,auto,0.0,Not included in top 3 results.
Patriotic Veterans,4.0,844422342.0,Veterans And Patriots Animal Coalition Inc,3.0,59.066345,VETERANS AND PATRIOTS ANIMAL COALITION INC,veterans patriots animal coalition,auto,0.0,Not included in top 3 results.
Engage Miami,4.0,474435189.0,Engage Miami Inc,4.0,111.19409,ENGAGE MIAMI INC,engage miami,manual,,
Engage Miami,4.0,811019007.0,Hearts Of Miami Engaged,3.0,91.554855,,,manual,,
All in for Utah,4.0,922235061.0,All In For Utah,4.0,127.053055,All In For Utah,all in utah,manual,,
All in for Utah,4.0,394729717.0,All In For Utah Foundation,3.0,116.18485,,,manual,,
UnidosUS Action Fund,4.0,455341145.0,Unidosus Action Fund Inc,4.0,118.03195,UNIDOSUS ACTION FUND INC,unidosus action fund,manual,,
Center for US Voters Abroad,4.0,,,,,,,auto,0.0,Not found in ProPublica's NonProfit Explorer search method.
Fight Corporate Monopolies,4.0,825097446.0,Fight Corporate Monopolies,4.0,210.97464,FIGHT CORPORATE MONOPOLIES,fight corporate monopolies,manual,,
US Chamber of Commerce,6.0,461561597.0,Us Chamber Of Commerce Foundation,3.0,103.624115,US Chamber of Commerce Foundation,us chamber commerce foundation,manual,,
US Chamber of Commerce,6.0,223101502.0,Us Angola Chamber Of Commerce,6.0,103.624115,UNITED STATES ANGOLA CHAMBER OF COMMERCE,united states angola chamber commerce,manual,,
US Chamber of Commerce,6.0,465707649.0,Us Ghana Chamber Of Commerce,6.0,103.624115,US GHANA CHAMBER OF COMMERCE,us ghana chamber commerce,manual,,
US Chamber of Commerce,6.0,271322785.0,Alhambra Us Chamber Of Commerce,,103.624115,,,auto,0.0,Not included in top 3 results.
US Chamber of Commerce,6.0,471661539.0,Us Hangzhou Chamber Of Commerce,3.0,103.624115,US Hangzhou Chamber of Commerce,us hangzhou chamber commerce,auto,0.0,Not included in top 3 results.
US Chamber of Commerce,6.0,300921926.0,Us India Chamber Of Commerce,6.0,103.624115,US INDIA CHAMBER OF COMMERCE,us india chamber commerce,auto,0.0,Not included in top 3 results.
US Chamber of Commerce,6.0,472934727.0,Us Africa Chamber Of Commerce,6.0,103.624115,,,auto,0.0,Not included in top 3 results.
US Chamber of Commerce,6.0,815152457.0,Us China Chamber Of Commerce,6.0,103.624115,,,auto,0.0,Not included in top 3 results.
US Chamber of Commerce,6.0,993510204.0,Us Fiji Chamber Of Commerce,6.0,103.624115,,,auto,0.0,Not included in top 3 results.
US Chamber of Commerce,6.0,472994533.0,Us Sichuan Chamber Of Commerce,3.0,103.624115,,,auto,0.0,Not included in top 3 results.
US Chamber of Commerce,6.0,454824316.0,Us-india Chamber Of Commerce,6.0,103.624115,,,auto,0.0,Not included in top 3 results.
US Chamber of Commerce,6.0,472496918.0,Us-jeddah Chamber Of Commerce,6.0,103.624115,,,auto,0.0,Not included in top 3 results.
US Chamber of Commerce,6.0,922499371.0,Us Afghan Chamber Of Commerce,6.0,103.624115,,,auto,0.0,Not included in top 3 results.
US Chamber of Commerce,6.0,270196509.0,The Us Africa Chamber Of Commerce Us Acc,6.0,96.16687,,,auto,0.0,Not included in top 3 results.
US Chamber of Commerce,6.0,800483124.0,Us Black Chamber Of Commerce Inc,6.0,95.4533,US Black Chambers Inc,us black chambers,auto,0.0,Not included in top 3 results.
US Chamber of Commerce,6.0,880944225.0,Us Zhongshan General Chamber Of Commerce,3.0,95.4533,US ZHONGSHAN GENERAL CHAMBER OF,us zhongshan general chamber,auto,0.0,Not included in top 3 results.
US Chamber of Commerce,6.0,131571395.0,Us Austrian Chamber Of Commerce Inc,6.0,95.4533,US AUSTRIAN CHAMBER OF COMMERCE INC,us austrian chamber commerce,auto,0.0,Not included in top 3 results.
US Chamber of Commerce,6.0,200848187.0,Indian-us Chamber Of Commerce Incorporated,6.0,95.4533,,,auto,0.0,Not included in top 3 results.
US Chamber of Commerce,6.0,465439222.0,Midwest Us China Chamber Of Commerce,6.0,95.4533,,,auto,0.0,Not included in top 3 results.
US Chamber of Commerce,6.0,201158897.0,National Us India Chamber Of Commerce,6.0,95.4533,,,auto,0.0,Not included in top 3 results.
US Chamber of Commerce,6.0,364690040.0,Us Chinese General Chamber Of Commerce,6.0,95.4533,US CHINESE GENERAL CHAMBER OF COMMERCE,us chinese general chamber commerce,auto,0.0,Not included in top 3 results.
US Chamber of Commerce,6.0,883942701.0,Us Chuan-yu Chamber Of Commerce,3.0,95.4533,,,auto,0.0,Not included in top 3 results.
US Chamber of Commerce,6.0,922852447.0,Us Fujian General Chamber Of Commerce,3.0,95.4533,,,auto,0.0,Not included in top 3 results.
US Chamber of Commerce,6.0,264243557.0,Us Latino American Chamber Of Commerce,6.0,95.4533,,,auto,0.0,Not included in top 3 results.
US Chamber of Commerce,6.0,813069220.0,Us Shanxi General Chamber Of Commerce,3.0,95.4533,,,auto,0.0,Not included in top 3 results.
We Vote We Win,4.0,471746234.0,We Vote We Win Inc,4.0,204.05771,We Vote We Win,we vote we win,manual,,
Opportunity for All Action Fund,4.0,872367015.0,Opportunity For All Action Fund,4.0,153.97147,OPPORTUNITY FOR ALL ACTION FUND,opportunity all action fund,manual,,
Humane Society Legislative Fund,4.0,,,,,,,auto,0.0,Not found in ProPublica's NonProfit Explorer search method.
Momsrising Together,4.0,204448446.0,Momsrising Together,4.0,160.98486,MOMSRISING TOGETHER,momsrising together,manual,,
Climate Reality Action Fund,4.0,680666110.0,Climate Reality Action Fund,4.0,170.5812,CLIMATE REALITY ACTION FUND,climate reality action fund,manual,,
New Georgia Project Action Fund,4.0,820934131.0,New Georgia Project Action Fund,4.0,143.78613,NEW GEORGIA PROJECT ACTION FUND,new georgia project action fund,manual,,
Together Moving Mountains New Mexico,4.0,,,,,,,auto,0.0,Not found in ProPublica's NonProfit Explorer search method.
Third Way,4.0,201734070.0,Third Way,4.0,112.191895,THIRD WAY,third way,manual,,
Third Way,4.0,260535276.0,Third Way Institute,3.0,100.60556,THIRD WAY INSTITUTE,third way institute,manual,,
Third Way,4.0,852018284.0,Third Way Community,3.0,100.60556,THIRD WAY COMMUNITY,third way community,manual,,
Third Way,4.0,840599572.0,Third Way Center Inc,3.0,91.19232,THIRD WAY CENTER INC,third way center,auto,0.0,Not included in top 3 results.
Third Way,4.0,521629221.0,The Third Way Foundation Inc,3.0,83.39241,The Third Way Foundation Inc,third way foundation,auto,0.0,Not included in top 3 results.
Third Way,4.0,923044074.0,Third Way Cultural Alliance Inc,3.0,83.39241,THIRD WAY CULTURAL ALLIANCE INC,third way cultural alliance,auto,0.0,Not included in top 3 results.
Third Way,4.0,992064982.0,Better Together - A Third Way,3.0,83.39241,,,auto,0.0,Not included in top 3 results.
Third Way,4.0,813083667.0,Americans For The Israeli Third Way Inc,3.0,71.21468,AMERICANS FOR THE ISRAELI THIRD WAYINC,americans israeli third wayinc,auto,0.0,Not included in top 3 results.
Third Way,4.0,820722519.0,Third Day Church Of Nevada Inc,3.0,23.189722,,,auto,0.0,Not included in top 3 results.
WorkMoney,4.0,850604101.0,Workmoney Inc,4.0,108.634544,WORKMONEY INC,workmoney,manual,,
WorkMoney,4.0,881168529.0,Workmoney Foundation Inc,3.0,97.417465,WORKMONEY FOUNDATION INC,workmoney foundation,manual,,
Power To The Polls Wisconsin,4.0,,,,,,,auto,0.0,Not found in ProPublica's NonProfit Explorer search method.
Freedom's Future Fund,4.0,874598460.0,Freedom's Future Fund Inc,4.0,105.13736,FREEDOM'S FUTURE FUND INC,freedom s future fund,manual,,
Planned Parenthood/Wisconsin,4.0,390863391.0,Planned Parenthood Of Wisconsn Inc,3.0,137.25545,PLANNED PARENTHOOD OF WISCONSIN INC,planned parenthood wisconsin,manual,,
Planned Parenthood/Wisconsin,4.0,391678012.0,Planned Parenthood Advocates Of Wisconsin Inc,4.0,130.57047,PLANNED PARENTHOOD ADVOCATES OF,planned parenthood advocates,manual,,
Pennsylvania United,4.0,823674888.0,Pennsylvania United,4.0,81.657555,Pennsylvania United,pennsylvania united,manual,,
Pennsylvania United,4.0,231672348.0,United Way Of Pennsylvania,3.0,66.37143,UNITED WAY OF PENNSYLVANIA,united way pennsylvania,manual,,
Pennsylvania United,4.0,232999185.0,Pennsylvania United Medical Association,3.0,66.37143,PENNSYLVANIA UNITED MEDICAL,pennsylvania united medical,manual,,
Pennsylvania United,4.0,232375634.0,United Bowhunters Of Pennsylvania,4.0,66.37143,United Bowhunters of PA,united bowhunters pa,auto,0.0,Not included in top 3 results.
Pennsylvania United,4.0,201828163.0,Pennsylvania United Cricket Association,3.0,66.37143,,,auto,0.0,Not included in top 3 results.
Pennsylvania United,4.0,833740638.0,Pennsylvania United Chinese Coalition Inc,3.0,60.693882,Pennsylvania United Chinese Coalition Inc,pennsylvania united chinese coalition,auto,0.0,Not included in top 3 results.
Pennsylvania United,4.0,231409712.0,United Cerebral Palsy Of Pennsylvania,3.0,60.693882,UNITED CEREBRAL PALSY OF PENNSYLVANIA,united cerebral palsy pennsylvania,auto,0.0,Not included in top 3 results.
Pennsylvania United,4.0,251896304.0,Building United Of Southwestern Pennsylvania,3.0,60.693882,Building United of Southwestern PA,building united southwestern pa,auto,0.0,Not included in top 3 results.
Pennsylvania United,4.0,231734981.0,Church Women United In Pennsylvania,3.0,60.693882,,,auto,0.0,Not included in top 3 results.
Pennsylvania United,4.0,271142176.0,United Muslims Association Of Pennsylvania,3.0,60.693882,,,auto,0.0,Not included in top 3 results.
Pennsylvania United,4.0,871538522.0,Caribbean United Organization Of Pennsylvania,3.0,60.693882,,,auto,0.0,Not included in top 3 results.
Pennsylvania United,4.0,237156758.0,United Methodist Foundation Of Pennsylvania,3.0,60.693882,,,auto,0.0,Not included in top 3 results.
Pennsylvania United,4.0,261982599.0,Unified Sportsmen Of Pennsylvania,4.0,57.62861,UNIFIED SPORTSMEN OF PENNSYLVANIA,unified sportsmen pennsylvania,auto,0.0,Not included in top 3 results.
Pennsylvania United,4.0,651241811.0,United Way Of Southeastern Pennsylvania,3.0,56.61631,,,auto,0.0,Not included in top 3 results.
Pennsylvania United,4.0,251043578.0,The United Way Of Southwestern Pennsylvania,3.0,55.912323,THE UNITED WAY OF SOUTHWESTERN,united way southwestern,auto,0.0,Not included in top 3 results.
Pennsylvania United,4.0,240795389.0,United Neighborhood Centers Of Northeastern Pennsylvania,3.0,55.912323,UNITED NEIGHBORHOOD CENTERS OF,united neighborhood centers,auto,0.0,Not included in top 3 results.
Pennsylvania United,4.0,205094597.0,United Cerebral Palsy Foundation Central Pennsylvania,3.0,55.912323,UNITED CEREBRAL PALSY FOUNDATION OF,united cerebral palsy foundation,auto,0.0,Not included in top 3 results.
Pennsylvania United,4.0,730708546.0,Ok Pennsylvania Ave United Methodist Church,3.0,55.912323,,,auto,0.0,Not included in top 3 results.
Pennsylvania United,4.0,231433882.0,United Cerebral Palsy Of Cental Pennsylvania Inc,3.0,51.829952,UNITED CEREBRAL PALSY OF,united cerebral palsy,auto,0.0,Not included in top 3 results.
Pennsylvania United,4.0,236684378.0,United Way Endowment Fund Of Carlisle Pennsylvania,3.0,51.829952,UNITED WAY ENDOWMENT FUND,united way endowment fund,auto,0.0,Not included in top 3 results.
Pennsylvania United,4.0,232698346.0,Eastern Pennsylvania-peninsula United Methodist Foundation Inc,3.0,51.829952,,,auto,0.0,Not included in top 3 results.
Pennsylvania United,4.0,251391617.0,United Campus Ministry Board Of Shippensburg Pennsylvania,3.0,51.829952,,,auto,0.0,Not included in top 3 results.
Pennsylvania United,4.0,251182985.0,United Ministry At The Pennsylvania State University,3.0,51.829952,,,auto,0.0,Not included in top 3 results.
Pennsylvania United,4.0,842321964.0,Pennsylvanians United To Protect Children Inc,4.0,50.276268,,,auto,0.0,Not included in top 3 results.
Pennsylvania United,4.0,455173083.0,United Cerebral Palsy Service Management Of Central Pennsylvania,3.0,48.303715,UNITED CEREBRAL PALSY SERVICE,united cerebral palsy service,auto,0.0,Not included in top 3 results.
NRA Institute for Legislative Action,4.0,,,,,,,auto,0.0,Not found in ProPublica's NonProfit Explorer search method.
Communities for a New California,4.0,272348747.0,Communities For A New California,4.0,135.00038,Communities for A New California,communities new california,manual,,
Communities for a New California,4.0,451636468.0,Communities For A New California Education Fund,3.0,115.28415,Communities For A New California Education Fund,communities new california education fund,manual,,
New Democracy,4.0,820957528.0,New Democracy,4.0,96.492004,NEW DEMOCRACY,new democracy,manual,,
New Democracy,4.0,461982375.0,New Nigerian Democracy,3.0,86.52676,,,manual,,
New Democracy,4.0,330478428.0,New Vietnamese Democracy,3.0,86.52676,THE NEW VIETNAMESE DEMOCRACY,new vietnamese democracy,manual,,
New Democracy,4.0,844003182.0,New Hampshire Democracy Fund,3.0,78.43062,New Hampshire Democracy Fund,new hampshire democracy fund,auto,0.0,Not included in top 3 results.
New Democracy,4.0,874049576.0,Democracy News Foundation,3.0,77.07361,THE DEMOCRACY NEWS FOUNDATION,democracy news foundation,auto,0.0,Not included in top 3 results.
New Democracy,4.0,822983459.0,Democracy Watch News,3.0,77.07361,,,auto,0.0,Not included in top 3 results.
New Democracy,4.0,61581474.0,Democracy Prep New York Charter Schools,3.0,66.072174,,,auto,0.0,Not included in top 3 results.
New Democracy,4.0,473450386.0,Sierra Leone Foundation For New Democracy,3.0,66.072174,,,auto,0.0,Not included in top 3 results.
New Democracy,4.0,920963305.0,New Jersey Coalition For Democracy Reform Inc,3.0,61.24836,,,auto,0.0,Not included in top 3 results.
New Democracy,4.0,813760806.0,New Democrats Public Policy Coalition,4.0,61.00734,California New Deal Democrats,california new deal democrats,auto,0.0,Not included in top 3 results.
New Democracy,4.0,811590001.0,Kevin Charles Peterson,3.0,22.909721,,,auto,0.0,Not included in top 3 results.
Living United for Change in Arizona,4.0,271398645.0,Living United For Change In Arizona,4.0,157.93542,LIVING UNITED FOR CHANGE IN ARIZONA,living united change in arizona,manual,,
Be Counted,4.0,471645393.0,Be Counted Inc,4.0,74.48624,BE COUNTED INC,be counted,manual,,
Be Counted,4.0,844268454.0,Be Counted Foundation,3.0,74.48624,,,manual,,
Be Counted,4.0,912146692.0,Be Counted For Inc,3.0,67.51419,BE COUNTED FOR INC,be counted,manual,,
Be Counted,4.0,993767686.0,Be Well Waupaca County,3.0,59.80603,,,auto,0.0,Not included in top 3 results.
Be Counted,4.0,880557046.0,Stand Up And Be Counted Inc,3.0,56.872635,,,auto,0.0,Not included in top 3 results.
Be Counted,4.0,263004497.0,American Federation Of State County & Municipal Employees,5.0,10.352213,,,auto,0.0,Not included in top 3 results.
Make the Road Action,4.0,271408443.0,Make The Road Action Fund Inc,4.0,122.787674,MAKE THE ROAD ACTION INC,make road action,manual,,
National Assn of Convenience Stores,6.0,,,,,,,auto,0.0,Not found in ProPublica's NonProfit Explorer search method.
Citizens for Responsible Energy Solutions,4.0,460558330.0,Citizens For Responsible Energy Solutions Inc,4.0,169.71233,CITIZENS FOR RESPONSIBLE ENERGY,citizens responsible energy,manual,,
Citizens for Responsible Energy Solutions,4.0,472999520.0,Citizens For Responsible Energy Solutions Forum,3.0,162.0202,CITIZENS FOR RESPONSIBLE ENERGY,citizens responsible energy,manual,,
American Academy of Ophthalmology,6.0,411336784.0,American Academy Of Ophthalmology Inc,6.0,119.210915,AMERICAN ACADEMY OF OPHTHALMOLOGY INC,american academy ophthalmology,manual,,
American Academy of Ophthalmology,6.0,942682387.0,Foundation Of The American Academy Of Ophthalmology,3.0,105.666374,THE FOUNDATION OF THE AMERICAN ACADEMY,foundation american academy,manual,,
American Academy of Ophthalmology,6.0,411865087.0,The Foundation Of The American Academy Of Ophthalmology,3.0,98.69627,AMERICAN ACADEMY OF OPHTHALMOLOGY,american academy ophthalmology,manual,,
The IMPACT Fund,,810871670.0,After The Impact Fund Inc,3.0,76.882034,AFTER THE IMPACT FUND INC,after impact fund,manual,,
The IMPACT Fund,,581697505.0,The Raleigh Jaycees Community Impact Fund Inc,3.0,65.64791,,,manual,,
The IMPACT Fund,,823624111.0,Fund For Social Impact And Civic Engagement The Historic Camp,3.0,53.849895,,,manual,,
The IMPACT Fund,,542099272.0,Nica Impact,3.0,26.606236,Nica Impact,nica impact,auto,0.0,Not included in top 3 results.
Feminist Majority,4.0,541426441.0,Feminist Majority,4.0,168.67758,FEMINIST MAJORITY,feminist majority,manual,,
Feminist Majority,4.0,541426440.0,Feminist Majority Foundation,3.0,151.26035,FEMINIST MAJORITY FOUNDATION,feminist majority foundation,manual,,
Governing Majority Education Fund,4.0,850549304.0,Governing Majority Education Fund,4.0,191.14018,GOVERNING MAJORITY EDUCATION FUND,governing majority education fund,manual,,
J Street,4.0,261507828.0,J Street,4.0,93.920334,J STREET,j street,manual,,
J Street,4.0,204561025.0,J Street Cup Inc,3.0,76.31556,J STREET CUP,j street cup,manual,,
J Street,4.0,202777557.0,J Street Education Fund Inc,3.0,69.77959,J STREET EDUCATION FUND INC,j street education fund,manual,,
J Street,4.0,141916129.0,Main Street Burlington N J,3.0,69.77959,MAIN STREET BURLINGTON NJ,main street burlington nj,auto,0.0,Not included in top 3 results.
J Street,4.0,260682440.0,Susan J Streeter Scholarship Fund,3.0,57.829887,,,auto,0.0,Not included in top 3 results.
J Street,4.0,455441135.0,Memphis Street Academy Charter School At J P Jones,3.0,51.98181,Memphis Street Academy Charter School,memphis street academy charter school,auto,0.0,Not included in top 3 results.
J Street,4.0,946074476.0,Alfred J Strei Trust U W,3.0,51.06704,ALFRED J STREI TRUST,alfred j strei trust,auto,0.0,Not included in top 3 results.
J Street,4.0,415359231.0,West Street J T Barber High School Alumni Association Inc,3.0,48.86697,,,auto,0.0,Not included in top 3 results.
J Street,4.0,223526089.0,J William And Kathleen M Strott Family Foundation Inc,3.0,43.078903,STROTT FAMILY FDN-DIMA,strott family fdn dima,auto,0.0,Not included in top 3 results.
J Street,4.0,223550693.0,Sunrise Field And Stream Club Of Metuchen N J,7.0,43.078903,,,auto,0.0,Not included in top 3 results.
J Street,4.0,610734695.0,Fifth Street Highrise Inc,3.0,19.06405,FIFTH STREET HIGHRISE INC,fifth street highrise,auto,0.0,Not included in top 3 results.
J Street,4.0,454895207.0,1026 East Center Street Llc,3.0,17.899277,1026 EAST CENTER STREET LLC,1026 east center street,auto,0.0,Not included in top 3 results.
J Street,4.0,137425331.0,King Street Charitable Tr,3.0,16.868637,The King Street Charitable Trust,king street charitable trust,auto,0.0,Not included in top 3 results.
J Street,4.0,813646338.0,Bright Beginnings On Market Street Llc,3.0,16.868637,BRIGHT BEGINNINGS ON MARKET ST LLC,bright beginnings on market st,auto,0.0,Not included in top 3 results.
J Street,4.0,481234071.0,J I T A Inc,3.0,15.126656,,,auto,0.0,Not included in top 3 results.
Republican Hindu Coalition,4.0,475545490.0,Republican Hindu Coalition,4.0,160.23201,REPUBLICAN HINDU COALITION,republican hindu coalition,manual,,
CARE Action Now,4.0,261728410.0,Care Action Now Incorporated,4.0,114.86415,CARE ACTION NOW INCORPORATED,care action now,manual,,
Cafe Accion,4.0,852340038.0,Cafe Accion,4.0,141.59457,Cafe Accion,cafe accion,manual,,
Cafe Accion,4.0,273310051.0,Nm Comunidades En Accion Y De Fe,3.0,27.464756,NM Comunidades En Accion Y De Fe,nm comunidades en accion y de fe,manual,,
Greenpeace,4.0,521541501.0,Greenpeace Inc,4.0,89.351456,GREENPEACE INC,greenpeace,manual,,
Greenpeace,4.0,990175939.0,Greenpeace Foundation,3.0,89.351456,GREENPEACE FOUNDATION,greenpeace foundation,manual,,
Greenpeace,4.0,874205390.0,Greenteach,3.0,80.78969,,,manual,,
Greenpeace,4.0,842167884.0,Greenpeach Foundation,3.0,80.416306,,,auto,0.0,Not included in top 3 results.
Greenpeace,4.0,953313195.0,Greenpeace Fund Inc,3.0,80.12546,GREENPEACE FUND INC,greenpeace fund,auto,0.0,Not included in top 3 results.
Greenpeace,4.0,203398696.0,Greenspace Dallas,3.0,71.48116,Greenspace Dallas,greenspace dallas,auto,0.0,Not included in top 3 results.
Greenpeace,4.0,237419940.0,Greenspace Inc,3.0,71.48116,GREENSPACE INC,greenspace,auto,0.0,Not included in top 3 results.
Greenpeace,4.0,851747011.0,Greenpeas Inc,3.0,69.495575,,,auto,0.0,Not included in top 3 results.
Greenpeace,4.0,522141752.0,Greenspace Ncr Inc,3.0,64.10037,,,auto,0.0,Not included in top 3 results.
Greenpeace,4.0,993807259.0,Coastal Greenspace Guardians,3.0,64.10037,,,auto,0.0,Not included in top 3 results.
Greenpeace,4.0,883829374.0,Concord Greenspace Coalition,3.0,64.10037,,,auto,0.0,Not included in top 3 results.
Greenpeace,4.0,311374344.0,Northside Greenspace Incorporated,3.0,64.10037,,,auto,0.0,Not included in top 3 results.
Greenpeace,4.0,882432768.0,Mason Brook Greenspace,3.0,64.10037,,,auto,0.0,Not included in top 3 results.
Greenpeace,4.0,822980233.0,Memphis Greenspace Inc,3.0,64.10037,,,auto,0.0,Not included in top 3 results.
Greenpeace,4.0,392093692.0,Public Greenspace Initiative,3.0,64.10037,,,auto,0.0,Not included in top 3 results.
Greenpeace,4.0,932958062.0,Temple Greenspace Project,3.0,64.10037,,,auto,0.0,Not included in top 3 results.
Greenpeace,4.0,43021928.0,Brookline Greenspace Alliance Inc,3.0,58.10369,,,auto,0.0,Not included in top 3 results.
Greenpeace,4.0,844605021.0,Colonial Beach Greenspace Inc,3.0,58.10369,,,auto,0.0,Not included in top 3 results.
Greenpeace,4.0,993693759.0,Greenspace Water Alliance Inc,3.0,58.10369,,,auto,0.0,Not included in top 3 results.
Greenpeace,4.0,883259575.0,Hidden Hills Greenspace Inc,3.0,58.10369,,,auto,0.0,Not included in top 3 results.
Greenpeace,4.0,260723484.0,Niagara Greenspace Consortium Inc,3.0,58.10369,,,auto,0.0,Not included in top 3 results.
Greenpeace,4.0,203566361.0,Manlius Greenspace Coalition,3.0,56.940975,,,auto,0.0,Not included in top 3 results.
Greenpeace,4.0,760685448.0,Willow Waterhole Greenspace Conservancy Inc,3.0,53.134632,Willow Waterhole Greenspace Conservancy,willow waterhole greenspace conservancy,auto,0.0,Not included in top 3 results.
Greenpeace,4.0,770219622.0,Greenspace The Cambria Land Trust,3.0,53.134632,GREENSPACE - THE CAMBRIA LAND TRUST,greenspace cambria land trust,auto,0.0,Not included in top 3 results.
Greenpeace,4.0,412890217.0,Francisville Garden And Greenspace Collective,3.0,53.134632,,,auto,0.0,Not included in top 3 results.
Pennsylvania Stands Up,4.0,832880678.0,Pennsylvania Stands Up Inc,4.0,132.76868,PENNSYLVANIA STANDS UP INC,pennsylvania stands up,manual,,
Pennsylvania Stands Up,4.0,854055323.0,Pennsylvania Stands Up Institute,3.0,132.76868,PENNSYLVANIA STANDS UP INSTITUTE,pennsylvania stands up institute,manual,,
Turning Point Action,4.0,464331510.0,Turning Point Action Inc,4.0,133.27144,TURNING POINT ACTION INC,turning point action,manual,,
Fuse Washington,4.0,260573960.0,Fuse Washington,4.0,131.80774,Fuse Washington,fuse washington,manual,,
The People's Lobby,4.0,461465650.0,The People's Lobby,4.0,137.99554,THE PEOPLE'S LOBBY,people s lobby,manual,,
The People's Lobby,4.0,452550750.0,The Peoples Lobby Education Institute,3.0,109.33966,THE PEOPLE'S LOBBY EDUCATION INSTITUTE,people s lobby education institute,manual,,
Friends of the Earth Action,4.0,132644641.0,Friends Of The Earth-action-inc,4.0,117.990295,FRIENDS OF THE EARTH (ACTION) INC,friends earth action,manual,,
NARAL Pro-Choice America,4.0,,,,,,,auto,0.0,Not found in ProPublica's NonProfit Explorer search method.
Students for Life Action,4.0,833084374.0,Students For Life Action Inc,4.0,113.8238,Students for Life Action Inc,students life action,manual,,
Citizen Action of Wisconsin,4.0,391424314.0,Citizen Action Of Wisconsin Inc,4.0,115.040436,CITIZEN ACTION OF WISCONSIN INC,citizen action wisconsin,manual,,
Citizen Action of Wisconsin,4.0,391520619.0,Citizen Action Of Wisconsin Education Fund Inc,3.0,98.24063,CITIZEN ACTION OF WISCONSIN EDUCATION,citizen action wisconsin education,manual,,
Somos Accion,4.0,831487234.0,Somos Accion,4.0,153.37546,SOMOS ACCION,somos accion,manual,,
Story Network Foundation,4.0,842907396.0,Story Network Foundation,4.0,108.80661,Story Network Foundation,story network foundation,manual,,
Citizen Action of New York,4.0,112644562.0,Citizen Action Of New York Inc,4.0,124.30945,CITIZEN ACTION OF NEW YORK INC,citizen action new york,manual,,
Emerging Voters Inc,4.0,883084482.0,Emerging Voters Inc,4.0,127.42822,EMERGING VOTERS INC,emerging voters,manual,,
Dolores Huerta Action Fund,4.0,462478028.0,Dolores Huerta Action Fund,4.0,203.38507,Dolores Huerta Action Fund,dolores huerta action fund,manual,,
Poder North Carolina Action,4.0,,,,,,,auto,0.0,Not found in ProPublica's NonProfit Explorer search method.
Charter Schools Action Fund,4.0,472045681.0,Charter Schools Action Fund,4.0,115.91031,CHARTER SCHOOLS ACTION FUND,charter schools action fund,manual,,
Charter Schools Action Fund,4.0,851317117.0,Nj Public Charter Schools Action Fund Inc,4.0,90.475006,NJ PUBLIC CHARTER SCHOOLS ACTION FUND,nj public charter schools action fund,manual,,
People For The American Way,4.0,521366721.0,People For The American Way,4.0,127.17383,PEOPLE FOR THE AMERICAN WAY,people american way,manual,,
People For The American Way,4.0,133065716.0,People For The American Way Foundation,3.0,117.15637,PEOPLE FOR THE AMERICAN WAY FOUNDATION,people american way foundation,manual,,
Center For Racial & Gender Equity,4.0,851607584.0,Center For Racial Equity & Justice,3.0,84.285706,Center for Racial Equity & Justice,center racial equity justice,manual,,
Center For Racial & Gender Equity,4.0,383377607.0,Bridge Center For Racial Harmony,3.0,84.285706,,,manual,,
Center For Racial & Gender Equity,4.0,851474920.0,Center For Racial Health Equity,3.0,84.285706,,,manual,,
Center For Racial & Gender Equity,4.0,371309402.0,The Center For Racial Harmony,3.0,84.285706,,,auto,0.0,Not included in top 3 results.
Center For Racial & Gender Equity,4.0,454461270.0,Workers Center For Racial Justice Nfp,3.0,77.641594,Workers Center For Racial Just,workers center racial just,auto,0.0,Not included in top 3 results.
Center For Racial & Gender Equity,4.0,474634727.0,Center For Racial And Gender Equity,4.0,77.641594,,,auto,0.0,Not included in top 3 results.
Center For Racial & Gender Equity,4.0,932182446.0,Absalom Jones Center For Racial Healing,3.0,77.641594,,,auto,0.0,Not included in top 3 results.
Center For Racial & Gender Equity,4.0,842100138.0,Center For Racial Equity In Education,3.0,75.76438,CENTER FOR RACIAL EQUITY IN EDUCATION,center racial equity in education,auto,0.0,Not included in top 3 results.
Center For Racial & Gender Equity,4.0,454461853.0,Center For Racial And Gender Equity Nfp,4.0,71.969574,Center For Racial and Gender E,center racial gender e,auto,0.0,Not included in top 3 results.
Center For Racial & Gender Equity,4.0,331167415.0,New Orleans Workers Center For Racial Justice,3.0,71.969574,New Orleans Workers Ctr For Racial Justice,new orleans workers ctr racial justice,auto,0.0,Not included in top 3 results.
Center For Racial & Gender Equity,4.0,853202930.0,The Miami Center For Racial Justice Inc,3.0,71.969574,THE MIAMI CENTER FOR RACIAL JUSTICE INC,miami center racial justice,auto,0.0,Not included in top 3 results.
Center For Racial & Gender Equity,4.0,262671377.0,Center For Racial Justice In Education Inc,3.0,71.969574,CENTER FOR RACIAL JUSTICE IN EDUCATION,center racial justice in education,auto,0.0,Not included in top 3 results.
Center For Racial & Gender Equity,4.0,381897137.0,Inter-faith Center For Racial Justice Inc,3.0,71.969574,INTER-FAITH CENTER FOR RACIAL JUSTICE INC,inter faith center racial justice,auto,0.0,Not included in top 3 results.
Center For Racial & Gender Equity,4.0,854363239.0,Lace On Race Center For Racial Equity,3.0,67.63502,Lace on Race Center for Racial Equity,lace on race center racial equity,auto,0.0,Not included in top 3 results.
Center For Racial & Gender Equity,4.0,861314913.0,Christlike Agro-tourism For Racial Equality Wellness Center &services,3.0,62.796738,,,auto,0.0,Not included in top 3 results.
Center For Racial & Gender Equity,4.0,920715904.0,Athens Clarke County Center For Racial Justice And Black Futures I,3.0,55.699295,ATHENS CLARKE COUNTY CENTER FOR RACIAL,athens clarke county center racial,auto,0.0,Not included in top 3 results.
Center For Racial & Gender Equity,4.0,393845105.0,Center For Understanding Slavery An D Racism Inc,3.0,55.288383,,,auto,0.0,Not included in top 3 results.
Center For Racial & Gender Equity,4.0,760314445.0,Center For The Healing Of Racism Aka Institute For The Healing Of,3.0,51.040154,Center for the Healing of Racism,center healing racism,auto,0.0,Not included in top 3 results.
Texas Justice Fund,4.0,262818537.0,Texas Justice Fund,4.0,108.92461,TEXAS JUSTICE FUND,texas justice fund,manual,,
Texas Justice Fund,4.0,611792554.0,Texas Justice And Education Fund,3.0,90.27318,TEXAS JUSTICE AND EDUCATION FUND,texas justice education fund,manual,,
Commonwealth Communications,4.0,844535961.0,Commonwealth Communications,4.0,129.45724,COMMONWEALTH COMMUNICATIONS,commonwealth communications,manual,,
Commonwealth Communications,4.0,911799610.0,Communication Workers Of America,5.0,22.800762,,,manual,,
Big Tent Project Fund,4.0,844700775.0,Big Tent Project Fund,4.0,152.25172,BIG TENT PROJECT FUND,big tent project fund,manual,,
Majority Forward,4.0,833690373.0,Majority Forward,4.0,137.36246,MAJORITY FORWARD,majority forward,manual,,
Majority Forward,4.0,474368320.0,Majority Forward,4.0,137.36246,MAJORITY FORWARD,majority forward,manual,,
Majority Forward,4.0,834185105.0,House Majority Forward,4.0,123.17875,HOUSE MAJORITY FORWARD,house majority forward,manual,,
Majority Forward,4.0,334299505.0,Majority Forward Foundation Inc,4.0,111.65496,,,auto,0.0,Not included in top 3 results.
Demand Justice,4.0,863689961.0,Demand Justice,4.0,135.30963,DEMAND JUSTICE,demand justice,manual,,
Demand Justice,4.0,863690047.0,Demand Justice Initiative,3.0,121.33311,DEMAND JUSTICE INITIATIVE,demand justice initiative,manual,,
Demand Justice,4.0,852032397.0,Justice On Demand Inc,3.0,109.97845,,,manual,,
Demand Justice,4.0,332265271.0,Innocent Demand Justice Now,3.0,109.97845,,,auto,0.0,Not included in top 3 results.
Demand Justice,4.0,883565170.0,Justin Demary Foundation For Impacting Athletics,3.0,61.76445,,,auto,0.0,Not included in top 3 results.
Piedmont Rising,4.0,842378026.0,Piedmont Rising Inc,4.0,108.61541,Piedmont Rising Inc,piedmont rising,manual,,
Take Back Control,4.0,874621398.0,Take Back Control Inc,3.0,150.60887,,,manual,,
Black Youth Project 100,4.0,474435527.0,Black Youth Project 100 Nfp,4.0,138.69107,Black Youth Project 100 NFP,black youth project 100 nfp,manual,,
Advancing Arizona,4.0,263630675.0,Arizona Businesses Advancing Sustainability Inc,6.0,88.72538,,,manual,,
Family Friendly Action Fund,4.0,,,,,,,auto,0.0,Not found in ProPublica's NonProfit Explorer search method.
Rocky Mountain Values,4.0,841860320.0,Rocky Mountain Values,4.0,116.68302,Rocky Mountain Values,rocky mountain values,manual,,
Rocky Mountain Values,4.0,993857184.0,Tennessee Valley Rocky Mountain Horse,3.0,87.63997,,,manual,,
Rocky Mountain Values,4.0,412364881.0,Ohio Valley Rocky Mountain Horse Cl Ub,3.0,74.82869,,,manual,,
Rocky Mountain Values,4.0,611341983.0,Rocky Mountain Elk Foundation,3.0,25.684986,,,auto,0.0,Not included in top 3 results.
Rocky Mountain Values,4.0,481147402.0,Rocky Mountain Elk Foundation Inc,3.0,25.684986,,,auto,0.0,Not included in top 3 results.
Rocky Mountain Values,4.0,912100252.0,Rocky Mountain Elk Foundation Inc,3.0,25.684986,,,auto,0.0,Not included in top 3 results.
Rocky Mountain Values,4.0,912036675.0,Rocky Mountain Elk Foundation Inc,3.0,25.684986,,,auto,0.0,Not included in top 3 results.
Rocky Mountain Values,4.0,450452472.0,Rocky Mountain Elk Foundation,3.0,25.684986,,,auto,0.0,Not included in top 3 results.
Rocky Mountain Values,4.0,912100146.0,Rocky Mountain Elk Foundation,3.0,25.684986,,,auto,0.0,Not included in top 3 results.
Rocky Mountain Values,4.0,721526356.0,Rocky Mountian Elk Foundation Inc,3.0,24.451452,,,auto,0.0,Not included in top 3 results.
Rocky Mountain Values,4.0,841383108.0,Rocky Mountain Dressage Society Incorporated,3.0,24.013573,,,auto,0.0,Not included in top 3 results.
Rocky Mountain Values,4.0,260872552.0,Rocky Mountain Dressage Societyincorporated,3.0,24.013573,,,auto,0.0,Not included in top 3 results.
Rocky Mountain Values,4.0,931107707.0,Rocky Mountain Elk Foundation Inc,3.0,24.013573,,,auto,0.0,Not included in top 3 results.
Rocky Mountain Values,4.0,931107643.0,Rocky Mountain Elk Foundation Inc,3.0,24.013573,,,auto,0.0,Not included in top 3 results.
Rocky Mountain Values,4.0,352302261.0,Rocky Mountain Elk Foundation Inc,3.0,24.013573,,,auto,0.0,Not included in top 3 results.
Rocky Mountain Values,4.0,810517173.0,Rocky Mountain Elk Foundation Inc,3.0,24.013573,,,auto,0.0,Not included in top 3 results.
Rocky Mountain Values,4.0,911578256.0,Rocky Mountain Elk Foundation Inc,3.0,24.013573,,,auto,0.0,Not included in top 3 results.
Rocky Mountain Values,4.0,943333101.0,Rocky Mountain Elk Foundation Inc,3.0,24.013573,,,auto,0.0,Not included in top 3 results.
Rocky Mountain Values,4.0,931107685.0,Rocky Mountain Elk Foundation Inc,3.0,24.013573,,,auto,0.0,Not included in top 3 results.
Rocky Mountain Values,4.0,810487188.0,Rocky Mountain Elk Foundation Inc,3.0,24.013573,,,auto,0.0,Not included in top 3 results.
Rocky Mountain Values,4.0,810483215.0,Rocky Mountain Elk Foundation Inc,3.0,24.013573,,,auto,0.0,Not included in top 3 results.
Rocky Mountain Values,4.0,411809012.0,Rocky Mountain Elk Foundation Inc,3.0,24.013573,,,auto,0.0,Not included in top 3 results.
Rocky Mountain Values,4.0,311581043.0,Rocky Mountain Elk Foundation Inc,3.0,24.013573,,,auto,0.0,Not included in top 3 results.
Rocky Mountain Values,4.0,931099962.0,Rocky Mountain Elk Foundation Inc,3.0,24.013573,,,auto,0.0,Not included in top 3 results.
Rocky Mountain Values,4.0,364210157.0,Rocky Mountain Elk Foundation Inc,3.0,24.013573,,,auto,0.0,Not included in top 3 results.
Gun Owners of America,4.0,521256643.0,Gun Owners Of America Inc,4.0,113.736984,GUN OWNERS OF AMERICA INC,gun owners america,manual,,
Gun Owners of America,4.0,815196966.0,Gun Owners Of America Ny Inc,4.0,104.77795,GUN OWNERS OF AMERICA NY INC,gun owners america ny,manual,,
SPLC Action Fund,4.0,831085161.0,Splc Action Fund,4.0,162.87189,SPLC ACTION FUND,splc action fund,manual,,
House Majority Forward,4.0,834185105.0,House Majority Forward,4.0,157.54237,HOUSE MAJORITY FORWARD,house majority forward,manual,,
Living United For Change In Arizona,4.0,271398645.0,Living United For Change In Arizona,4.0,157.99495,LIVING UNITED FOR CHANGE IN ARIZONA,living united change in arizona,manual,,
Independent Women's Voice,4.0,364534086.0,Independent Womens Voice,4.0,125.715256,Independent Women's Voice,independent women s voice,manual,,
Rural America 2020,4.0,,,,,,,auto,0.0,Not found in ProPublica's NonProfit Explorer search method.
Way to Win Action Fund,4.0,825528039.0,Way To Win Action Fund Incorporated,4.0,156.19502,WAY TO WIN ACTION FUND INC,way to win action fund,manual,,
Health Care Voter,4.0,,,,,,,auto,0.0,Not found in ProPublica's NonProfit Explorer search method.
Montana Hunters & Anglers Action,4.0,453534007.0,Montana Hunters And Anglers Action,4.0,88.193306,MONTANA HUNTERS AND ANGLERS ACTION,montana hunters anglers action,manual,,
Montana Hunters & Anglers Action,4.0,822706051.0,Montana Hunters And Anglers Inc,,88.193306,,,manual,,
Montana Hunters & Anglers Action,4.0,334881921.0,Montana Hunter Mentorship Foundation Inc,3.0,80.1445,,,manual,,
Montana Hunters & Anglers Action,4.0,922755677.0,Montana Partnership To End Childhood Hunger Inc,3.0,61.56068,MONTANA PARTNERSHIP TO END CHILDHOOD HUNGER INC,montana partnership to end childhood hunger,auto,0.0,Not included in top 3 results.
Family Policy Alliance,4.0,200960855.0,Family Policy Alliance,4.0,101.486115,FAMILY POLICY ALLIANCE,family policy alliance,manual,,
Family Policy Alliance,4.0,464577178.0,Family Policy Alliance Foundation,3.0,91.983154,FAMILY POLICY ALLIANCE FOUNDATION,family policy alliance foundation,manual,,
Family Policy Alliance,4.0,850867337.0,Clay Family Policy Alliance,3.0,91.983154,,,manual,,
HSLDA Action,4.0,541719605.0,Hslda Action,4.0,157.46,HSLDA ACTION,hslda action,manual,,
Bend The Arc Jewish Action,4.0,460539726.0,Bend The Arc Jewish Action Inc,4.0,162.66652,BEND THE ARC JEWISH ACTION INC,bend arc jewish action,manual,,
Sierra Club,4.0,941153307.0,Sierra Club,4.0,84.08283,SIERRA CLUB,sierra club,manual,,
Sierra Club,4.0,946069890.0,Sierra Club Foundation,3.0,75.384155,SIERRA CLUB FOUNDATION,sierra club foundation,manual,,
Sierra Club,4.0,680005677.0,Sierra Soccer Club,3.0,75.384155,,,manual,,
Sierra Club,4.0,770348403.0,Sierra Soaring Club,7.0,75.384155,,,auto,0.0,Not included in top 3 results.
Sierra Club,4.0,815225944.0,Sierra Study Club,3.0,75.384155,,,auto,0.0,Not included in top 3 results.
Sierra Club,4.0,993657787.0,Sierra Aquatics Club,3.0,75.384155,,,auto,0.0,Not included in top 3 results.
Sierra Club,4.0,452137828.0,Sierra Mountaineering Club,7.0,75.384155,,,auto,0.0,Not included in top 3 results.
Sierra Club,4.0,680197905.0,Sierra School Parents Club,3.0,69.180855,SIERRA SCHOOL PARENTS CLUB,sierra school parents club,auto,0.0,Not included in top 3 results.
Sierra Club,4.0,465191262.0,Sierra Vista Volleyball Club,3.0,69.180855,SIERRA VISTA VOLLEYBALL CLUB,sierra vista volleyball club,auto,0.0,Not included in top 3 results.
Sierra Club,4.0,821570104.0,Sierra Surf Soccer Club,3.0,68.31961,SIERRA SURF SOCCER CLUB,sierra surf soccer club,auto,0.0,Not included in top 3 results.
Sierra Club,4.0,300051181.0,Sierra Mountain Soccer Club,3.0,68.31961,SIERRA MOUNTAIN SOCCER CLUB,sierra mountain soccer club,auto,0.0,Not included in top 3 results.
Sierra Club,4.0,680482671.0,Sierra Gold Soccer Club,3.0,68.31961,Sierra Gold Soccer Club,sierra gold soccer club,auto,0.0,Not included in top 3 results.
Sierra Club,4.0,943078439.0,Sierra Point Yacht Club,7.0,68.31961,SIERRA POINT YACHT CLUB,sierra point yacht club,auto,0.0,Not included in top 3 results.
Sierra Club,4.0,273861397.0,Sierra Foothills Rugby Club,3.0,68.31961,,,auto,0.0,Not included in top 3 results.
Sierra Club,4.0,770457744.0,Sierra View Parents Club,3.0,68.31961,SIERRA VIEW PARENTS CLUB,sierra view parents club,auto,0.0,Not included in top 3 results.
Sierra Club,4.0,204442534.0,La Sierra Diamond Club,3.0,68.31961,,,auto,0.0,Not included in top 3 results.
Sierra Club,4.0,770007267.0,Sierra Masonic Family Club,7.0,68.31961,SIERRA MASONIC FAMILY CLUB,sierra masonic family club,auto,0.0,Not included in top 3 results.
Sierra Club,4.0,821228804.0,High Sierra 4wd Club,3.0,68.31961,,,auto,0.0,Not included in top 3 results.
Sierra Club,4.0,203016179.0,High Sierra Tri Club,3.0,68.31961,HIGH SIERRA TRIATHLON CLUB,high sierra triathlon club,auto,0.0,Not included in top 3 results.
Sierra Club,4.0,300310591.0,Plumas-sierra Bicycle Club,7.0,68.31961,,,auto,0.0,Not included in top 3 results.
Sierra Club,4.0,953377283.0,Sierra Amateur Radio Club,7.0,68.31961,,,auto,0.0,Not included in top 3 results.
Sierra Club,4.0,942402262.0,Sierra Foothills Community Club,4.0,68.31961,,,auto,0.0,Not included in top 3 results.
Sierra Club,4.0,261518893.0,Sierra Foothills Lacrosse Club,3.0,68.31961,,,auto,0.0,Not included in top 3 results.
Sierra Club,4.0,680025524.0,Sierra Madre Garden Club,4.0,68.31961,,,auto,0.0,Not included in top 3 results.
Sierra Club,4.0,932619706.0,Sierra Nevada Rabbit Club,3.0,68.31961,,,auto,0.0,Not included in top 3 results.
Equality Florida Action,4.0,471338104.0,Equality Florida Action Inc,4.0,120.219,EQUALITY FLORIDA ACTION INC,equality florida action,manual,,
Action for a Progressive Future,4.0,272301175.0,Action For A Progressive Future,4.0,160.57318,Action For A Progressive Future,action progressive future,manual,,
Advance North Carolina,4.0,472740671.0,Advance North Carolina Inc,4.0,117.91397,ADVANCE NORTH CAROLINA INC,advance north carolina,manual,,
Advance North Carolina,4.0,561275391.0,North Carolina Advanced Energy Corporation,3.0,101.13001,NORTH CAROLINA ADVANCED ENERGY,north carolina advanced energy,manual,,
Advance North Carolina,4.0,561152564.0,Ancient Free & Accepted Masons Of North Carolina,10.0,26.196161,,,manual,,
Associated General Contractors,6.0,360852545.0,Chicagoland Associated General Contractors,6.0,136.91995,CHICAGOLAND ASSOCIATED GENERAL,chicagoland associated general,manual,,
Associated General Contractors,6.0,620296285.0,Associated General Contractors,6.0,134.30263,MISSISSIPPI VALLEY FLOOD CONTROL,mississippi valley flood control,manual,,
Associated General Contractors,6.0,530029260.0,Associated General Contractors Of America,6.0,125.19902,ASSOCIATED GENERAL CONTRACTORS OF AMERICA INC,associated general contractors america,manual,,
Associated General Contractors,6.0,910911236.0,Associated General Contractors Of Washington,6.0,125.19902,ASSOCIATED GENERAL CONTRACTORS OF,associated general contractors,auto,0.0,Not included in top 3 results.
Associated General Contractors,6.0,430646260.0,Associated General Contractors Of Missouri,6.0,125.19902,ASSOCIATED GENERAL CONTRACTORS OF,associated general contractors,auto,0.0,Not included in top 3 results.
Associated General Contractors,6.0,720395279.0,Louisiana Associated General Contractors Inc,6.0,125.19902,LOUISIANA ASSOCIATED GENERAL,louisiana associated general,auto,0.0,Not included in top 3 results.
Associated General Contractors,6.0,10275734.0,Associated General Contractors Of Maine,6.0,125.19902,,,auto,0.0,Not included in top 3 results.
Associated General Contractors,6.0,420121190.0,Associated General Contractors Of Iowa,6.0,125.19902,ASSOCIATED GENERAL CONTRACTORS OF IOWA,associated general contractors iowa,auto,0.0,Not included in top 3 results.
Associated General Contractors,6.0,370343360.0,Associated General Contractors Of Illinois,6.0,125.19902,THE ASSOCIATED GENERAL CONTRACTORS,associated general contractors,auto,0.0,Not included in top 3 results.
Associated General Contractors,6.0,362244731.0,Fox Valley Associated General Contractors,6.0,125.19902,,,auto,0.0,Not included in top 3 results.
Associated General Contractors,6.0,742930055.0,El Paso Chapter Associated General Contractors Incorporated,6.0,116.10425,EL PASO CHAPTER ASSOCIATED GENERAL,el paso chapter associated general,auto,0.0,Not included in top 3 results.
Associated General Contractors,6.0,952575486.0,Associated General Contractors Of California Inc,6.0,115.3291,ASSOCIATED GENERAL CONTRACTORS OF,associated general contractors,auto,0.0,Not included in top 3 results.
Associated General Contractors,6.0,580144470.0,Associated General Contractors Of Georgia Inc,6.0,115.3291,ASSOCIATED GENERAL CONTRACTORS OF GEORGIA,associated general contractors georgia,auto,0.0,Not included in top 3 results.
Associated General Contractors,6.0,480506117.0,Associated General Contractors Of Kansas Inc,6.0,115.3291,ASSOCIATED GENERAL CONTRACTORS,associated general contractors,auto,0.0,Not included in top 3 results.
Associated General Contractors,6.0,410132580.0,Associated General Contractors Of Minnesota Inc,6.0,115.3291,ASSOCIATED GENERAL CONTRACTORS OF,associated general contractors,auto,0.0,Not included in top 3 results.
Associated General Contractors,6.0,540127639.0,Associated General Contractors Of Virginia Inc,6.0,115.3291,ASSOC GENERAL CONTRACTORS OF VA INC,assoc general contractors va,auto,0.0,Not included in top 3 results.
Associated General Contractors,6.0,41045805.0,Associated General Contractors Of Massachusetts Inc,6.0,115.3291,,,auto,0.0,Not included in top 3 results.
Associated General Contractors,6.0,920014686.0,Associated General Contractors Of America Inc,6.0,115.3291,Associated General Contractors of Alaska,associated general contractors alaska,auto,0.0,Not included in top 3 results.
Associated General Contractors,6.0,344442062.0,Associated General Contractors Of Northwest Ohio,6.0,115.3291,ASSOCIATED GENERAL CONTRACTORS OF,associated general contractors,auto,0.0,Not included in top 3 results.
Associated General Contractors,6.0,450229993.0,Associated General Contractors Of North Dakota,6.0,115.3291,ASSOCIATED GENERAL CONTRACTORS OF,associated general contractors,auto,0.0,Not included in top 3 results.
Associated General Contractors,6.0,350906766.0,Associated General Contractors Of Indiana Inc,6.0,115.3291,ASSOCIATED GENERAL CONTRACTORS,associated general contractors,auto,0.0,Not included in top 3 results.
Associated General Contractors,6.0,30211089.0,Associated General Contractors Of Vermont Inc,6.0,115.3291,,,auto,0.0,Not included in top 3 results.
Associated General Contractors,6.0,640324725.0,Associated General Contractors Of Miss Inc,6.0,115.3291,ASSOCIATED GENERAL CONTRACTORS,associated general contractors,auto,0.0,Not included in top 3 results.
Associated General Contractors,6.0,56015385.0,Associated General Contractors Of America Inc,6.0,115.3291,,,auto,0.0,Not included in top 3 results.
Associated General Contractors,6.0,60620474.0,Associated General Contractors Of Connecticut Incorporated,6.0,115.3291,,,auto,0.0,Not included in top 3 results.
NETWORK Lobby,4.0,520984255.0,The Network,4.0,31.96329,The NETWORK,network,manual,,
Fellow Americans,4.0,843474204.0,Fellow Americans,4.0,86.38303,Fellow Americans,fellow americans,manual,,
Fellow Americans,4.0,884184028.0,North American Imams Fellow,3.0,67.2458,,,manual,,
Fellow Americans,4.0,814073819.0,My Fellow Americans Housing Foundation Inc,3.0,59.13349,,,manual,,
Fellow Americans,4.0,862200253.0,American Association Of Resident And Fellow Physicians,6.0,52.50568,,,auto,0.0,Not included in top 3 results.
Fellow Americans,4.0,954480097.0,College Of Fellows Of The American Theatre,3.0,46.44763,THE COLLEGE OF FELLOWS OF THE AMERICAN T,college fellows american t,auto,0.0,Not included in top 3 results.
Fellow Americans,4.0,830413067.0,African American Teaching Fellows Of Charlottesville-albemarle Inc,3.0,43.286198,AFRICAN AMERICAN TEACHING FELLOWS,african american teaching fellows,auto,0.0,Not included in top 3 results.
Fellow Americans,4.0,710887547.0,American Institute Of Architects College Of Fellows Fund Inc,3.0,40.52806,AMERICAN INSTITUTE OF ARCHITECTS COLLEGE,american institute architects college,auto,0.0,Not included in top 3 results.
Fellow Americans,4.0,994002689.0,American Institute Of Architects College Of Fellows Western Mountai,3.0,40.52806,American Inst of Architects College of Fellows,american inst architects college fellows,auto,0.0,Not included in top 3 results.
Fellow Americans,4.0,133173767.0,Society Of Fellows Of The American Academy In Rome,3.0,40.52806,,,auto,0.0,Not included in top 3 results.
Fellow Americans,4.0,936090977.0,Oregon Chapter Of The Fellows Of The American College Of Surgeons,6.0,35.94775,THE OREGON CHAPTER OF THE FELLOWS,oregon chapter fellows,auto,0.0,Not included in top 3 results.
Fellow Americans,4.0,201008016.0,Fell Pony Society And Conservancy Of The Americas,3.0,31.994785,,,auto,0.0,Not included in top 3 results.
Fellow Americans,4.0,956196607.0,American Legion,19.0,20.528572,,,auto,0.0,Not included in top 3 results.
Fellow Americans,4.0,30177380.0,American Legion,19.0,17.457083,,,auto,0.0,Not included in top 3 results.
Fellow Americans,4.0,30319403.0,American Legion Auxiliary,19.0,17.457083,,,auto,0.0,Not included in top 3 results.
Fellow Americans,4.0,832575428.0,American Legion Auxiliary,19.0,17.224312,,,auto,0.0,Not included in top 3 results.
Fellow Americans,4.0,930766824.0,American Federation Of Teachers,5.0,14.257309,GRADUATE TEACHING FELLOWS,graduate teaching fellows,auto,0.0,Not included in top 3 results.
Fellow Americans,4.0,946069815.0,Independent Order Of Odd Fellows,8.0,14.257309,FRANCO AMERICAN LODGE NO 207,franco american lodge no 207,auto,0.0,Not included in top 3 results.
Fellow Americans,4.0,412225994.0,American Federation Of Teachers,5.0,12.39752,,,auto,0.0,Not included in top 3 results.
Fellow Americans,4.0,237027494.0,National Society Of The Daughters Of The American Revolution,3.0,12.048834,,,auto,0.0,Not included in top 3 results.
Fellow Americans,4.0,237027760.0,National Society Of The Daughters Of The American Revolution,3.0,12.048834,,,auto,0.0,Not included in top 3 results.
Fellow Americans,4.0,237371124.0,National Society Of The Daughters Of The American Revolution,3.0,11.4572525,,,auto,0.0,Not included in top 3 results.
Fellow Americans,4.0,251323417.0,American Federation Of State County & Municipal Employees,5.0,10.921043,,,auto,0.0,Not included in top 3 results.
Fellow Americans,4.0,464449668.0,National Society Of The Daughters Of The American Revolution,3.0,8.905423,,,auto,0.0,Not included in top 3 results.
Faith In Public Life Action Fund,4.0,263827419.0,Faith In Public Life Action Fund,4.0,157.5163,FAITH IN PUBLIC LIFE ACTION FUND,faith in public life action fund,manual,,
Voces De La Frontera Action,4.0,20759160.0,Voces De La Frontera Action Inc,4.0,192.1979,,,manual,,
New Virginia Majority,4.0,261377619.0,New Virginia Majority,4.0,142.43884,NEW VIRGINIA MAJORITY,new virginia majority,manual,,
New Virginia Majority,4.0,271705920.0,Virginia New Majority Education Fund,3.0,118.06624,VIRGINIA NEW MAJORITY EDUCATION FUND,virginia new majority education fund,manual,,
Casa in Action,4.0,272145405.0,Casa In Action,4.0,118.72495,CASA IN ACTION INC,casa in action,manual,,
Casa in Action,4.0,270011031.0,Faith In Action For Cass County,3.0,81.59447,FAITH IN ACTION FOR CASS COUNTY,faith in action cass county,manual,,
Truth & Liberty Coalition,4.0,911895639.0,Truth,3.0,60.112137,,,manual,,
Truth & Liberty Coalition,4.0,462604182.0,Truth Outreach,3.0,54.981956,TRUTH OUTREACH,truth outreach,manual,,
Truth & Liberty Coalition,4.0,474039399.0,Essential Truth,3.0,53.8796,,,manual,,
Truth & Liberty Coalition,4.0,10648517.0,Truth Assemblies,3.0,53.8796,,,auto,0.0,Not included in top 3 results.
Truth & Liberty Coalition,4.0,832571138.0,Truth Project,3.0,53.177856,TRUTH PROJECT,truth project,auto,0.0,Not included in top 3 results.
Truth & Liberty Coalition,4.0,760780890.0,Upholding Truth,3.0,53.177856,UPHOLDING TRUTH,upholding truth,auto,0.0,Not included in top 3 results.
Truth & Liberty Coalition,4.0,463044821.0,Truth Project,3.0,53.177856,The TRUTH Project Inc,truth project,auto,0.0,Not included in top 3 results.
Truth & Liberty Coalition,4.0,471863812.0,Truth Renewed,3.0,53.177856,Truth Renewed,truth renewed,auto,0.0,Not included in top 3 results.
Truth & Liberty Coalition,4.0,454821552.0,Truth Connect,3.0,53.177856,TRUTH CONNECT,truth connect,auto,0.0,Not included in top 3 results.
Truth & Liberty Coalition,4.0,882491328.0,Truth Academy,3.0,53.177856,Truth Academy,truth academy,auto,0.0,Not included in top 3 results.
Truth & Liberty Coalition,4.0,271234720.0,Radical Truth,3.0,53.177856,RADICAL TRUTH,radical truth,auto,0.0,Not included in top 3 results.
Truth & Liberty Coalition,4.0,760722142.0,Truth Encounters,3.0,53.177856,TRUTH ENCOUNTERS,truth encounters,auto,0.0,Not included in top 3 results.
Truth & Liberty Coalition,4.0,215731463.0,Innovative Truth,3.0,53.177856,Innovative Truth,innovative truth,auto,0.0,Not included in top 3 results.
Truth & Liberty Coalition,4.0,833631374.0,Sober Truth,3.0,53.177856,SOBER TRUTH INCORPORATION,sober truth incorporation,auto,0.0,Not included in top 3 results.
Truth & Liberty Coalition,4.0,383170856.0,Truth & Tidings,3.0,53.177856,TRUTH & TIDINGS,truth tidings,auto,0.0,Not included in top 3 results.
Truth & Liberty Coalition,4.0,923479031.0,Truth Script,3.0,53.177856,TRUTH SCRIPT,truth script,auto,0.0,Not included in top 3 results.
Truth & Liberty Coalition,4.0,832769500.0,Truth Seekers,3.0,53.177856,Truth Seekers Organization Inc,truth seekers organization,auto,0.0,Not included in top 3 results.
Truth & Liberty Coalition,4.0,752067414.0,Truth Incorporated,3.0,53.177856,TRUTH INCORPORATED,truth,auto,0.0,Not included in top 3 results.
Truth & Liberty Coalition,4.0,832983237.0,Truth Collective,3.0,53.177856,The Truth Collective,truth collective,auto,0.0,Not included in top 3 results.
Truth & Liberty Coalition,4.0,461504793.0,Alabama Truth,3.0,53.177856,ALABAMA TRUTH,alabama truth,auto,0.0,Not included in top 3 results.
Truth & Liberty Coalition,4.0,994509700.0,Pursue Truth,3.0,53.177856,PURSUE TRUTH,pursue truth,auto,0.0,Not included in top 3 results.
Truth & Liberty Coalition,4.0,920917114.0,Foundational Truth,3.0,53.177856,FOUNDATIONAL TRUTH INC,foundational truth,auto,0.0,Not included in top 3 results.
Truth & Liberty Coalition,4.0,932047719.0,Truth Speakers,3.0,53.177856,TRUTH SPEAKERS INC,truth speakers,auto,0.0,Not included in top 3 results.
Truth & Liberty Coalition,4.0,921425043.0,After Truth,3.0,53.177856,AFTER TRUTH,after truth,auto,0.0,Not included in top 3 results.
Truth & Liberty Coalition,4.0,825162551.0,Ai Truth,3.0,53.177856,,,auto,0.0,Not included in top 3 results.
Patients USA,4.0,822606090.0,Patients Usa,4.0,106.367905,PATIENTS USA,patients usa,manual,,
Patients USA,4.0,850983335.0,Usa Patient Network,3.0,86.528534,,,manual,,
Black Economic Alliance,4.0,824578595.0,Black Economic Alliance,4.0,120.780396,BLACK ECONOMIC ALLIANCE,black economic alliance,manual,,
Black Economic Alliance,4.0,833790370.0,Black Economic Alliance Foundation,3.0,109.470505,BLACK ECONOMIC ALLIANCE FOUNDATION,black economic alliance foundation,manual,,
Black Economic Alliance,4.0,934884100.0,Birmingham Black Economic Alliance,3.0,109.470505,,,manual,,
Georgia's Not Buying It,4.0,853056693.0,Georgia's Not Buying It Inc,,187.37903,GEORGIA'S NOT BUYING IT INC,georgia s not buying it,manual,,
Asian Pacific Islander Political Alliance,4.0,,,,,,,auto,0.0,Not found in ProPublica's NonProfit Explorer search method.
North Carolina A Phillip Randolph Educational Fund,4.0,473555626.0,North Carolina A Philip Randolph Educational Fund,4.0,192.68556,NORTH CAROLINA A PHILIP RANDOLPH EDUCATIONAL FUND,north carolina philip randolph educational fund,manual,,
New Florida Majority,4.0,,,,,,,auto,0.0,Not found in ProPublica's NonProfit Explorer search method.
Stand Up Republic,4.0,815016758.0,Stand Up Republic Inc,4.0,147.92026,STAND UP REPUBLIC INC,stand up republic,manual,,
Stand Up Republic,4.0,815246983.0,Stand Up Republic Foundation Inc,3.0,135.25824,STAND UP REPUBLIC FOUNDATION INC,stand up republic foundation,manual,,
Montana Native Vote,4.0,,,,,,,auto,0.0,Not found in ProPublica's NonProfit Explorer search method.
Campaign for Sustainable Rx Pricing,6.0,824482629.0,Campaign For@sustainable Rx Pricing,6.0,230.63937,CAMPAIGN FOR SUSTAINABLE RX PRICING,campaign sustainable rx pricing,manual,,
Faith 2020,4.0,,,,,,,auto,0.0,Not found in ProPublica's NonProfit Explorer search method.
Vapor Technology Assn,6.0,,,,,,,auto,0.0,Not found in ProPublica's NonProfit Explorer search method.
Democracy for All 2021,4.0,,,,,,,auto,0.0,Not found in ProPublica's NonProfit Explorer search method.
CUFI Action Fund,4.0,,,,,,,auto,0.0,Not found in ProPublica's NonProfit Explorer search method.
Wild Montana Action Fund,4.0,843554059.0,Wild Montana Action Fund,4.0,146.13348,WILD MONTANA ACTION FUND,wild montana action fund,manual,,
Protect Our Care,4.0,824351087.0,Protect Our Local Hospitals And Health Care,,76.34447,Protect our Local Hospitals and Health,protect our local hospitals health,manual,,
Protect Our Care,4.0,824649933.0,Protect Our Pomona Hospitals And Health Care,,76.34447,Protect our Pomona Hospitals and Health,protect our pomona hospitals health,manual,,
Shining City Upon A Hill Inc,4.0,,,,,,,auto,0.0,Not found in ProPublica's NonProfit Explorer search method.
People's Action,4.0,262613701.0,Peoples Action,4.0,86.62095,PEOPLE'S ACTION,people s action,manual,,
People's Action,4.0,811303316.0,Colorado People's Action,4.0,83.74846,COLORADO PEOPLE'S ACTION,colorado people s action,manual,,
People's Action,4.0,362755109.0,Peoples Action Institute,3.0,77.67642,PEOPLE'S ACTION INSTITUTE,people s action institute,manual,,
People's Action,4.0,371371446.0,Illinois Peoples Action,3.0,77.67642,ILLINOIS PEOPLES ACTION,illinois peoples action,auto,0.0,Not included in top 3 results.
People's Action,4.0,815472177.0,Indian Peoples Action,3.0,77.67642,Indian Peoples Action,indian peoples action,auto,0.0,Not included in top 3 results.
People's Action,4.0,460640082.0,Kansas Peoples Action Inc,4.0,73.6824,,,auto,0.0,Not included in top 3 results.
People's Action,4.0,363080683.0,Austin Peoples Action Center,3.0,70.40933,AUSTIN PEOPLES ACTION CENTER,austin peoples action center,auto,0.0,Not included in top 3 results.
People's Action,4.0,461027572.0,Peoples Community Action Corporation,3.0,70.40933,People's Community Action Corporation,people s community action,auto,0.0,Not included in top 3 results.
People's Action,4.0,822327692.0,Native Peoples Action Inc,4.0,70.40933,Native Peoples Action Inc,native peoples action,auto,0.0,Not included in top 3 results.
People's Action,4.0,921107297.0,Peoples Parity Project Action,4.0,70.40933,PEOPLE'S PARITY PROJECT ACTION,people s parity project action,auto,0.0,Not included in top 3 results.
People's Action,4.0,873017661.0,People In Action,3.0,69.58036,,,auto,0.0,Not included in top 3 results.
People's Action,4.0,237367438.0,People Of Action,3.0,69.58036,,,auto,0.0,Not included in top 3 results.
People's Action,4.0,832072085.0,Native Peoples Action Community Fund,3.0,64.38762,Native Peoples Action Community Fund,native peoples action community fund,auto,0.0,Not included in top 3 results.
People's Action,4.0,562287221.0,Community Action People Inc,3.0,63.0707,,,auto,0.0,Not included in top 3 results.
People's Action,4.0,871146589.0,People For Climate Action,3.0,63.0707,,,auto,0.0,Not included in top 3 results.
People's Action,4.0,60964553.0,Peoples Action For Clean Energy Inc,3.0,59.31605,,,auto,0.0,Not included in top 3 results.
People's Action,4.0,843528071.0,We The People Action Fund,4.0,57.67662,We The People Action Fund,we people action fund,auto,0.0,Not included in top 3 results.
People's Action,4.0,943161053.0,Group Action For Peninsula People,3.0,57.67662,GROUP ACTION FOR PENINSULA PEOPLE,group action peninsula people,auto,0.0,Not included in top 3 results.
People's Action,4.0,721233221.0,Young People In Action Inc,3.0,57.67662,YOUNG PEOPLE IN ACTION INC,young people in action,auto,0.0,Not included in top 3 results.
People's Action,4.0,472260229.0,People And Pollinators Action Network,3.0,57.67662,PEOPLE AND POLLINATORS ACTION,people pollinators action,auto,0.0,Not included in top 3 results.
People's Action,4.0,882649676.0,People Over Prosecution Action Fund,4.0,57.67662,People over Prosecution Action Fund,people over prosecution action fund,auto,0.0,Not included in top 3 results.
People's Action,4.0,831155241.0,We The People Pennsylvania Action,4.0,57.67662,We The People Pennsylvania Action,we people pennsylvania action,auto,0.0,Not included in top 3 results.
People's Action,4.0,921880947.0,Wecount People In Action Inc,,57.67662,WeCount People in Action Inc,wecount people in action,auto,0.0,Not included in top 3 results.
People's Action,4.0,274267205.0,Voice Of The People Action,4.0,57.67662,VOICE OF THE PEOPLE ACTION,voice people action,auto,0.0,Not included in top 3 results.
People's Action,4.0,562129334.0,Nc For The People Action,4.0,57.67662,NC For the People Action (formerly NC Voters for Clean Elections),nc people action formerly nc voters clean elections,auto,0.0,Not included in top 3 results.
Democratic Socialists of America,4.0,133109557.0,Democratic Socialists Of America Inc,4.0,150.54088,Democratic Socialists of America Inc,democratic socialists america,manual,,
Democratic Socialists of America,4.0,363552084.0,Chicago Democratic Socialists Of America,4.0,150.54088,CHICAGO DEMOCRATIC SOCIALISTS OF AMERICA,chicago democratic socialists america,manual,,
Democratic Socialists of America,4.0,822119047.0,Maine Democratic Socialists Of America,4.0,150.54088,Maine Democratic Socialists of America,maine democratic socialists america,manual,,
Democratic Socialists of America,4.0,320647625.0,Birmingham Democratic Socialists Of America,4.0,150.54088,,,auto,0.0,Not included in top 3 results.
Democratic Socialists of America,4.0,934754468.0,Columbus Democratic Socialists Of America,4.0,150.54088,,,auto,0.0,Not included in top 3 results.
Democratic Socialists of America,4.0,332112331.0,Dayton Democratic Socialists Of America,4.0,150.54088,,,auto,0.0,Not included in top 3 results.
Democratic Socialists of America,4.0,873152230.0,Marin Democratic Socialists Of America,4.0,150.54088,,,auto,0.0,Not included in top 3 results.
Democratic Socialists of America,4.0,814444518.0,Philadelphia Democratic Socialists Of America,4.0,150.54088,,,auto,0.0,Not included in top 3 results.
Democratic Socialists of America,4.0,815467698.0,Pittsburgh Democratic Socialists Of America,4.0,150.54088,,,auto,0.0,Not included in top 3 results.
Democratic Socialists of America,4.0,883736391.0,Wilmington Democratic Socialists Of America,4.0,150.54088,,,auto,0.0,Not included in top 3 results.
Democratic Socialists of America,4.0,333935191.0,Frederick Democratic Socialists Of America,4.0,150.54088,,,auto,0.0,Not included in top 3 results.
Democratic Socialists of America,4.0,841871772.0,Peninsula Democratic Socialists Of America,4.0,143.26933,,,auto,0.0,Not included in top 3 results.
Democratic Socialists of America,4.0,132893010.0,Democratic Socialists Of America Fund Inc,3.0,138.675,DEMOCRATIC SOCIALISTS OF AMERICA FUND,democratic socialists america fund,auto,0.0,Not included in top 3 results.
Democratic Socialists of America,4.0,825231340.0,Metro Dc Democratic Socialists Of America,4.0,138.675,Metro DC Democratic Socialists of America,metro dc democratic socialists america,auto,0.0,Not included in top 3 results.
Democratic Socialists of America,4.0,832827035.0,Silicon Valley Democratic Socialists Of America,4.0,138.675,SILICON VALLEY DEMOCRATIC SOCIALISTS OF AMERICA,silicon valley democratic socialists america,auto,0.0,Not included in top 3 results.
Democratic Socialists of America,4.0,320818747.0,Democratic Socialists Of America Fort Worth,4.0,138.675,,,auto,0.0,Not included in top 3 results.
Democratic Socialists of America,4.0,384262496.0,Democratic Socialists Of America San Diego,4.0,138.675,,,auto,0.0,Not included in top 3 results.
Democratic Socialists of America,4.0,822636317.0,Houston Democratic Socialists Of America Inc,4.0,138.675,,,auto,0.0,Not included in top 3 results.
Democratic Socialists of America,4.0,822917363.0,Middle Tennessee Democratic Socialists Of America,4.0,138.675,,,auto,0.0,Not included in top 3 results.
Democratic Socialists of America,4.0,834665784.0,Northeast Tennessee Democratic Socialists Of America,4.0,138.675,,,auto,0.0,Not included in top 3 results.
Democratic Socialists of America,4.0,364988658.0,Orange County Democratic Socialists Of America,4.0,138.675,,,auto,0.0,Not included in top 3 results.
Democratic Socialists of America,4.0,842542044.0,Greater Lansing Democratic Socialists Of America,,138.675,,,auto,0.0,Not included in top 3 results.
Democratic Socialists of America,4.0,825334158.0,Central Arkansas Democratic Socialists Of America,4.0,135.31122,,,auto,0.0,Not included in top 3 results.
Democratic Socialists of America,4.0,843827505.0,Syracuse Ny Democratic Socialists Of America,4.0,132.38524,,,auto,0.0,Not included in top 3 results.
Democratic Socialists of America,4.0,841751018.0,Snohomish County Democratic Socialists Of America,4.0,132.38524,,,auto,0.0,Not included in top 3 results.
Plus Action Fund,4.0,811205696.0,Plus Action Fund,4.0,125.68191,PLUS Action Fund,plus action fund,manual,,
Jobs With Justice,4.0,450518844.0,Jobs With Justice,4.0,145.672,Jobs with Justice,jobs with justice,manual,,
Jobs With Justice,4.0,431864844.0,Missouri Jobs With Justice,3.0,132.03146,MISSOURI JOBS WITH JUSTICE,missouri jobs with justice,manual,,
Jobs With Justice,4.0,800111994.0,Chicago Jobs With Justice,3.0,132.03146,CHICAGO JOBS WITH JUSTICE,chicago jobs with justice,manual,,
Jobs With Justice,4.0,341850535.0,Cleveland Jobs With Justice,3.0,132.03146,CLEVELAND JOBS WITH JUSTICE,cleveland jobs with justice,auto,0.0,Not included in top 3 results.
Jobs With Justice,4.0,611309181.0,Kentucky Jobs With Justice,3.0,132.03146,,,auto,0.0,Not included in top 3 results.
Jobs With Justice,4.0,931120523.0,Portland Jobs With Justice,4.0,132.03146,PORTLAND JOBS WITH JUSTICE,portland jobs with justice,auto,0.0,Not included in top 3 results.
Jobs With Justice,4.0,233006952.0,Philadelphia Area Jobs With Justice,3.0,128.09106,PHILADELPHIA AREA JOBS WITH JUSTICE,philadelphia area jobs with justice,auto,0.0,Not included in top 3 results.
Jobs With Justice,4.0,260038632.0,Jobs With Justice Education Fund,3.0,125.85802,JOBS WITH JUSTICE EDUCATION FUND,jobs with justice education fund,auto,0.0,Not included in top 3 results.
Jobs With Justice,4.0,260901792.0,Jobs With Justice Education Fund,3.0,125.85802,PORTLAND JOBS WITH JUSTICE EDUCATION,portland jobs with justice education,auto,0.0,Not included in top 3 results.
Jobs With Justice,4.0,202794280.0,Jobs With Justice Education Fund,3.0,123.81886,JOBS WITH JUSTICE EDUCATION FUND,jobs with justice education fund,auto,0.0,Not included in top 3 results.
Jobs With Justice,4.0,270085901.0,Jobs With Justice Education Fund,3.0,123.81886,LONG ISLAND JOBS WITH JUSTICE INC,long island jobs with justice,auto,0.0,Not included in top 3 results.
Jobs With Justice,4.0,352196064.0,Jobs With Justice Education Fund,3.0,123.81886,,,auto,0.0,Not included in top 3 results.
Jobs With Justice,4.0,201803272.0,Jobs With Justice Education Fund,3.0,123.81886,JOBS WITH JUSTICE EDUCATION FUND,jobs with justice education fund,auto,0.0,Not included in top 3 results.
Jobs With Justice,4.0,200163176.0,Jobs With Justice Inc,3.0,122.52565,Jobs With Justice Inc,jobs with justice,auto,0.0,Not included in top 3 results.
Jobs With Justice,4.0,270565468.0,Jobs With Justice Education Fund,3.0,121.949394,FOOD AND MEDICINE - JOBS WITH,food medicine jobs with,auto,0.0,Not included in top 3 results.
Jobs With Justice,4.0,521865575.0,Jobs With Justice Education Fund,3.0,120.730515,Jobs with Justice Education Fund,jobs with justice education fund,auto,0.0,Not included in top 3 results.
Jobs With Justice,4.0,522082139.0,Colorado Jobs With Justice Inc,3.0,120.730515,COLORADO JOBS WITH JUSTICE INC,colorado jobs with justice,auto,0.0,Not included in top 3 results.
Jobs With Justice,4.0,711005588.0,Southern Oregon Jobs With Justice,3.0,120.730515,SOUTHERN OREGON JOBS WITH JUSTICE,southern oregon jobs with justice,auto,0.0,Not included in top 3 results.
Jobs With Justice,4.0,352578928.0,Jobs With Justice Ballot Fund,4.0,120.730515,JOBS WITH JUSTICE BALLOT FUND,jobs with justice ballot fund,auto,0.0,Not included in top 3 results.
Jobs With Justice,4.0,201449852.0,Central Florida Jobs With Justice Corp,3.0,115.56319,CENTRAL FLORIDA JOBS WITH JUSTICE CORP,central florida jobs with justice,auto,0.0,Not included in top 3 results.
Jobs With Justice,4.0,811374240.0,North Bay Jobs With Justice,3.0,112.56189,North Bay Jobs With Justice,north bay jobs with justice,auto,0.0,Not included in top 3 results.
Jobs With Justice,4.0,463985290.0,Missouri Jobs With Justice Voter Action,4.0,111.214035,MISSOURI JOBS WITH JUSTICE VOTER ACTION,missouri jobs with justice voter action,auto,0.0,Not included in top 3 results.
Jobs With Justice,4.0,811607876.0,Toledo Area Jobs With Justice Inc,3.0,111.214035,,,auto,0.0,Not included in top 3 results.
Jobs With Justice,4.0,813561658.0,Massachusetts Jobs With Justice Action Fund Inc,4.0,103.08984,,,auto,0.0,Not included in top 3 results.
Jobs With Justice,4.0,465342315.0,Texas New Era Center-jobs With Justice,3.0,103.08984,TEXAS NEW ERA CENTER JOBS WITH JUSTICE,texas new era center jobs with justice,auto,0.0,Not included in top 3 results.
A Stronger Louisiana,4.0,844281129.0,A Stronger Louisiana,4.0,127.2407,A STRONGER LOUISIANA,stronger louisiana,manual,,
Granite State Progress,4.0,264489456.0,Granite State Progress,4.0,136.04744,GRANITE STATE PROGRESS,granite state progress,manual,,
Granite State Progress,4.0,710569634.0,National Association Of State Scholarship And Grant Programs,3.0,63.75386,National Association of State Student,national association state student,manual,,
Granite State Progress,4.0,237517770.0,Pennsylvania State Grange Of Patrons Of Husbandry,8.0,25.70243,,,manual,,
Indivisible Kentucky,4.0,,,,,,,auto,0.0,Not found in ProPublica's NonProfit Explorer search method.
National Cotton Council,6.0,620306045.0,National Cotton Council Of America,6.0,105.97578,NATIONAL COTTON COUNCIL OF AMERICA,national cotton council america,manual,,
Texas Organizing Project,4.0,271482075.0,Texas Organizing Project,4.0,129.48943,TEXAS ORGANIZING PROJECT,texas organizing project,manual,,
Texas Organizing Project,4.0,271481855.0,Texas Organizing Project Education Fund,3.0,107.3143,TEXAS ORGANIZING PROJECT EDUCATION FUND,texas organizing project education fund,manual,,
American Federation for Children,4.0,330627955.0,American Federation For Children Inc,4.0,103.435326,AMERICAN FEDERATION FOR CHILDREN INC,american federation children,manual,,
American Federation for Children,4.0,522111508.0,American Federation For Children Growth Fund Inc,3.0,88.33166,AMERICAN FEDERATION FOR CHILDREN GROWTH,american federation children growth,manual,,
215 People's Alliance,4.0,813511044.0,215 Peoples Alliance,4.0,144.5944,215 Peoples Alliance,215 peoples alliance,manual,,
March On,4.0,823045346.0,March On,4.0,115.66764,MARCH ON,march on,manual,,
March On,4.0,820958114.0,March On Maryland Inc,3.0,98.339966,MARCH ON MARYLAND,march on maryland,manual,,
March On,4.0,465622473.0,Church On The March,3.0,94.01306,CHURCH ON THE MARCH,church on march,manual,,
March On,4.0,873191384.0,March On Foundation Inc,3.0,94.01306,,,auto,0.0,Not included in top 3 results.
March On,4.0,994132591.0,March On Mission Inc,3.0,94.01306,,,auto,0.0,Not included in top 3 results.
March On,4.0,464604132.0,March On Washington Film Festival,3.0,85.97035,MARCH ON WASHINGTON FILM FESTIVAL,march on washington film festival,auto,0.0,Not included in top 3 results.
March On,4.0,823441517.0,We March On Chicago Nfp,4.0,85.97035,We March On Chicago,we march on chicago,auto,0.0,Not included in top 3 results.
March On,4.0,850791124.0,March On Harrisburg Education Fund,3.0,85.97035,MARCH ON HARRISBURG EDUCATION FUND,march on harrisburg education fund,auto,0.0,Not included in top 3 results.
March On,4.0,862750081.0,I March On Foundation Inc,3.0,85.97035,,,auto,0.0,Not included in top 3 results.
March On,4.0,823898805.0,Womens March On Washington Indiana Incorporated,3.0,75.64426,,,auto,0.0,Not included in top 3 results.
March On,4.0,581298241.0,St Andrews On The Marsh Inc,3.0,69.22887,ST ANDREWS ON THE MARSH INC,st andrews on marsh,auto,0.0,Not included in top 3 results.
March On,4.0,833617279.0,Tower On The Marsh Foundation Inc,3.0,69.22887,,,auto,0.0,Not included in top 3 results.
March On,4.0,815278035.0,Womens March Alliance Corp,3.0,30.611387,WOMENS MARCH ALLIANCE CORP,womens march alliance,auto,0.0,Not included in top 3 results.
March On,4.0,901504053.0,Toastmasters International,3.0,25.402184,,,auto,0.0,Not included in top 3 results.
Black Economic Alliance Fund,4.0,,,,,,,auto,0.0,Not found in ProPublica's NonProfit Explorer search method.
Iowa Citizens for Community Improvement Action,4.0,453279620.0,Iowa Citizens For Community Improvement Action Fund,4.0,158.41124,IOWA CITIZENS FOR COMMUNITY IMPROVEMENT,iowa citizens community improvement,manual,,
Americans for Prosperity,4.0,753148958.0,Americans For Prosperity,4.0,99.936745,AMERICANS FOR PROSPERITY,americans prosperity,manual,,
Americans for Prosperity,4.0,521527294.0,Americans For Prosperity Foundation,3.0,90.58684,Americans for Prosperity Foundation,americans prosperity foundation,manual,,
Americans for Prosperity,4.0,861294501.0,Data For American Prosperity,3.0,87.634186,,,manual,,
Americans for Prosperity,4.0,472591254.0,American Foundation For Mexicos Prosperity,3.0,80.13916,,,auto,0.0,Not included in top 3 results.
Americans for Prosperity,4.0,834460278.0,American Serbian Association For Prosperity,3.0,80.13916,American Serbian Association for Prosperity,american serbian association prosperity,auto,0.0,Not included in top 3 results.
Americans for Prosperity,4.0,471991541.0,Americans For Peace Prosperity And Security Inc,,70.74309,AMERICANS FOR PEACE PROSPERITY AND,americans peace prosperity,auto,0.0,Not included in top 3 results.
Americans for Prosperity,4.0,821768427.0,American Muslims For Prosperity Action Fund Inc,4.0,68.43724,,,auto,0.0,Not included in top 3 results.
Americans for Prosperity,4.0,854215461.0,Congolese American Women For Peace Justice And Prosperity,3.0,63.781815,,,auto,0.0,Not included in top 3 results.
Americans for Prosperity,4.0,231352012.0,American Institute For Chartered Property Casualty Underwriters,3.0,59.490253,AMERICAN INSTITUTE FOR CHARTERED PROPERTY,american institute chartered property,auto,0.0,Not included in top 3 results.
Americans for Prosperity,4.0,820599085.0,American Council For The Preservation Of Cultural Property,4.0,55.443436,AMERICAN COUNCIL FOR THE PRESERVATION OF CULTURAL PROPERTY,american council preservation cultural property,auto,0.0,Not included in top 3 results.
Patriot Majority USA,4.0,450710294.0,Patriot Majority Usa,4.0,164.43423,PATRIOT MAJORITY USA,patriot majority usa,manual,,
America First Policies,4.0,,,,,,,auto,0.0,Not found in ProPublica's NonProfit Explorer search method.
VoteVets.org Action Fund,4.0,,,,,,,auto,0.0,Not found in ProPublica's NonProfit Explorer search method.
Ending Spending,4.0,272189012.0,Ending Spending Inc,4.0,135.77869,ENDING SPENDING INC,ending spending,manual,,
Heritage Action For America,4.0,272244700.0,Heritage Action For America,4.0,120.87082,HERITAGE ACTION FOR AMERICA,heritage action america,manual,,
Freedom Partners Chamber Of Commerce,6.0,,,,,,,auto,0.0,Not found in ProPublica's NonProfit Explorer search method.
Conservative Leadership Alliance Inc,4.0,,,,,,,auto,0.0,Not found in ProPublica's NonProfit Explorer search method.
Everytown for Gun Safety Action Fund,4.0,208802884.0,Everytown For Gun Safety Action Fund Inc,4.0,197.35487,EVERYTOWN FOR GUN SAFETY ACTION FUND,everytown gun safety action fund,manual,,
Everytown for Gun Safety Action Fund,4.0,471251965.0,Everytown For Gun Safety Action Fund For I-594,,179.4895,,,manual,,
45 Cmte,4.0,,,,,,,auto,0.0,Not found in ProPublica's NonProfit Explorer search method.
Planned Parenthood Action Fund,4.0,133539048.0,Planned Parenthood Action Fund Inc,4.0,163.83688,PLANNED PARENTHOOD ACTION FUND INC,planned parenthood action fund,manual,,
Planned Parenthood Action Fund,4.0,30326364.0,Planned Parenthood Vermont Action Fund Inc,4.0,151.52753,,,manual,,
Planned Parenthood Action Fund,4.0,465689688.0,Planned Parenthood Maine Action Fund Inc,4.0,150.92293,Planned Parenthood Maine,planned parenthood maine,manual,,
Planned Parenthood Action Fund,4.0,201489361.0,Planned Parenthood Shasta Diablo Action Fund,4.0,150.92293,Planned Parenthood Shasta-Diablo,planned parenthood shasta diablo,auto,0.0,Not included in top 3 results.
Planned Parenthood Action Fund,4.0,465554692.0,Planned Parenthood New Hampshire Action Fund Inc,4.0,139.89825,Planned Parenthood New Hampshire,planned parenthood new hampshire,auto,0.0,Not included in top 3 results.
Planned Parenthood Action Fund,4.0,134133042.0,Planned Parenthood Hudson Peconic Action Fund Inc,4.0,139.89825,PLANNED PARENTHOOD HUDSON PECONIC ACTION,planned parenthood hudson peconic action,auto,0.0,Not included in top 3 results.
Planned Parenthood Action Fund,4.0,262837754.0,Planned Parenthood Health Systems Action Fund Inc,4.0,139.89825,,,auto,0.0,Not included in top 3 results.
Planned Parenthood Action Fund,4.0,762918374.0,Planned Parenthood Of Greater Texas Action Fund,4.0,139.89825,PLANNED PARENTHOOD OF GREATER,planned parenthood greater,auto,0.0,Not included in top 3 results.
Planned Parenthood Action Fund,4.0,841191279.0,Planned Parenthood Of The Rocky Mountains Action Fund,4.0,131.75311,PLANNED PARENTHOOD OF THE ROCKY,planned parenthood rocky,auto,0.0,Not included in top 3 results.
Planned Parenthood Action Fund,4.0,223243732.0,Planned Parenthood Action Fund Of New Jersey Inc,4.0,130.37617,PLANNED PARENTHOOD ACTION FUND,planned parenthood action fund,auto,0.0,Not included in top 3 results.
Planned Parenthood Action Fund,4.0,383649080.0,Planned Parenthood Of Nassau County Action Fund Inc,4.0,130.37617,Planned Parenthood of Nassau,planned parenthood nassau,auto,0.0,Not included in top 3 results.
Planned Parenthood Action Fund,4.0,261579397.0,Planned Parenthood Of Greater New York Action Fund Inc,,122.068825,,,auto,0.0,Not included in top 3 results.
Planned Parenthood Action Fund,4.0,141772752.0,Planed Parenthood Of The Mid-hudson Valley Action Fund Inc,4.0,108.839264,,,auto,0.0,Not included in top 3 results.
Planned Parenthood Action Fund,4.0,133731867.0,Voice For Choice Planned Parenthood Of New York City Action Fund Inc,4.0,102.48282,PLANNED PARENTHOOD OF GREATER NEW YORK,planned parenthood greater new york,auto,0.0,Not included in top 3 results.
Planned Parenthood Action Fund,4.0,330468988.0,Planned Parenthood Affiliates Of California Inc,4.0,42.440845,COMMUNITY ACTION FUND OF PLANNED,community action fund planned,auto,0.0,Not included in top 3 results.
Planned Parenthood Action Fund,4.0,770304037.0,Planned Parenthood Affiliates Of California Inc,4.0,40.474457,PLANNED PARENTHOOD CENTRAL COAST,planned parenthood central coast,auto,0.0,Not included in top 3 results.
Republican Jewish Coalition,4.0,521386172.0,Republican Jewish Coalition,4.0,145.89847,REPUBLICAN JEWISH COALITION,republican jewish coalition,manual,,
American Future Fund,4.0,260620554.0,American Future Fund,4.0,97.84153,AMERICAN FUTURE FUND,american future fund,manual,,
American Future Fund,4.0,853508867.0,Business For Americas Future Fund,4.0,78.40242,BUSINESS FOR AMERICAS FUTURE FUND,business americas future fund,manual,,
American Future Fund,4.0,933200018.0,Americas Future Museum Fund Inc,3.0,78.40242,,,manual,,
American Future Fund,4.0,842207428.0,Americas Future Project Action Fund,4.0,78.40242,,,auto,0.0,Not included in top 3 results.
American Future Fund,4.0,271976324.0,Building Americas Future Educational Fund,3.0,78.40242,Building Americas Future Educational,building americas future educational,auto,0.0,Not included in top 3 results.
American Future Fund,4.0,371866322.0,Volunteers Of America Inc,3.0,20.08807,VOA FUTURES FUND INC,voa futures fund,auto,0.0,Not included in top 3 results.
Susan B Anthony List,4.0,541850126.0,Susan B Anthony List Inc,4.0,181.27225,Susan B Anthony List Inc,susan b anthony list,manual,,
Susan B Anthony List,4.0,264788700.0,Susan B Anthony List Inc Education Fund,3.0,145.67361,Susan B Anthony List Education Fund,susan b anthony list education fund,manual,,
Working People Rising,4.0,,,,,,,auto,0.0,Not found in ProPublica's NonProfit Explorer search method.
Winning for Women,4.0,821505471.0,Winning For Women Inc,4.0,115.405685,WINNING FOR WOMEN INC,winning women,manual,,
Winning for Women,4.0,237211352.0,Winning Women For Christ Inc,3.0,105.52699,,,manual,,
Judicial Crisis Network,4.0,,,,,,,auto,0.0,Not found in ProPublica's NonProfit Explorer search method.
Alliance for Retired Americans,4.0,851497232.0,Alliance For Retired Americans,3.0,122.69861,,,manual,,
Alliance for Retired Americans,4.0,202614511.0,Alliance For Retired Americans,3.0,120.252426,,,manual,,
Alliance for Retired Americans,4.0,10705450.0,Alliance For Retired Americans,3.0,120.252426,,,manual,,
Alliance for Retired Americans,4.0,522377762.0,Alliance For Retired Americans,3.0,120.252426,,,auto,0.0,Not included in top 3 results.
Alliance for Retired Americans,4.0,510528643.0,Alliance For Retired Americans,3.0,120.252426,,,auto,0.0,Not included in top 3 results.
Alliance for Retired Americans,4.0,522277805.0,Alliance For Retired Americans,4.0,118.949425,ALLIANCE FOR RETIRED AMERICANS,alliance retired americans,auto,0.0,Not included in top 3 results.
Alliance for Retired Americans,4.0,203253963.0,Alliance For Retired Americans,3.0,118.41698,CARA EDUCATION FUND,cara education fund,auto,0.0,Not included in top 3 results.
Alliance for Retired Americans,4.0,990317822.0,Alliance For Retired Americans,3.0,117.505165,,,auto,0.0,Not included in top 3 results.
Alliance for Retired Americans,4.0,272143744.0,Alliance For Retired Americans,4.0,117.00299,,,auto,0.0,Not included in top 3 results.
Alliance for Retired Americans,4.0,261413960.0,Alliance For Retired Americans,4.0,114.00035,,,auto,0.0,Not included in top 3 results.
Alliance for Retired Americans,4.0,731660312.0,Alliance For Retired Americans Nevada Alliance For Retired Americ,4.0,113.915535,,,auto,0.0,Not included in top 3 results.
Alliance for Retired Americans,4.0,272479038.0,Alliance For Retired Americans,3.0,113.291,,,auto,0.0,Not included in top 3 results.
Alliance for Retired Americans,4.0,260502790.0,Alliance For Retired Americans,3.0,113.291,Wisconsin Alliance for Retired Americans Inc Education Fund,wisconsin alliance retired americans education fund,auto,0.0,Not included in top 3 results.
Alliance for Retired Americans,4.0,201790506.0,California Alliance For Retired Americans,4.0,108.77604,CALIFORNIA ALLIANCE FOR,california alliance,auto,0.0,Not included in top 3 results.
Alliance for Retired Americans,4.0,371767607.0,Illinois Alliance For Retired Americans,4.0,108.77604,Illinois Alliance for Retired Americans,illinois alliance retired americans,auto,0.0,Not included in top 3 results.
Alliance for Retired Americans,4.0,200648869.0,Arizona Alliance For Retired Americans,4.0,108.77604,ARIZONA ALLIANCE FOR RETIRED AMERICANS,arizona alliance retired americans,auto,0.0,Not included in top 3 results.
Alliance for Retired Americans,4.0,823053123.0,Alaska Alliance For Retired Americans,4.0,108.77604,,,auto,0.0,Not included in top 3 results.
Alliance for Retired Americans,4.0,262574350.0,Iowa Alliance For Retired Americans,4.0,108.77604,,,auto,0.0,Not included in top 3 results.
Alliance for Retired Americans,4.0,834328606.0,Kentucky Alliance For Retired Americans,4.0,108.77604,,,auto,0.0,Not included in top 3 results.
Alliance for Retired Americans,4.0,300718335.0,Maine Alliance For Retired Americans,4.0,108.77604,,,auto,0.0,Not included in top 3 results.
Alliance for Retired Americans,4.0,471213627.0,Massachusetts Alliance For Retired Americans,4.0,108.77604,,,auto,0.0,Not included in top 3 results.
Alliance for Retired Americans,4.0,452717273.0,Michigan Alliance For Retired Americans,4.0,108.77604,,,auto,0.0,Not included in top 3 results.
Alliance for Retired Americans,4.0,832005065.0,Mississippi Alliance For Retired Americans,4.0,108.77604,,,auto,0.0,Not included in top 3 results.
Alliance for Retired Americans,4.0,800820040.0,Montana Alliance For Retired Americans,4.0,108.77604,,,auto,0.0,Not included in top 3 results.
Alliance for Retired Americans,4.0,571169373.0,Pennsylvania Alliance For Retired Americans,4.0,108.77604,,,auto,0.0,Not included in top 3 results.
Giffords,4.0,465592432.0,Giffords,4.0,95.98938,GIFFORDS,giffords,manual,,
Giffords,4.0,820704447.0,Gifford Little League,3.0,76.489685,,,manual,,
Giffords,4.0,943303273.0,Gifford Foundation,3.0,72.78137,The Gifford Foundation Inc,gifford foundation,manual,,
Giffords,4.0,832984719.0,Gifford Workforce,2.0,72.78137,GIFFORD WORKFORCE LLC,gifford workforce,auto,0.0,Not included in top 3 results.
Giffords,4.0,226924787.0,Gordon W Gifford & Orene L Gifford Foundation,3.0,67.13036,GORDON W GIFFORD & ORENE L GIFFORD FOUNDATION,gordon w gifford orene l gifford foundation,auto,0.0,Not included in top 3 results.
Giffords,4.0,208041146.0,Gifford Family Foundation,3.0,65.25545,GIFFORD FAMILY FOUNDATION,gifford family foundation,auto,0.0,Not included in top 3 results.
Giffords,4.0,526044015.0,Gifford Memorial Fund,3.0,65.25545,GIFFORD MEMORIAL TRUST,gifford memorial trust,auto,0.0,Not included in top 3 results.
Giffords,4.0,476025084.0,Gifford Foundation Inc,3.0,65.25545,GIFFORD FOUNDATION INC,gifford foundation,auto,0.0,Not included in top 3 results.
Giffords,4.0,596495147.0,Gifford Cemetery Association,13.0,65.25545,,,auto,0.0,Not included in top 3 results.
Giffords,4.0,136992402.0,The Gifford Family Foundation,3.0,59.78306,The Gifford Family Foundation,gifford family foundation,auto,0.0,Not included in top 3 results.
Giffords,4.0,30179418.0,Gifford Medical Center Inc,3.0,59.14274,,,auto,0.0,Not included in top 3 results.
Giffords,4.0,460938716.0,Gifford Health Care Inc,3.0,59.14274,Gifford Health Care Inc,gifford health care,auto,0.0,Not included in top 3 results.
Giffords,4.0,463593492.0,Gifford Retirement Community Inc,3.0,59.14274,Gifford Retirement Community Inc,gifford retirement community,auto,0.0,Not included in top 3 results.
Giffords,4.0,42381515.0,Margaret Gifford School Inc,3.0,59.14274,,,auto,0.0,Not included in top 3 results.
Giffords,4.0,150572881.0,Rosamond Gifford Charitable Corporation,3.0,59.14274,THE ROSAMOND GIFFORD CHARITABLE,rosamond gifford charitable,auto,0.0,Not included in top 3 results.
Giffords,4.0,26046966.0,Adele Gifford Residuary Trust,3.0,59.14274,,,auto,0.0,Not included in top 3 results.
Giffords,4.0,237375850.0,Gifford Rudin Foundation Inc,3.0,59.14274,GIFFORD RUDIN FOUNDATION,gifford rudin foundation,auto,0.0,Not included in top 3 results.
Giffords,4.0,462752714.0,Gifford Pier Club Ltd,7.0,59.14274,GIFFORD PIER CLUB LTD,gifford pier club ltd,auto,0.0,Not included in top 3 results.
Giffords,4.0,741977400.0,Kenneth P Gifford Foundation,3.0,59.14274,KENNETH P GIFFORD FOUNDATION,kenneth p gifford foundation,auto,0.0,Not included in top 3 results.
Giffords,4.0,46208360.0,Hazel Chase Gifford Fund,3.0,59.14274,,,auto,0.0,Not included in top 3 results.
Giffords,4.0,363224105.0,Gifford Park Association Inc,4.0,59.14274,GIFFORD PARK ASSOCIATION INC,gifford park association,auto,0.0,Not included in top 3 results.
Giffords,4.0,363983463.0,Gifford Park Neighborhood Assn,3.0,59.14274,,,auto,0.0,Not included in top 3 results.
Giffords,4.0,222690252.0,Gifford Pinchot Audubon Society,3.0,59.14274,,,auto,0.0,Not included in top 3 results.
Giffords,4.0,431088163.0,Gifford Christian Church Inc,3.0,59.14274,,,auto,0.0,Not included in top 3 results.
Giffords,4.0,351403199.0,Gifford Church Of God,3.0,59.14274,,,auto,0.0,Not included in top 3 results.
Texas Organizing Project PAC,4.0,,,,,,,auto,0.0,Not found in ProPublica's NonProfit Explorer search method.
Duty & Honor,4.0,413203441.0,Duty & Daughters,3.0,79.51875,,,manual,,
Duty & Honor,4.0,474987061.0,Duty Inc,3.0,79.51875,,,manual,,
Duty & Honor,4.0,831131265.0,Diaper Duty Inc,3.0,74.96363,,,manual,,
Duty & Honor,4.0,883170545.0,Duty And Honor,4.0,71.307335,DUTY AND HONOR,duty honor,auto,0.0,Not included in top 3 results.
Duty & Honor,4.0,883376414.0,Tours Of Duty,3.0,71.307335,TOURS OF DUTY,tours duty,auto,0.0,Not included in top 3 results.
Duty & Honor,4.0,820728757.0,Never Off Duty,3.0,71.307335,NEVER OFF DUTY,never off duty,auto,0.0,Not included in top 3 results.
Duty & Honor,4.0,932598025.0,Collar Of Duty,3.0,71.307335,COLLAR OF DUTY,collar duty,auto,0.0,Not included in top 3 results.
Duty & Honor,4.0,825359967.0,Duty And Honor,4.0,71.307335,DUTY AND HONOR,duty honor,auto,0.0,Not included in top 3 results.
Duty & Honor,4.0,412953964.0,Civic Duty Foundation,3.0,71.307335,,,auto,0.0,Not included in top 3 results.
Duty & Honor,4.0,992636125.0,Duty Rejig Inc,3.0,71.307335,DUTY REJIG INC,duty rejig,auto,0.0,Not included in top 3 results.
Duty & Honor,4.0,994084410.0,Hood Duty Corp,3.0,71.307335,,,auto,0.0,Not included in top 3 results.
Duty & Honor,4.0,882263152.0,Officers Off Duty,3.0,71.307335,,,auto,0.0,Not included in top 3 results.
Duty & Honor,4.0,454338621.0,Our American Duty,3.0,71.307335,OUR AMERICAN DUTY LTD,our american duty ltd,auto,0.0,Not included in top 3 results.
Duty & Honor,4.0,993274448.0,Our Duty - Usa,3.0,71.307335,Our Duty-USA,our duty usa,auto,0.0,Not included in top 3 results.
Duty & Honor,4.0,853188377.0,Tour Of Duty,3.0,71.307335,,,auto,0.0,Not included in top 3 results.
Duty & Honor,4.0,830543716.0,United After Duty,19.0,71.307335,,,auto,0.0,Not included in top 3 results.
Duty & Honor,4.0,872663028.0,American Duty Inc,3.0,71.307335,,,auto,0.0,Not included in top 3 results.
Duty & Honor,4.0,812632085.0,Civic Duty Corporation,,71.307335,,,auto,0.0,Not included in top 3 results.
Duty & Honor,4.0,881014122.0,Fit 4 Duty,3.0,71.307335,,,auto,0.0,Not included in top 3 results.
Duty & Honor,4.0,991616240.0,Life On Duty,3.0,71.307335,,,auto,0.0,Not included in top 3 results.
Duty & Honor,4.0,332357616.0,Light Duty Ministry,3.0,71.307335,,,auto,0.0,Not included in top 3 results.
Duty & Honor,4.0,831751785.0,Line Of Duty,3.0,71.307335,,,auto,0.0,Not included in top 3 results.
Duty & Honor,4.0,392269111.0,Paw Of Duty,3.0,71.307335,,,auto,0.0,Not included in top 3 results.
Duty & Honor,4.0,334904675.0,Paws Of Duty,3.0,71.307335,,,auto,0.0,Not included in top 3 results.
Duty & Honor,4.0,874383758.0,Catz Of Duty Llc,3.0,67.6378,,,auto,0.0,Not included in top 3 results.
Club for Growth,4.0,204681603.0,Club For Growth,4.0,98.3515,CLUB FOR GROWTH,club growth,manual,,
Club for Growth,4.0,261183692.0,Missouri Club For Growth,4.0,89.146774,Missouri Club for Growth,missouri club growth,manual,,
Club for Growth,4.0,201398896.0,Kansas Club For Growth,4.0,89.146774,KANSAS CLUB FOR GROWTH,kansas club growth,manual,,
Club for Growth,4.0,113723921.0,Wisconsin Club For Growth,4.0,89.146774,Wisconsin Club for Growth Inc,wisconsin club growth,auto,0.0,Not included in top 3 results.
Club for Growth,4.0,822552404.0,Club For Growth Foundation Inc,3.0,81.52,CLUB FOR GROWTH FOUNDATION INC,club growth foundation,auto,0.0,Not included in top 3 results.
Club for Growth,4.0,272773433.0,Sc Club For Growth Foundation,3.0,81.52,,,auto,0.0,Not included in top 3 results.
Center for Popular Democracy Action,4.0,453860271.0,Center For Popular Democracy Action Fund,4.0,164.43008,CENTER FOR POPULAR DEMOCRACY,center popular democracy,manual,,
Citizens United,4.0,911433368.0,Citizens United,4.0,79.40652,Citizens United,citizens united,manual,,
Citizens United,4.0,541626748.0,Citizens United Foundation,3.0,71.2069,Citizens United Foundation,citizens united foundation,manual,,
Citizens United,4.0,452521317.0,Arizona Citizens United,4.0,71.2069,ARIZONA CITIZENS UNITED,arizona citizens united,manual,,
Citizens United,4.0,813709919.0,Berkley Citizens United,3.0,71.2069,,,auto,0.0,Not included in top 3 results.
Citizens United,4.0,464954286.0,Westside Citizens United,3.0,71.2069,,,auto,0.0,Not included in top 3 results.
Citizens United,4.0,921539556.0,Shreveport Citizens United Inc,3.0,67.54494,SHREVEPORT CITIZENS UNITED INC,shreveport citizens united,auto,0.0,Not included in top 3 results.
Citizens United,4.0,823876771.0,Citizen She United,,65.16815,Citizen SHE United,citizen she united,auto,0.0,Not included in top 3 results.
Citizens United,4.0,272289242.0,United Citizens Foundation Inc,3.0,64.54504,UNITED CITIZENS FOUNDATION INC,united citizens foundation,auto,0.0,Not included in top 3 results.
Citizens United,4.0,832779778.0,United Citizens Coalition Inc,3.0,64.54504,UNITED CITIZENS COALITION INC,united citizens coalition,auto,0.0,Not included in top 3 results.
Citizens United,4.0,473560510.0,United Returning Citizens Inc,3.0,64.54504,UNITED RETURNING CITIZENS INC,united returning citizens,auto,0.0,Not included in top 3 results.
Citizens United,4.0,300221167.0,United Nimba Citizens Council,3.0,64.54504,United Nimba Citizenss Council,united nimba citizenss council,auto,0.0,Not included in top 3 results.
Citizens United,4.0,822170903.0,Citizens United For Progress,4.0,64.54504,,,auto,0.0,Not included in top 3 results.
Citizens United,4.0,911661129.0,Clark County Citizens United,4.0,64.54504,,,auto,0.0,Not included in top 3 results.
Citizens United,4.0,853813454.0,Madison Heights Citizens United,3.0,64.54504,,,auto,0.0,Not included in top 3 results.
Citizens United,4.0,872548847.0,Sanford Citizens United Inc,3.0,64.54504,,,auto,0.0,Not included in top 3 results.
Citizens United,4.0,237405207.0,Senior Citizens United Inc,3.0,64.54504,,,auto,0.0,Not included in top 3 results.
Citizens United,4.0,351371891.0,United Citizens Association Inc,3.0,64.54504,,,auto,0.0,Not included in top 3 results.
Citizens United,4.0,570742782.0,United Citizens Community Center,3.0,64.54504,,,auto,0.0,Not included in top 3 results.
Citizens United,4.0,830602023.0,United Citizens Of Rappahannock,,64.54504,,,auto,0.0,Not included in top 3 results.
Citizens United,4.0,831083306.0,Unified Citizens Inc,3.0,61.56169,,,auto,0.0,Not included in top 3 results.
Citizens United,4.0,871423616.0,United Black Citizen Nation,3.0,59.071236,,,auto,0.0,Not included in top 3 results.
Citizens United,4.0,471723616.0,United Citizens Of Livingston County,,59.02484,UNITED CITIZENS OF LIVINGSTON COUNTY,united citizens livingston county,auto,0.0,Not included in top 3 results.
Citizens United,4.0,751898840.0,Amarillo United Citizens Forum Inc,3.0,59.02484,AMARILLO UNITED CITIZENS FORUM,amarillo united citizens forum,auto,0.0,Not included in top 3 results.
Citizens United,4.0,391490477.0,Citizens United For Animals Inc,3.0,59.02484,,,auto,0.0,Not included in top 3 results.
Citizens United,4.0,852511133.0,Citizens United For Rural Protection,3.0,59.02484,,,auto,0.0,Not included in top 3 results.
Great America Alliance,4.0,,,,,,,auto,0.0,Not found in ProPublica's NonProfit Explorer search method.
Credit Union National Assn,6.0,541755947.0,National Assn Of Fed Credit Unions Fndtn For Char Litry Edtnl & Hmtrn,3.0,74.33917,NAFCU FNDTN FOR CHARITABLE LITERARY,nafcu fndtn charitable literary,manual,,
Floridians for a Fair Shake,4.0,,,,,,,auto,0.0,Not found in ProPublica's NonProfit Explorer search method.
Federation of American Hospitals,6.0,136226549.0,Federation Of American Hospitals Inc,6.0,95.68986,FEDERATION OF AMERICAN HOSPITALS,federation american hospitals,manual,,
Federation of American Hospitals,6.0,136106984.0,American Federation Of State County Lo420ny Nyc Dept Of Hospitals Emp,5.0,65.85335,AMERICAN FEDERATION OF STATE COUNTY LO420NY NYC DEPT OF HOSPITALS EMP,american federation state county lo420ny nyc dept hospitals emp,manual,,
Federation of American Hospitals,6.0,862705225.0,American Federation Of Teachers,5.0,23.835312,,,manual,,
Federation of American Hospitals,6.0,237102225.0,American Federation Of State County & Municipal Employees,5.0,22.463072,,,auto,0.0,Not included in top 3 results.
Federation of American Hospitals,6.0,416039634.0,American Federation Of State County & Municipal Employees,5.0,21.240234,,,auto,0.0,Not included in top 3 results.
Federation of American Hospitals,6.0,381349623.0,American Federation Of State County & Municipal Employees,5.0,21.240234,,,auto,0.0,Not included in top 3 results.
Federation of American Hospitals,6.0,416164814.0,American Federation Of State County & Municipal Employees,5.0,21.240234,,,auto,0.0,Not included in top 3 results.
Federation of American Hospitals,6.0,770641843.0,American Federation Of State County & Municipal Employees,5.0,21.240234,,,auto,0.0,Not included in top 3 results.
Federation of American Hospitals,6.0,237297350.0,American Federation Of State County & Municipal Employees,5.0,21.240234,,,auto,0.0,Not included in top 3 results.
Federation of American Hospitals,6.0,300798649.0,American Federation Of State County & Municipal Employees,5.0,21.240234,,,auto,0.0,Not included in top 3 results.
Federation of American Hospitals,6.0,341383867.0,American Federation Of State County & Municipal Employees,5.0,21.240234,,,auto,0.0,Not included in top 3 results.
Federation of American Hospitals,6.0,382646110.0,American Federation Of State County & Municipal Employees,5.0,21.240234,,,auto,0.0,Not included in top 3 results.
Federation of American Hospitals,6.0,382990181.0,American Federation Of State County & Municipal Employees,5.0,21.240234,STATE COUNTY & MUNICIPAL EMPLYS AFL-CIO LOCAL 3695,state county municipal emplys afl cio local 3695,auto,0.0,Not included in top 3 results.
Federation of American Hospitals,6.0,316049834.0,American Federation Of State County & Municipal Employees,5.0,20.143663,,,auto,0.0,Not included in top 3 results.
Federation of American Hospitals,6.0,382280054.0,American Federation Of State County & Municipal Employees,5.0,20.143663,,,auto,0.0,Not included in top 3 results.
Federation of American Hospitals,6.0,237452922.0,American Federation Of State County & Municipal Employees,5.0,20.143663,,,auto,0.0,Not included in top 3 results.
Federation of American Hospitals,6.0,411922634.0,American Federation Of State County & Municipal Employees,5.0,20.143663,,,auto,0.0,Not included in top 3 results.
Federation of American Hospitals,6.0,237058956.0,American Federation Of State County & Municipal Employees,5.0,20.143663,,,auto,0.0,Not included in top 3 results.
Federation of American Hospitals,6.0,46111868.0,American Federation Of State County & Municipal Employees,5.0,20.143663,,,auto,0.0,Not included in top 3 results.
Federation of American Hospitals,6.0,46190211.0,American Federation Of State County & Municipal Employees,5.0,20.143663,,,auto,0.0,Not included in top 3 results.
Federation of American Hospitals,6.0,521244476.0,American Federation Of State County & Municipal Employees,5.0,20.143663,,,auto,0.0,Not included in top 3 results.
Federation of American Hospitals,6.0,46190202.0,American Federation Of State County & Municipal Employees,5.0,20.143663,,,auto,0.0,Not included in top 3 results.
Federation of American Hospitals,6.0,237118453.0,American Federation Of State County & Municipal Employees,5.0,20.143663,,,auto,0.0,Not included in top 3 results.
Federation of American Hospitals,6.0,363345371.0,American Federation Of State County & Municipal Employees,5.0,20.143663,,,auto,0.0,Not included in top 3 results.
Federation of American Hospitals,6.0,510242118.0,American Federation Of State County & Municipal Employees,5.0,20.143663,,,auto,0.0,Not included in top 3 results.
American Conservative Union,4.0,520810813.0,American Conservative Union,4.0,107.11585,AMERICAN CONSERVATIVE UNION INC,american conservative union,manual,,
American Conservative Union,4.0,521294680.0,American Conservative Union Foundation,3.0,97.09324,AMERICAN CONSERVATIVE UNION FOUNDATIONINC,american conservative union foundationinc,manual,,
Planned Parenthood/Los Angeles,4.0,952408623.0,Planned Parenthood Los Angeles,3.0,196.61124,PLANNED PARENTHOOD LOS ANGELES,planned parenthood los angeles,manual,,
Planned Parenthood/Los Angeles,4.0,954292938.0,Planned Parenthood Affiliates Of California Inc,4.0,37.71835,Planned Parenthood Advocacy Project,planned parenthood advocacy project,manual,,
National Security & Opportunity Fund,4.0,822007387.0,National Security Action,4.0,82.556915,NATIONAL SECURITY ACTION,national security action,manual,,
National Security & Opportunity Fund,4.0,412143455.0,National Security Network,4.0,82.556915,,,manual,,
National Security & Opportunity Fund,4.0,843798735.0,Fuel National Security,3.0,82.556915,FUEL NATIONAL SECURITY,fuel national security,manual,,
National Security & Opportunity Fund,4.0,463623611.0,National Security Enterprise,,82.556915,,,auto,0.0,Not included in top 3 results.
National Security & Opportunity Fund,4.0,43813046.0,National Security Initiative,3.0,82.556915,,,auto,0.0,Not included in top 3 results.
National Security & Opportunity Fund,4.0,825338732.0,National Security Technology Accelerator,3.0,74.82607,National Security Technology Accelerator,national security technology accelerator,auto,0.0,Not included in top 3 results.
National Security & Opportunity Fund,4.0,371861631.0,National Cyber Security Alliance,3.0,74.82607,National Cyber Security Alliance,national cyber security alliance,auto,0.0,Not included in top 3 results.
National Security & Opportunity Fund,4.0,20629238.0,National Cyber Security Alliance,3.0,74.82607,,,auto,0.0,Not included in top 3 results.
National Security & Opportunity Fund,4.0,331805817.0,Minnesota National Security Ecosystem,6.0,74.82607,MINNESOTA NATIONAL SECURITY ECOSYSTEM,minnesota national security ecosystem,auto,0.0,Not included in top 3 results.
National Security & Opportunity Fund,4.0,821550059.0,Montanans For National Security,3.0,74.82607,,,auto,0.0,Not included in top 3 results.
National Security & Opportunity Fund,4.0,832617671.0,National Economic Security Alliance,3.0,74.82607,NATIONAL ECONOMIC SECURITY ALLIANCE,national economic security alliance,auto,0.0,Not included in top 3 results.
National Security & Opportunity Fund,4.0,270810936.0,National Security Counselors Inc,3.0,74.82607,,,auto,0.0,Not included in top 3 results.
National Security & Opportunity Fund,4.0,413634094.0,National Security Division Association,3.0,74.82607,,,auto,0.0,Not included in top 3 results.
National Security & Opportunity Fund,4.0,871898071.0,National Security Policy Initiative,3.0,74.82607,,,auto,0.0,Not included in top 3 results.
National Security & Opportunity Fund,4.0,205185048.0,National Security Roundtable Inc,3.0,74.82607,,,auto,0.0,Not included in top 3 results.
National Security & Opportunity Fund,4.0,844934686.0,Out In National Security,3.0,74.82607,,,auto,0.0,Not included in top 3 results.
National Security & Opportunity Fund,4.0,995147026.0,Texas National Security Institute,3.0,74.82607,,,auto,0.0,Not included in top 3 results.
National Security & Opportunity Fund,4.0,521271179.0,Business Executives For National Security,3.0,68.421234,BUSINESS EXECUTIVES FOR NATIONAL,business executives national,auto,0.0,Not included in top 3 results.
National Security & Opportunity Fund,4.0,222127884.0,National Security Archive Fund Inc,3.0,68.421234,NATIONAL SECURITY ARCHIVE FUND INC,national security archive fund,auto,0.0,Not included in top 3 results.
National Security & Opportunity Fund,4.0,272039262.0,National Homeland Security Association Inc,6.0,68.421234,NATIONAL HOMELAND SECURITY ASSOCIATION,national homeland security association,auto,0.0,Not included in top 3 results.
National Security & Opportunity Fund,4.0,811385925.0,National Technology Security Coalition Inc,6.0,68.421234,National Technology Security Coalition,national technology security coalition,auto,0.0,Not included in top 3 results.
National Security & Opportunity Fund,4.0,934748102.0,Polaris National Security Foundation Inc,3.0,68.421234,POLARIS NATIONAL SECURITY FOUNDATION INC,polaris national security foundation,auto,0.0,Not included in top 3 results.
National Security & Opportunity Fund,4.0,871436723.0,National Security Leaders For America,4.0,68.421234,NATIONAL SECURITY LEADERS FOR AMERICA INC,national security leaders america,auto,0.0,Not included in top 3 results.
National Security & Opportunity Fund,4.0,201597444.0,Truman National Security Project Inc,4.0,68.421234,TRUMAN NATIONAL SECURITY PROJECT,truman national security project,auto,0.0,Not included in top 3 results.
National Security & Opportunity Fund,4.0,471847304.0,Intelligence And National Security Foundation,3.0,68.421234,INTELLIGENCE AND NATIONAL SECURITY,intelligence national security,auto,0.0,Not included in top 3 results.
CHIRLA Action Fund,4.0,,,,,,,auto,0.0,Not found in ProPublica's NonProfit Explorer search method.
Tides Advocacy,4.0,,,,,,,auto,0.0,Not found in ProPublica's NonProfit Explorer search method.
Texas Right to Life Cmte,4.0,,,,,,,auto,0.0,Not found in ProPublica's NonProfit Explorer search method.
Americans for Limited Government,4.0,363975580.0,Americans For Limited Government Inc,4.0,125.28668,AMERICANS FOR LIMITED GOVERNMENT INC,americans limited government,manual,,
Americans for Limited Government,4.0,522020468.0,Americans For Limited Government Research Foundation Inc,3.0,106.99282,AMERICANS FOR LIMITED GOVERNMENT,americans limited government,manual,,
Main Street Advocacy,4.0,270273223.0,Main Street Advocacy Fund,4.0,127.53102,MAIN STREET ADVOCACY FUND,main street advocacy fund,manual,,
New American Leaders Action Fund,4.0,831769970.0,New American Leaders Action Fund Inc,4.0,132.9766,NEW AMERICAN LEADERS ACTION FUND INC,new american leaders action fund,manual,,
Boricua Vota,4.0,812639254.0,Boricua Vota,4.0,162.70538,BORICUA VOTA,boricua vota,manual,,
SoCal Healthcare Coalition,4.0,851667255.0,Coalition Of Healthcare Social Workers,6.0,100.650925,,,manual,,
KRC in Action,4.0,,,,,,,auto,0.0,Not found in ProPublica's NonProfit Explorer search method.
Jewish Democratic Council of America,4.0,821919054.0,Jewish Democratic Council Of America,4.0,151.45688,JEWISH DEMOCRATIC COUNCIL OF AMERICA,jewish democratic council america,manual,,
Bend the Arc Jewish Action,4.0,460539726.0,Bend The Arc Jewish Action Inc,4.0,162.7868,BEND THE ARC JEWISH ACTION INC,bend arc jewish action,manual,,
West Virginia Coal Assn,6.0,,,,,,,auto,0.0,Not found in ProPublica's NonProfit Explorer search method.
Illinois Coalition for Immigrant & Refugee Rights,4.0,363783551.0,Illinois Coalition For Immigrant And Refugee Rights,3.0,115.932144,ILLINOIS COALITION FOR IMMIGRANT,illinois coalition immigrant,manual,,
Illinois Immigrant Action,4.0,263187498.0,Illinois Immigrant Action,4.0,143.15039,ILLINOIS IMMIGRANT ACTION INC,illinois immigrant action,manual,,
Powerpac.org,4.0,,,,,,,auto,0.0,Not found in ProPublica's NonProfit Explorer search method.
Coalition for Growth & Opportunity,4.0,200285235.0,Coalition For Smart Growth,3.0,104.20509,,,manual,,
Coalition for Growth & Opportunity,4.0,113696037.0,Coalition For Sound Growth,3.0,104.20509,COALITION FOR SOUND GROWTH,coalition sound growth,manual,,
Coalition for Growth & Opportunity,4.0,831381367.0,Up For Growth National Coalition,3.0,95.28595,UP FOR GROWTH,up growth,manual,,
Coalition for Growth & Opportunity,4.0,991805409.0,Coalition For Ohio Prosperity And Growth,,87.77517,Coalition for Ohio Prosperity and Growth,coalition ohio prosperity growth,auto,0.0,Not included in top 3 results.
Coalition for Growth & Opportunity,4.0,474425291.0,Coalition For Growth And Opportunity Inc,4.0,87.77517,Coalition for Growth and Opportunity Inc,coalition growth opportunity,auto,0.0,Not included in top 3 results.
Coalition for Growth & Opportunity,4.0,844306037.0,Guilderland Coalition For Responsible Growth Inc,4.0,87.77517,,,auto,0.0,Not included in top 3 results.
Coalition for Growth & Opportunity,4.0,832134878.0,Coalition For Responsible Growth In Avon Inc,4.0,81.36322,Coalition for Responsible Growth in Avon Inc,coalition responsible growth in avon,auto,0.0,Not included in top 3 results.
Coalition for Growth & Opportunity,4.0,20715384.0,Illinois Coalition For Jobs Growth And Prosperity,4.0,81.36322,,,auto,0.0,Not included in top 3 results.
Coalition for Growth & Opportunity,4.0,204812245.0,Arkansas Coalition Of Housing &neighborhood Growth For Empowerment,3.0,74.20097,ARKANSAS COALITION OF HOUSING &NEIGHBORHOOD GROWTH FOR EMPOWERMENT,arkansas coalition housing neighborhood growth empowerment,auto,0.0,Not included in top 3 results.
Coalition for Growth & Opportunity,4.0,311713681.0,Smart Growth Coalition For Greater Cincinnati And Northern Kentucky,3.0,70.99367,,,auto,0.0,Not included in top 3 results.
Coalition for Growth & Opportunity,4.0,850427985.0,Coalition Of Arizona New Mexico Counties For Stable Economic Growt,4.0,60.579636,COALITION OF ARIZONA NEW MEXICO COUNTIES FOR STABLE ECONOMIC GROWT,coalition arizona new mexico counties stable economic growt,auto,0.0,Not included in top 3 results.
Fair Wisconsin,4.0,391785179.0,Fair Wisconsin Inc,4.0,91.41748,FAIR WISCONSIN INC,fair wisconsin,manual,,
Fair Wisconsin,4.0,824723623.0,Play Fair Wisconsin Inc,3.0,82.85509,,,manual,,
Fair Wisconsin,4.0,20559730.0,Fair Wisconsin Education Fund Inc,3.0,75.76161,,,manual,,
Fair Wisconsin,4.0,392012987.0,Wisconsin Fair Housing Foundation Inc,3.0,75.76161,WISCONSIN FAIR HOUSING FOUNDATION INC,wisconsin fair housing foundation,auto,0.0,Not included in top 3 results.
Fair Wisconsin,4.0,391488298.0,Wisconsin Education Fairs Inc,3.0,71.96614,WISCONSIN EDUCATION FAIRS INC,wisconsin education fairs,auto,0.0,Not included in top 3 results.
Fair Wisconsin,4.0,391842999.0,Northern Wisconsin State Fair Association Inc,3.0,69.78847,NORTHERN WISCONSIN STATE FAIR ASSOC,northern wisconsin state fair assoc,auto,0.0,Not included in top 3 results.
Fair Wisconsin,4.0,391840248.0,Wisconsin State Fair Park Foundation Inc,3.0,69.78847,Wisconsin State Fair Park Foundation,wisconsin state fair park foundation,auto,0.0,Not included in top 3 results.
Fair Wisconsin,4.0,472854052.0,Fair Rates For Wisconsin Dairyland Inc,4.0,69.78847,FAIR RATES FOR WISCONSIN'S DAIRYLAND,fair rates wisconsin s dairyland,auto,0.0,Not included in top 3 results.
Fair Wisconsin,4.0,391583019.0,Wisconsin State Fair Dairy Promotion Fund Inc,6.0,64.68938,WISCONSIN STATE FAIR DAIRY PROMOTION FUND INC,wisconsin state fair dairy promotion fund,auto,0.0,Not included in top 3 results.
Fair Wisconsin,4.0,390796251.0,Central Wisconsin State Fair Association Of Marshfield Ltd,3.0,60.285408,CENTRAL WISCONSIN STATE FAIR,central wisconsin state fair,auto,0.0,Not included in top 3 results.
Fair Wisconsin,4.0,364016275.0,Wisconsin Illinois Senior Housing Inc,3.0,18.547348,WISCONSIN ILLINOIS SENIOR HOUSING INC,wisconsin illinois senior housing,auto,0.0,Not included in top 3 results.
Fair Wisconsin,4.0,320221543.0,Board Of Regents Of The University Of Wisconsin System,3.0,15.815401,,,auto,0.0,Not included in top 3 results.
Fair Wisconsin,4.0,371607380.0,Board Of Regents Of The University Of Wisconsin System,3.0,14.401241,,,auto,0.0,Not included in top 3 results.
Fair Wisconsin,4.0,371555378.0,Board Of Regents Of The University Of Wisconsin System,3.0,14.401241,,,auto,0.0,Not included in top 3 results.
Fair Wisconsin,4.0,113826659.0,Board Of Regents Of The University Of Wisconsin System,3.0,13.784939,,,auto,0.0,Not included in top 3 results.
Sixteen Thirty Fund/Not One Penny,4.0,,,,,,,auto,0.0,Not found in ProPublica's NonProfit Explorer search method.
Planned Parenthood/Pennsylvania,4.0,232208281.0,Planned Parenthood Pennsylvania Advocates,4.0,156.07823,PLANNED PARENTHOOD PENNSYLVANIA,planned parenthood pennsylvania,manual,,
Planned Parenthood/Pennsylvania,4.0,250965474.0,Planned Parenthood Of Western Pennsylvania Inc,3.0,131.46823,PLANNED PARENTHOOD OF WESTERN PA INC,planned parenthood western pa,manual,,
Planned Parenthood/Pennsylvania,4.0,231989400.0,Planned Parenthood Association Of Pennsylvania Inc,3.0,131.46823,PLANNED PARENTHOOD ASSOCIATION OF PA,planned parenthood association pa,manual,,
Organize Now,4.0,271869914.0,Organize Now Inc,4.0,115.68926,ORGANIZE NOW INC,organize now,manual,,
Care Action Now,4.0,261728410.0,Care Action Now Incorporated,4.0,114.94411,CARE ACTION NOW INCORPORATED,care action now,manual,,
Working Assets Funding Service,4.0,,,,,,,auto,0.0,Not found in ProPublica's NonProfit Explorer search method.
American Assn of Orthopaedic Surgeons,6.0,,,,,,,auto,0.0,Not found in ProPublica's NonProfit Explorer search method.
Alianza for Progress,4.0,825519787.0,Alianza For Progress Inc,4.0,130.78407,Alianza For progress inc,alianza progress,manual,,
Black Voters Matter Fund,4.0,813625061.0,Black Voters Matter Fund Inc,4.0,148.92865,Black Voters Matter Fund Inc,black voters matter fund,manual,,
Montana League of Rural Voters,4.0,810343766.0,Montana League Of Rural Voters,4.0,161.93613,,,manual,,
American Wind Action,4.0,,,,,,,auto,0.0,Not found in ProPublica's NonProfit Explorer search method.
Swamp Accountability Project,4.0,825401286.0,Swamp Accountability Project,,164.30449,Swamp Accountability Project,swamp accountability project,manual,,
Public Integrity Alliance,4.0,460793813.0,Arizona Public Integrity Alliance Inc,4.0,109.13732,PUBLIC INTEGRITY ALLIANCE INC,public integrity alliance,manual,,
League of Conservation Voters,4.0,521733698.0,League Of Conservation Voters Inc,4.0,122.21175,LEAGUE OF CONSERVATION VOTERS INC,league conservation voters,manual,,
League of Conservation Voters,4.0,521379661.0,League Of Conservation Voters Education Fund,3.0,112.58537,LEAGUE OF CONSERVATION VOTERS EDUCATION,league conservation voters education,manual,,
League of Conservation Voters,4.0,931176721.0,The Oregon League Of Conservation Voters,4.0,112.58537,THE OREGON LEAGUE OF CONSERVATION,oregon league conservation,manual,,
League of Conservation Voters,4.0,541973929.0,Federation Of State Conservation Voters League Inc,4.0,109.75254,VIRGINIA LEAGUE OF CONSERVATION VOTERS,virginia league conservation voters,auto,0.0,Not included in top 3 results.
League of Conservation Voters,4.0,383481677.0,Federation Of State Conservation Voter Leagues Inc,4.0,106.438934,MICHIGAN LEAGUE OF CONSERVATION,michigan league conservation,auto,0.0,Not included in top 3 results.
League of Conservation Voters,4.0,522122715.0,Federation Of State Conservation Voter Leagues Inc,4.0,106.438934,MARYLAND LEAGUE OF CONSERVATION VOTERS,maryland league conservation voters,auto,0.0,Not included in top 3 results.
League of Conservation Voters,4.0,61525526.0,Federation Of State Conservation Voter Leagues Inc,4.0,106.438934,,,auto,0.0,Not included in top 3 results.
League of Conservation Voters,4.0,582525235.0,Federation Of State Conservation Voters Leagues Inc,4.0,104.88815,GEORGIA LEAGUE OF CONSERVATION VOTERS,georgia league conservation voters,auto,0.0,Not included in top 3 results.
League of Conservation Voters,4.0,560991894.0,North Carolina League Of Conservation Voters Inc,4.0,104.36638,NORTH CAROLINA LEAGUE OF,north carolina league,auto,0.0,Not included in top 3 results.
League of Conservation Voters,4.0,113095033.0,New York League Of Conservation Voters Inc,4.0,104.36638,NEW YORK LEAGUE OF CONSERVATION VOTERS,new york league conservation voters,auto,0.0,Not included in top 3 results.
League of Conservation Voters,4.0,371430158.0,Michigan League Of Conservation Voters Education Fund,3.0,104.36638,MICHIGAN LEAGUE OF CONSERVATION,michigan league conservation,auto,0.0,Not included in top 3 results.
League of Conservation Voters,4.0,522210858.0,Maryland League Of Conservation Voters Education Fund,3.0,104.36638,MARYLAND LEAGUE OF CONSERVATION VOTERS,maryland league conservation voters,auto,0.0,Not included in top 3 results.
League of Conservation Voters,4.0,311777101.0,Virgina League Of Conservation Voters Education Fund,3.0,104.36638,Virginia League of Conservation Voters,virginia league conservation voters,auto,0.0,Not included in top 3 results.
League of Conservation Voters,4.0,931177957.0,Oregon League Of Conservation Voters Education Fund,3.0,104.36638,THE OREGON LEAGUE OF CONSERVATION,oregon league conservation,auto,0.0,Not included in top 3 results.
League of Conservation Voters,4.0,810521030.0,Federation Of State Conservation Voter Leagues Inc,4.0,103.127594,MONTANA CONSERVATION VOTERS INC,montana conservation voters,auto,0.0,Not included in top 3 results.
League of Conservation Voters,4.0,10536008.0,Federation Of State Conservation Voter Leagues Inc,4.0,103.127594,,,auto,0.0,Not included in top 3 results.
League of Conservation Voters,4.0,270800179.0,Federation Of State Conservation Voter Leagues Inc,4.0,102.19851,Conservation Voters of Pennsylvania,conservation voters pennsylvania,auto,0.0,Not included in top 3 results.
League of Conservation Voters,4.0,392018854.0,Federation Of State Conservation Voter Leagues Inc,4.0,100.98237,WISCONSIN CONSERVATION VOTERS INC,wisconsin conservation voters,auto,0.0,Not included in top 3 results.
League of Conservation Voters,4.0,200016255.0,Federation Of State Conservation Voter Leagues Inc,4.0,100.98237,CONSERVATION VOTERS NEW MEXICO,conservation voters new mexico,auto,0.0,Not included in top 3 results.
League of Conservation Voters,4.0,222543128.0,Federation Of State Conservation Voter Leagues Inc,4.0,100.98237,FEDERATION OF STATE CONSERVATION,federation state conservation,auto,0.0,Not included in top 3 results.
League of Conservation Voters,4.0,721599019.0,Federation Of State Conservation Voter Leagues Inc,4.0,99.04455,CONSERVATION VOTERS FOR IDAHO INC,conservation voters idaho,auto,0.0,Not included in top 3 results.
League of Conservation Voters,4.0,880497866.0,Federation Of State Conservation Voter Leagues Inc,4.0,98.85801,Nevada Conservation League,nevada conservation league,auto,0.0,Not included in top 3 results.
League of Conservation Voters,4.0,237206810.0,North Carolina League Of Conservation Voters Foundation Inc,3.0,97.26689,NORTH CAROLINA LEAGUE OF CONSERVATION,north carolina league conservation,auto,0.0,Not included in top 3 results.
League of Conservation Voters,4.0,452995824.0,New Jersey League Of Conservation Voters Education Fund,3.0,97.26689,NEW JERSEY LEAGUE OF CONSERVATION VOTERS,new jersey league conservation voters,auto,0.0,Not included in top 3 results.
League of Conservation Voters,4.0,61582273.0,Connecticut League Of Conservation Voters Education Fund Inc,3.0,97.26689,,,auto,0.0,Not included in top 3 results.
American Action Network,4.0,270730508.0,American Action Network Inc,4.0,94.58171,American Action Network Inc,american action network,manual,,
American Action Network,4.0,364034958.0,Arab American Action Network,3.0,94.58171,Arab American Action Network,arab american action network,manual,,
American Action Network,4.0,841932865.0,Persian American Civic Action Network,3.0,86.48622,PERSIAN AMERICAN CIVIC ACTION NETWORK,persian american civic action network,manual,,
American Action Network,4.0,832125118.0,Israeli-american Civic Action Network,4.0,86.48622,,,auto,0.0,Not included in top 3 results.
American Action Network,4.0,461895861.0,American Hunters And Anglers Action Network,4.0,79.66904,AMERICAN HUNTERS & ANGLERS ACTION,american hunters anglers action,auto,0.0,Not included in top 3 results.
American Action Network,4.0,954428346.0,Media Action Network For Asian Americans,3.0,77.17893,,,auto,0.0,Not included in top 3 results.
American Action Network,4.0,320381289.0,American Military Families Action Network Corporation,3.0,74.5854,American Military Families,american military families,auto,0.0,Not included in top 3 results.
American Action Network,4.0,522340031.0,American Cancer Society Cancer Action Network Inc,4.0,73.84922,AMERICAN CANCER SOCIETY CANCER ACTION NETWORK INC,american cancer society cancer action network,auto,0.0,Not included in top 3 results.
American Action Network,4.0,850510946.0,Action Research Network Of The Americas Inc,3.0,71.541016,,,auto,0.0,Not included in top 3 results.
American Action Network,4.0,942949686.0,Pesticide Action Network North America Regional Center,3.0,71.21127,Pesticide Action Network North America,pesticide action network north america,auto,0.0,Not included in top 3 results.
American Action Network,4.0,871769413.0,Endometrial Cancer Action Network For African Americans,3.0,69.91434,Endometrial Cancer Action Network For African Americans,endometrial cancer action network african americans,auto,0.0,Not included in top 3 results.
American Action Network,4.0,320322840.0,Americans With Disabilities Act Ocean County Action Network,3.0,65.24361,,,auto,0.0,Not included in top 3 results.
American Action Network,4.0,460662435.0,American Land Title Association,6.0,25.804485,TITLE ACTION NETWORK,title action network,auto,0.0,Not included in top 3 results.
iAmerica Action,4.0,474489515.0,Iamerica Action,,151.9992,,,manual,,
American Chemistry Council,,530104410.0,American Chemistry Council,6.0,122.14472,AMERICAN CHEMISTRY COUNCIL,american chemistry council,manual,,
One Nation,4.0,271937961.0,One Nation,4.0,79.28839,ONE NATION,one nation,manual,,
One Nation,4.0,851249698.0,One Nation,3.0,79.28839,,,manual,,
One Nation,4.0,851123404.0,One World One Nation,3.0,77.62257,One World One Nation,one world one nation,manual,,
One Nation,4.0,813409389.0,One Faith One Nation,3.0,77.62257,,,auto,0.0,Not included in top 3 results.
One Nation,4.0,333822690.0,One World One Nation,3.0,77.62257,,,auto,0.0,Not included in top 3 results.
One Nation,4.0,270592502.0,One Native Nation Foundation Inc,3.0,75.289474,ONE NATIVE NATION FOUNDATION INC,one native nation foundation,auto,0.0,Not included in top 3 results.
One Nation,4.0,820597423.0,One Love One God One Nation,3.0,75.10167,ONE LOVE ONE GOD ONE NATION,one love one god one nation,auto,0.0,Not included in top 3 results.
One Nation,4.0,873253485.0,One Nation One Project Inc,3.0,72.30909,,,auto,0.0,Not included in top 3 results.
One Nation,4.0,880614122.0,One Nation Innovation,3.0,71.10039,ONE NATION INNOVATION,one nation innovation,auto,0.0,Not included in top 3 results.
One Nation,4.0,464248052.0,One Jam Nation,3.0,71.10039,,,auto,0.0,Not included in top 3 results.
One Nation,4.0,815050442.0,One Love Nation,3.0,71.10039,,,auto,0.0,Not included in top 3 results.
One Nation,4.0,474076559.0,One Nation Inc,3.0,71.10039,,,auto,0.0,Not included in top 3 results.
One Nation,4.0,912158218.0,One Nation Inc,3.0,71.10039,,,auto,0.0,Not included in top 3 results.
One Nation,4.0,853128916.0,One Nation Movement,3.0,71.10039,One Nation Movement,one nation movement,auto,0.0,Not included in top 3 results.
One Nation,4.0,882125108.0,One Nation Preservation,3.0,71.10039,,,auto,0.0,Not included in top 3 results.
One Nation,4.0,850485550.0,One Nation Project,3.0,71.10039,,,auto,0.0,Not included in top 3 results.
One Nation,4.0,472218200.0,One Nation Veterans,19.0,71.10039,,,auto,0.0,Not included in top 3 results.
One Nation,4.0,862632667.0,One Tree Nation,3.0,71.10039,,,auto,0.0,Not included in top 3 results.
One Nation,4.0,830642654.0,One Nation Athletics,3.0,71.10039,,,auto,0.0,Not included in top 3 results.
One Nation,4.0,581289413.0,One Nation Church,3.0,71.10039,,,auto,0.0,Not included in top 3 results.
One Nation,4.0,882257252.0,One Nation Church,3.0,71.10039,,,auto,0.0,Not included in top 3 results.
One Nation,4.0,851122543.0,One Nation Inc,3.0,71.10039,,,auto,0.0,Not included in top 3 results.
One Nation,4.0,262636182.0,One Family Fellowship One Nation Inc,3.0,67.697105,ONE FAMILY FELLOWSHIPONE NATION INC,one family fellowshipone nation,auto,0.0,Not included in top 3 results.
One Nation,4.0,872814657.0,One Nation Under One God Community,3.0,67.697105,,,auto,0.0,Not included in top 3 results.
One Nation,4.0,822267805.0,One Nation Dream Makers,3.0,64.44807,One Nation Dream Makers,one nation dream makers,auto,0.0,Not included in top 3 results.
Libre Initiative,4.0,452686411.0,Libre Initiative Trust,,114.01046,,,manual,,
Libre Initiative,4.0,454123383.0,Libre Initiative Institute Inc,3.0,103.34411,,,manual,,
SecureAmericaNow.org,4.0,273711817.0,Secureamericanoworg,4.0,120.59249,SECUREAMERICANOWORG,secureamericanoworg,manual,,
Enterprise Freedom Action Cmte,4.0,,,,,,,auto,0.0,Not found in ProPublica's NonProfit Explorer search method.
Right Way Initiative,4.0,474910347.0,Right Way Initiative Inc,,122.24202,RIGHT WAY INITIATIVE INC,right way initiative,manual,,
Your Vote Matters,4.0,394564260.0,Your Vote Matters Inc,4.0,148.81444,YOUR VOTE MATTERS INC,your vote matters,manual,,
Associated Builders & Contractors,6.0,520579380.0,Associated Builders & Contractors Inc,6.0,90.37612,ASSOCIATED BUILDERS AND CONTRACTORS INC,associated builders contractors,manual,,
Associated Builders & Contractors,6.0,860763845.0,Associated Builders & Contractors Inc,6.0,89.18373,ABA ARIZONA BUILDERS' ALLIANCE,aba arizona builders alliance,manual,,
Associated Builders & Contractors,6.0,680203295.0,Community Home Builders Associates,3.0,85.81816,COMMUNITY HOME BUILDERS AND ASSOCIATES,community home builders associates,manual,,
Associated Builders & Contractors,6.0,481086925.0,Harvey County Builders & Associates,6.0,85.81816,,,auto,0.0,Not included in top 3 results.
Associated Builders & Contractors,6.0,391158527.0,Associated Builders & Contractors Inc,6.0,85.72238,ASSOCIATED BUILDERS & CONTRACTORS OF,associated builders contractors,auto,0.0,Not included in top 3 results.
Associated Builders & Contractors,6.0,540836531.0,Associated Builders & Contractors Inc,6.0,85.72238,ASSOCIATED BUILDERS & CONTRACTORS,associated builders contractors,auto,0.0,Not included in top 3 results.
Associated Builders & Contractors,6.0,510101354.0,Associated Builders & Contractors Inc,6.0,85.72238,ASSOCIATED BUILDERS AND CONTRACTORS INC,associated builders contractors,auto,0.0,Not included in top 3 results.
Associated Builders & Contractors,6.0,990272037.0,Associated Builders & Contractors Inc,6.0,85.72238,ASSOCIATED BUILDERS AND CONTRACTORS,associated builders contractors,auto,0.0,Not included in top 3 results.
Associated Builders & Contractors,6.0,920163014.0,Associated Builders & Contractors Inc,6.0,85.72238,Associated Builders &,associated builders,auto,0.0,Not included in top 3 results.
Associated Builders & Contractors,6.0,550677947.0,Associated Builders And Contractors,6.0,85.72238,ASSOCIATED BUILDERS & CONTRACTORS INC,associated builders contractors,auto,0.0,Not included in top 3 results.
Associated Builders & Contractors,6.0,336227695.0,Associated Builders & Contractors Inc,6.0,83.8813,ABC OF SOUTHERN CALIFORNIA BENEFIT,abc southern california benefit,auto,0.0,Not included in top 3 results.
Associated Builders & Contractors,6.0,237298705.0,Associated Builders & Contractors Inc,6.0,83.8813,ASSOC BUILDERS & CONTRACTORS OF,assoc builders contractors,auto,0.0,Not included in top 3 results.
Associated Builders & Contractors,6.0,386087670.0,Associated Builders & Contractors Inc,6.0,83.8813,ASSOCIATED BUILDERS & CONTRACTORS INC,associated builders contractors,auto,0.0,Not included in top 3 results.
Associated Builders & Contractors,6.0,620850294.0,Associated Builders & Contractors Inc,6.0,83.8813,GREATER TENNESSEE CHAPTER ASSOCIATED,greater tennessee chapter associated,auto,0.0,Not included in top 3 results.
Associated Builders & Contractors,6.0,520786957.0,Associated Builders & Contractors Inc,6.0,83.8813,BALTIMORE METROPOLITAN CHAPTER OF ABC,baltimore metropolitan chapter abc,auto,0.0,Not included in top 3 results.
Associated Builders & Contractors,6.0,310840204.0,Associated Builders & Contractors Inc,6.0,83.8813,ASSOCIATED BUILDERS AND CONTRACTORS,associated builders contractors,auto,0.0,Not included in top 3 results.
Associated Builders & Contractors,6.0,521470623.0,Associated Builders & Contractors Inc,3.0,83.8813,MARYLAND ASSOCIATION OF COMMUNITY ACTION AGENCIES,maryland association community action agencies,auto,0.0,Not included in top 3 results.
Associated Builders & Contractors,6.0,953000378.0,Associated Builders & Contractors Inc,6.0,83.8813,ASSOCIATED BUILDERS AND CONTRACTORS,associated builders contractors,auto,0.0,Not included in top 3 results.
Associated Builders & Contractors,6.0,237361434.0,Associated Builders & Contractors Inc,6.0,83.8813,ASSOCIATED BUILDERS & CONTRACTORS INC,associated builders contractors,auto,0.0,Not included in top 3 results.
Associated Builders & Contractors,6.0,520810991.0,Associated Builders & Contractors Inc,6.0,83.8813,ASSOCIATED BUILDERS & CONTRACTORS,associated builders contractors,auto,0.0,Not included in top 3 results.
Associated Builders & Contractors,6.0,454465356.0,Associated Builders & Contractors Inc,6.0,83.8813,Associated Builders & Contractors -,associated builders contractors,auto,0.0,Not included in top 3 results.
Associated Builders & Contractors,6.0,381803328.0,Associated Builders & Contractors Inc,6.0,83.8813,Associated Builders & Contractors of MI,associated builders contractors mi,auto,0.0,Not included in top 3 results.
Associated Builders & Contractors,6.0,760238139.0,Associated Builders & Contractors Inc,6.0,83.8813,Associated Builders & Contractors Inc,associated builders contractors,auto,0.0,Not included in top 3 results.
Associated Builders & Contractors,6.0,840681306.0,Associated Builders & Contractors Inc,6.0,83.8813,ASSOCIATED BUILDERS & CONTRACTORS INC,associated builders contractors,auto,0.0,Not included in top 3 results.
Associated Builders & Contractors,6.0,770497495.0,Associated Builders & Contractors Inc,6.0,83.8813,ASSOCIATED BUILDERS & CONTRACTORS INC,associated builders contractors,auto,0.0,Not included in top 3 results.
Sixteen Thirty Fund/Make it Work Action,4.0,,,,,,,auto,0.0,Not found in ProPublica's NonProfit Explorer search method.
Avaaz Foundation,4.0,205050267.0,Avaaz Foundation,4.0,127.75468,AVAAZ FOUNDATION,avaaz foundation,manual,,
Fund for Economic Growth,4.0,611579521.0,Fund For Economic Growth,,136.58798,,,manual,,
America Working Together,4.0,813512949.0,America Working Together,,129.93002,AMERICA WORKING TOGETHER,america working together,manual,,
Citizens for a Sound Government,4.0,450924894.0,Citizens For A Sound Government,4.0,164.69586,CITIZENS FOR A SOUND GOVERNMENT,citizens sound government,manual,,
America Next,4.0,463681383.0,America Next Inc,4.0,76.69337,AMERICA NEXT,america next,manual,,
America Next,4.0,474372890.0,Our Next America,,76.69337,,,manual,,
America Next,4.0,843367628.0,Next American Generation Foundation,3.0,66.13319,NEXT AMERICAN GENERATION FOUNDATION,next american generation foundation,manual,,
America Next,4.0,831253135.0,Taiwanese American Next Generation Assoc,3.0,63.03828,,,auto,0.0,Not included in top 3 results.
America Next,4.0,274509883.0,Next Great American Poet- Incorporated,3.0,60.472496,THE NEXT GREAT AMERICAN POET,next great american poet,auto,0.0,Not included in top 3 results.
America Next,4.0,844692676.0,Guiding Americas Next Generation --gang,3.0,60.472496,,,auto,0.0,Not included in top 3 results.
America Next,4.0,10934439.0,Teach And Educate America For The Next Millenium,3.0,50.57992,,,auto,0.0,Not included in top 3 results.
America Next,4.0,813753463.0,Korean American Next Generation Foundation Aka Kang Foundation,3.0,48.12152,KOREAN AMERICAN NEXT GENERATION,korean american next generation,auto,0.0,Not included in top 3 results.
America Next,4.0,853120513.0,American Council Of The Blind Next Generation Inc,3.0,48.12152,,,auto,0.0,Not included in top 3 results.
America Next,4.0,851300811.0,American Youth Football Inc,3.0,18.023315,,,auto,0.0,Not included in top 3 results.
America Next,4.0,874804639.0,American Youth Football Inc,3.0,15.820943,,,auto,0.0,Not included in top 3 results.
America Next,4.0,821149603.0,Americans For Constitutional Education,3.0,15.0114155,AMERICANS FOR CONSTITUTIONAL EDUCATION,americans constitutional education,auto,0.0,Not included in top 3 results.
America Next,4.0,831746990.0,Housing Advancement And Affordability For American Communi,3.0,14.909975,,,auto,0.0,Not included in top 3 results.
Concerned Veterans for America,4.0,,,,,,,auto,0.0,Not found in ProPublica's NonProfit Explorer search method.
CASA in Action,4.0,272145405.0,Casa In Action,4.0,118.67299,CASA IN ACTION INC,casa in action,manual,,
CASA in Action,4.0,270011031.0,Faith In Action For Cass County,3.0,81.54566,FAITH IN ACTION FOR CASS COUNTY,faith in action cass county,manual,,
West Virginia Chamber of Commerce,6.0,550306990.0,West Virginia Chamber Of Commerce,6.0,131.12048,WEST VIRGINIA CHAMBER OF COMMERCE,west virginia chamber commerce,manual,,
West Virginia Chamber of Commerce,6.0,550487666.0,United States Junior Chamber Of Commerce,4.0,32.99283,,,manual,,
Latino Victory Project,4.0,464651149.0,Latino Victory Project,4.0,135.61295,LATINO VICTORY PROJECT,latino victory project,manual,,
America's Renewable Future,,,,,,,,auto,0.0,Not found in ProPublica's NonProfit Explorer search method.
Freedom Partners Chamber of Commerce,6.0,,,,,,,auto,0.0,Not found in ProPublica's NonProfit Explorer search method.
Center Forward,4.0,272429741.0,Center Forward,4.0,82.1837,CENTER FORWARD,center forward,manual,,
Center Forward,4.0,851095654.0,Center Forward Foundation,3.0,73.69673,CENTER FORWARD FOUNDATION,center forward foundation,manual,,
Center Forward,4.0,237275324.0,Families Forward Learning Center,3.0,66.801506,FAMILIES FORWARD LEARNING CENTER,families forward learning center,manual,,
Center Forward,4.0,450561173.0,Spring Forward Learning Center,3.0,66.801506,SPRING FORWARD LEARNING CENTER,spring forward learning center,auto,0.0,Not included in top 3 results.
Center Forward,4.0,851454980.0,Learning Forward Education Center,3.0,66.801506,Learning Forward Education Cen,learning forward education cen,auto,0.0,Not included in top 3 results.
Center Forward,4.0,863190561.0,Forward Flag Wellness Center,3.0,66.801506,,,auto,0.0,Not included in top 3 results.
Center Forward,4.0,454842055.0,Forward Christian Center Inc,3.0,66.801506,,,auto,0.0,Not included in top 3 results.
Center Forward,4.0,814850610.0,Flash Forward Therapy Center Inc,3.0,63.404144,,,auto,0.0,Not included in top 3 results.
Center Forward,4.0,203838952.0,Forward Bound Youth Service Center,3.0,62.647987,,,auto,0.0,Not included in top 3 results.
Center Forward,4.0,930670856.0,Step Forward Activity Center Inc,3.0,61.088,STEP FORWARD ACTIVITIES INC,step forward activities,auto,0.0,Not included in top 3 results.
Center Forward,4.0,263897423.0,Forward Focus Youth Enrichment Center,3.0,61.088,,,auto,0.0,Not included in top 3 results.
Center Forward,4.0,882057299.0,Move Forward & Live Center Inc,3.0,61.088,,,auto,0.0,Not included in top 3 results.
Center Forward,4.0,452762259.0,Forward Church Worship Center Inc,3.0,61.088,,,auto,0.0,Not included in top 3 results.
Center Forward,4.0,934194035.0,Step Forward Learning Center Inc,3.0,61.088,,,auto,0.0,Not included in top 3 results.
Center Forward,4.0,753094243.0,Forward Training Center Of Hood County,3.0,56.27605,Forward Training Center of Hood County,forward training center hood county,auto,0.0,Not included in top 3 results.
Center Forward,4.0,364765690.0,Forward Progress Arts & Entertainment Centers Inc,3.0,53.127365,FORWARD PROGRESS ARTS & ENTERTAINMENT CENTERS INC,forward progress arts entertainment centers,auto,0.0,Not included in top 3 results.
Center Forward,4.0,834404582.0,Looking Forward - Life And Job Skills Training Center,3.0,48.61883,,,auto,0.0,Not included in top 3 results.
Center Forward,4.0,954793686.0,Pay It Forward Center For Seniors Developmental Inc,3.0,48.61883,,,auto,0.0,Not included in top 3 results.
Center Forward,4.0,820821359.0,Century Forward,3.0,48.197563,,,auto,0.0,Not included in top 3 results.
Center Forward,4.0,834404580.0,Looking Forward Life And Job Skills Training Center Inc,,45.522522,,,auto,0.0,Not included in top 3 results.
California Labor Federation AFL-CIO,,940362030.0,American Federation Of Labor & Congress Of Industrial Orgs,5.0,49.781616,California Labor Federation AFL-CIO,california labor federation afl cio,manual,,
Our Revolution,4.0,813260391.0,Our Revolution,4.0,94.208664,Our Revolution,our revolution,manual,,
Our Revolution,4.0,821438321.0,Our Revolution-texas,4.0,84.479095,OUR REVOLUTION-TEXAS,our revolution texas,manual,,
Our Revolution,4.0,814853693.0,Our Wisconsin Revolution Inc,4.0,76.57444,OUR WISCONSIN REVOLUTION INC,our wisconsin revolution,manual,,
Our Revolution,4.0,364854716.0,Our Revolution Az Valley Of The Sun,,59.798653,,,auto,0.0,Not included in top 3 results.
Our Revolution,4.0,616039199.0,National Society Of The Daughters Of The American Revolution,3.0,12.3874035,,,auto,0.0,Not included in top 3 results.
Planned Parenthood/North Carolina,4.0,581484820.0,Planned Parenthood Of Central North Carolina Inc,3.0,142.48923,,,manual,,
We Are Wisconsin,4.0,451539515.0,We Are Wisconsin Inc,4.0,112.76222,,,manual,,
Equality Pennsylvania,4.0,270860185.0,Equality Pennsylvania,4.0,108.90194,EQUALITY PENNSYLVANIA,equality pennsylvania,manual,,
Equality Pennsylvania,4.0,842156266.0,Pennsylvania Equality Project Inc,3.0,92.59434,,,manual,,
Equality Pennsylvania,4.0,232848883.0,Equality Pennsylvania Education Fund,3.0,88.49942,EQUALITY PENNSYLVANIA EDUCATION FUND,equality pennsylvania education fund,manual,,
Equality Pennsylvania,4.0,926619497.0,Pennsylvania Social Equity Land Tr,3.0,60.634346,,,auto,0.0,Not included in top 3 results.
Equality Pennsylvania,4.0,233013870.0,Pennsylvania Private Equity Network Dba Wharton Private Equity Partner,6.0,56.07315,Pennsyvania Private Equity Network,pennsyvania private equity network,auto,0.0,Not included in top 3 results.
Equality Pennsylvania,4.0,230559974.0,Free & Accepted Masons Of Pennsylvania,10.0,18.366413,,,auto,0.0,Not included in top 3 results.
Stand Up for Ohio,4.0,,,,,,,auto,0.0,Not found in ProPublica's NonProfit Explorer search method.
America's Voice,4.0,200748404.0,Americas Voice,4.0,82.31832,AMERICA'S VOICE,america s voice,manual,,
America's Voice,4.0,854120787.0,American Voice,4.0,78.68073,American Voice,american voice,manual,,
America's Voice,4.0,814265713.0,Americas Voice Inc,3.0,73.80908,,,manual,,
America's Voice,4.0,462768203.0,Asian American Voice,4.0,70.54748,,,auto,0.0,Not included in top 3 results.
America's Voice,4.0,872837333.0,Voice Of Khmer-americans,3.0,67.22571,VOICE OF KHMER-AMERICANS (VOKA),voice khmer americans voka,auto,0.0,Not included in top 3 results.
America's Voice,4.0,264249073.0,Voice Of Vietnamese Americans,3.0,67.22571,,,auto,0.0,Not included in top 3 results.
America's Voice,4.0,262624247.0,Americas Voice Education Fund,3.0,66.89725,AMERICA'S VOICE EDUCATION FUND,america s voice education fund,auto,0.0,Not included in top 3 results.
America's Voice,4.0,300238662.0,American Muslim Voice Foundation,3.0,63.941048,,,auto,0.0,Not included in top 3 results.
America's Voice,4.0,843356601.0,Togolese American Women Voice,3.0,63.941048,,,auto,0.0,Not included in top 3 results.
America's Voice,4.0,862410924.0,Voice Of American Youth,3.0,63.941048,VOICE OF AMERICAN YOUTH,voice american youth,auto,0.0,Not included in top 3 results.
America's Voice,4.0,820570892.0,Asian America Voice Inc,3.0,63.09642,,,auto,0.0,Not included in top 3 results.
America's Voice,4.0,341649643.0,Ethnic Voice Of America,3.0,63.09642,,,auto,0.0,Not included in top 3 results.
America's Voice,4.0,990750547.0,United Voice For America,3.0,63.09642,,,auto,0.0,Not included in top 3 results.
America's Voice,4.0,811454566.0,Syrian American Voice Empowerment,3.0,62.162308,,,auto,0.0,Not included in top 3 results.
America's Voice,4.0,843482908.0,Voice Of Chinese Americans Inc,3.0,61.47132,,,auto,0.0,Not included in top 3 results.
America's Voice,4.0,414201319.0,Central American Voices,3.0,60.35191,,,auto,0.0,Not included in top 3 results.
America's Voice,4.0,393727298.0,Voices Of Americans,4.0,59.0653,,,auto,0.0,Not included in top 3 results.
America's Voice,4.0,742840157.0,Native American Christian Voice Inc,3.0,58.467796,NATIVE AMERICAN CHRISTIAN VOICE INC,native american christian voice,auto,0.0,Not included in top 3 results.
America's Voice,4.0,461427050.0,American Voice For Freedom Inc,4.0,58.467796,,,auto,0.0,Not included in top 3 results.
America's Voice,4.0,863419063.0,Indo American Community Voice Inc,3.0,58.467796,,,auto,0.0,Not included in top 3 results.
America's Voice,4.0,474117962.0,South Asian American Voice Inc,3.0,58.467796,,,auto,0.0,Not included in top 3 results.
America's Voice,4.0,824562321.0,Voice Of American Youth Inc,3.0,58.467796,,,auto,0.0,Not included in top 3 results.
America's Voice,4.0,850726909.0,Veterans Voice Of America Inc,3.0,57.69546,VETERANS VOICE OF AMERICA INC,veterans voice america,auto,0.0,Not included in top 3 results.
America's Voice,4.0,260426181.0,Voice Of Liberty North America,3.0,57.69546,VOICE OF LIBERTY NORTH AMERICA,voice liberty north america,auto,0.0,Not included in top 3 results.
America's Voice,4.0,273519768.0,Voices For Americas Troops,4.0,57.656475,VOICES FOR AMERICA'S TROOPS,voices america s troops,auto,0.0,Not included in top 3 results.
One Pittsburgh,4.0,814809328.0,One Church Pittsburgh,3.0,95.750534,,,manual,,
One Pittsburgh,4.0,472580727.0,Pittsburgh Chapter Of Not One More Incorporated,3.0,67.771484,,,manual,,
Citizens for a Working America,4.0,270585219.0,Citizens For A Working America Inc,4.0,136.31987,CITIZENS FOR A WORKING AMERICA INC,citizens working america,manual,,
Citizens for a Working America,4.0,900895191.0,Citizens For A Working America Inc,4.0,136.31987,,,manual,,
Education Reform Now Advocacy,,260596684.0,Education Reform Now Advocacy Inc,4.0,148.68607,EDUCATION REFORM NOW ADVOCACY INC,education reform now advocacy,manual,,
Women's Voices Women Vote Action Fund,4.0,,,,,,,auto,0.0,Not found in ProPublica's NonProfit Explorer search method.
Wisconsin Jobs Now,4.0,452043069.0,Wisconsin Jobs Now,,150.29929,,,manual,,
Human Rights Campaign,,521243457.0,Human Rights Campaign Inc,4.0,143.87073,HUMAN RIGHTS CAMPAIGN INC,human rights campaign,manual,,
Human Rights Campaign,,521481896.0,Human Rights Campaign Foundation,3.0,143.87073,HUMAN RIGHTS CAMPAIGN FOUNDATION,human rights campaign foundation,manual,,
Human Rights Campaign,,934683421.0,Palestine Human Rights Campaign,3.0,143.87073,,,manual,,
Human Rights Campaign,,874741889.0,Human Rights Campaign For Iran,3.0,131.56607,,,auto,0.0,Not included in top 3 results.
Human Rights Campaign,,275305580.0,Campaign For Human Rights Inc,3.0,128.79279,CAMPAIGN FOR HUMAN RIGHTS INC,campaign human rights,auto,0.0,Not included in top 3 results.
Human Rights Campaign,,832771682.0,Aging People In Prison Human Rights Campaign,3.0,109.80183,,,auto,0.0,Not included in top 3 results.
National Council of La Raza,,,,,,,,auto,0.0,Not found in ProPublica's NonProfit Explorer search method.
Food Policy Action,4.0,460862496.0,Food Policy Action,4.0,123.16745,FOOD POLICY ACTION,food policy action,manual,,
Food Policy Action,4.0,833074522.0,Louisiana Food Policy Action Council Inc,3.0,94.0329,NEW ORLEANS FOOD POLICY ADVISORY COMMITTEE,new orleans food policy advisory committee,manual,,
Alliance for a Free Society,6.0,471391635.0,Alliance For A Free Society Inc,6.0,113.5736,ALLIANCE FOR A FREE SOCIETY INC,alliance free society,manual,,
ProgressNow,4.0,208720230.0,Progressnow,4.0,99.544685,PROGRESS NOW INC,progress now,manual,,
ProgressNow,4.0,208720291.0,Progressnow Education,3.0,88.05999,PROGRESS NOW EDUCATION,progress now education,manual,,
ProgressNow,4.0,833393572.0,Progressnow Az,4.0,88.05999,PROGRESS ARIZONA,progress arizona,manual,,
ProgressNow,4.0,651244918.0,Progressnow Colorado,4.0,88.05999,PROGRESSNOW COLORADO,progressnow colorado,auto,0.0,Not included in top 3 results.
ProgressNow,4.0,833494676.0,Progressnow Az Institute,3.0,78.95661,PROGRESS NOW ARIZONA INSTITUTE,progress now arizona institute,auto,0.0,Not included in top 3 results.
ProgressNow,4.0,731674017.0,Progressnow Colorado Education,3.0,78.95661,PROGRESSNOW COLORADO EDUCATION,progressnow colorado education,auto,0.0,Not included in top 3 results.
ProgressNow,4.0,454130072.0,Progressnow New Mexico,4.0,78.95661,PROGRESSNOW NEW MEXICO,progressnow new mexico,auto,0.0,Not included in top 3 results.
ProgressNow,4.0,463752866.0,Progression Partners,3.0,72.04909,Progression Partners,progression partners,auto,0.0,Not included in top 3 results.
ProgressNow,4.0,300665301.0,Progression Ministries,3.0,72.04909,PROGRESSION MINISTRIES,progression ministries,auto,0.0,Not included in top 3 results.
ProgressNow,4.0,464757963.0,Progression Foundation,3.0,72.04909,PROGRESSION FOUNDATION,progression foundation,auto,0.0,Not included in top 3 results.
ProgressNow,4.0,465077622.0,Progression Services,3.0,72.04909,,,auto,0.0,Not included in top 3 results.
ProgressNow,4.0,820670573.0,Upward Progression,3.0,72.04909,,,auto,0.0,Not included in top 3 results.
ProgressNow,4.0,843746047.0,Souljas Progression,3.0,72.04909,,,auto,0.0,Not included in top 3 results.
ProgressNow,4.0,50380608.0,Progresso Latino,3.0,68.491104,,,auto,0.0,Not included in top 3 results.
ProgressNow,4.0,660981155.0,Plan Progresso,3.0,68.491104,,,auto,0.0,Not included in top 3 results.
ProgressNow,4.0,454128254.0,Progressnow New Mexico Education Fund,3.0,65.43632,PROGRESSNOW NEW MEXICO EDUCATION,progressnow new mexico education,auto,0.0,Not included in top 3 results.
ProgressNow,4.0,932773890.0,Purposeful Progression,3.0,64.74805,,,auto,0.0,Not included in top 3 results.
ProgressNow,4.0,562646206.0,Progression Lacrosse Inc,3.0,64.60086,,,auto,0.0,Not included in top 3 results.
ProgressNow,4.0,204228211.0,Continuing Progression Center,3.0,64.60086,,,auto,0.0,Not included in top 3 results.
ProgressNow,4.0,814287129.0,Influential Positive Progression,3.0,64.60086,,,auto,0.0,Not included in top 3 results.
ProgressNow,4.0,825471873.0,Kingdom Progression Services,3.0,64.60086,,,auto,0.0,Not included in top 3 results.
ProgressNow,4.0,831309493.0,Poverty To Progression,3.0,64.60086,,,auto,0.0,Not included in top 3 results.
ProgressNow,4.0,582297393.0,Progression Housing Foundation,3.0,64.60086,,,auto,0.0,Not included in top 3 results.
ProgressNow,4.0,994315229.0,Stepbystep Progression Inc,3.0,64.60086,,,auto,0.0,Not included in top 3 results.
ProgressNow,4.0,394491400.0,Transparent Progression Inc,3.0,64.60086,,,auto,0.0,Not included in top 3 results.
PowerPac.Org,4.0,,,,,,,auto,0.0,Not found in ProPublica's NonProfit Explorer search method.
350.org Action Fund,4.0,261181604.0,350 Org Action Fund,4.0,173.64536,350ORG ACTION FUND,350org action fund,manual,,
UltraViolet Action,4.0,475180376.0,Ultraviolet Action,4.0,145.27194,UltraViolet Action,ultraviolet action,manual,,
UltraViolet Action,4.0,454319928.0,Ultraviolet Action,4.0,145.27194,,,manual,,
Progress Project,4.0,932373735.0,Progress Project Inc,3.0,85.93559,,,manual,,
Progress Project,4.0,453752045.0,Project Progress Inc,3.0,85.93559,,,manual,,
Progress Project,4.0,264045890.0,Projects For Progress,3.0,81.29418,Projects for Progress INC,projects progress,manual,,
Progress Project,4.0,462130347.0,El Progreso Project Inc,3.0,71.83342,,,auto,0.0,Not included in top 3 results.
Progress Project,4.0,753221290.0,Harambee In Progress Project Inc,3.0,71.221756,,,auto,0.0,Not included in top 3 results.
Progress Project,4.0,883504645.0,Project Hope-helping Others Progress Everyday,3.0,65.60769,,,auto,0.0,Not included in top 3 results.
Progress Project,4.0,881310925.0,Project Due Process Inc,3.0,64.048225,,,auto,0.0,Not included in top 3 results.
Progress Project,4.0,811112066.0,Foundational Skills Progress Thru Projects,3.0,61.670906,,,auto,0.0,Not included in top 3 results.
Progress Project,4.0,474824452.0,Protect Baltimore County Zoning Process Inc,,50.406094,,,auto,0.0,Not included in top 3 results.
Progress Project,4.0,412251298.0,Lean Product And Process Development Exchange Inc,3.0,43.43927,LEAN PRODUCT AND PROCESS DEVELOPMENT EXCHANGE INC,lean product process development exchange,auto,0.0,Not included in top 3 results.
Progress Project,4.0,931314754.0,Oregon Progress Forum,3.0,22.825752,OREGON PROGRESS FORUM,oregon progress forum,auto,0.0,Not included in top 3 results.
Progress Project,4.0,510525265.0,World Coral Reef Projects,3.0,14.735811,,,auto,0.0,Not included in top 3 results.
Eastern Carolina Conservative Fund,4.0,,,,,,,auto,0.0,Not found in ProPublica's NonProfit Explorer search method.
Ohio Environmental Council Action Fund,4.0,474903967.0,Ohio Environmental Council Action Fund Inc,4.0,145.60324,OHIO ENVIRONMENTAL COUNCIL ACTION FUND,ohio environmental council action fund,manual,,
Catholic Assn,4.0,370673524.0,Roman Catholic Cemetery Assn,3.0,74.04115,,,manual,,
Catholic Assn,4.0,366205598.0,International Catholic Deaf Assn,3.0,70.27847,INTERNATIONAL CATHOLIC DEAF ASSN 10 CHAPTER,international catholic deaf assn 10 chapter,manual,,
Catholic Assn,4.0,42973465.0,International Catholic Deaf Assn,3.0,70.27847,,,manual,,
Catholic Assn,4.0,521356162.0,International Catholic Deaf Assn,3.0,70.27847,,,auto,0.0,Not included in top 3 results.
Catholic Assn,4.0,436049405.0,International Catholic Deaf Assn,3.0,70.27847,,,auto,0.0,Not included in top 3 results.
Catholic Assn,4.0,436098733.0,International Catholic Deaf Assn,3.0,70.27847,INTERNATIONAL DEAF CATHOLIC ASSOCIATION CHAPTER 6,international deaf catholic association chapter 6,auto,0.0,Not included in top 3 results.
Catholic Assn,4.0,416084213.0,International Catholic Deaf Assn,3.0,70.27847,,,auto,0.0,Not included in top 3 results.
Catholic Assn,4.0,396127538.0,International Catholic Deaf Assn,3.0,70.27847,,,auto,0.0,Not included in top 3 results.
Catholic Assn,4.0,383810077.0,International Catholic Deaf Assn,3.0,70.27847,,,auto,0.0,Not included in top 3 results.
Catholic Assn,4.0,236445918.0,International Catholic Deaf Assn,3.0,70.27847,,,auto,0.0,Not included in top 3 results.
Catholic Assn,4.0,141338304.0,Albany Catholic Press Assn Inc,3.0,67.706085,ALBANY CATHOLIC PRESS ASSOCIATION INC,albany catholic press association,auto,0.0,Not included in top 3 results.
Catholic Assn,4.0,231095415.0,Slovak Catholic Sokol Home Assn,7.0,67.706085,SLOVAK CATHOLIC SOKOL HOME ASSN,slovak catholic sokol home assn,auto,0.0,Not included in top 3 results.
Catholic Assn,4.0,386093201.0,Catholic Central Athletic Assn Inc,3.0,67.706085,CATHOLIC CENTRAL ATHLETIC ASSOC INC,catholic central athletic assoc,auto,0.0,Not included in top 3 results.
Catholic Assn,4.0,370719914.0,St Johns Catholic Cemetery Assn,3.0,67.706085,,,auto,0.0,Not included in top 3 results.
Catholic Assn,4.0,481191208.0,Flint Hills Catholic School Assn,3.0,67.706085,,,auto,0.0,Not included in top 3 results.
Catholic Assn,4.0,740877246.0,St Josephs Roman Catholic Benevolent Assn,3.0,62.37098,ST JOSEPHS ROMAN CATHOLIC,st josephs roman catholic,auto,0.0,Not included in top 3 results.
Catholic Assn,4.0,480595329.0,St Johns Catholic Cemetery Upkeep Assn,13.0,62.37098,,,auto,0.0,Not included in top 3 results.
Catholic Assn,4.0,230990310.0,Providence Assn Of Ukrainian Catholics Of Amer,8.0,54.41806,PROVIDENCE ASSOCIATION OF UKRAINIAN,providence association ukrainian,auto,0.0,Not included in top 3 results.
Catholic Assn,4.0,472469224.0,St Clare Of Assi Catholic Church Actworth Inc,3.0,47.260345,ST CLARE OF ASSISI CATHOLIC CHURCH,st clare assisi catholic church,auto,0.0,Not included in top 3 results.
Catholic Assn,4.0,462997911.0,First Catholic Slovak Ladies Asso Of The Usa,8.0,44.882874,,,auto,0.0,Not included in top 3 results.
Catholic Assn,4.0,256131480.0,Catholic War Veterans Home Assn Of Blair County Post 1691,4.0,44.34663,Catholic War Veterans Home Ass'n of Blair County Post 1691,catholic war veterans home ass n blair county post 1691,auto,0.0,Not included in top 3 results.
Catholic Assn,4.0,237515196.0,First Catholic Slovak Ladies Asso Of The Usa,8.0,44.10374,,,auto,0.0,Not included in top 3 results.
Catholic Assn,4.0,480547724.0,Catholic Cemeteries Association Of Northeast Kansas Inc,3.0,15.987066,,,auto,0.0,Not included in top 3 results.
Mountaineers Are Always Free,4.0,,,,,,,auto,0.0,Not found in ProPublica's NonProfit Explorer search method.
Catalyst Oklahoma,4.0,464126174.0,Catalyst Oklahoma Inc,4.0,106.93286,CATALYST OKLAHOMA INC,catalyst oklahoma,manual,,
Planned Parenthood/Pacific Southwest,4.0,956111785.0,Planned Parenthood Of The Pacific Southwest,3.0,169.63727,PLANNED PARENTHOOD OF THE PACIFIC,planned parenthood pacific,manual,,
Planned Parenthood/Pacific Southwest,4.0,330476427.0,Planned Parenthood Affiliates Of California Inc,4.0,40.557747,PLANNED PARENTHOOD ACTION FUND OF THE,planned parenthood action fund,manual,,
Alzheimer's Assn,4.0,,,,,,,auto,0.0,Not found in ProPublica's NonProfit Explorer search method.
Emergency Cmte for Israel,4.0,,,,,,,auto,0.0,Not found in ProPublica's NonProfit Explorer search method.
Extraordinary America,4.0,474096636.0,Extraordinary America,,105.57553,,,manual,,
Extraordinary America,4.0,863933047.0,Extraordinary America Foundation Inc,3.0,91.54768,,,manual,,
Extraordinary America,4.0,994523415.0,League Of Extraordinary Americans,3.0,79.04166,,,manual,,
Extraordinary America,4.0,461143000.0,Latin American Childrens Extraordinary Support,3.0,73.412125,,,auto,0.0,Not included in top 3 results.
Illinois AFL-CIO,,371280824.0,Illinois Afl-cio Outreach,4.0,148.74889,ILLINOIS AFL-CIO OUTREACH,illinois afl cio outreach,manual,,
Illinois AFL-CIO,,362388785.0,American Federation Of Labor & Congress Of Industrial Orgs,5.0,29.452978,AMERICAN FEDERATION OF LABOR AND,american federation labor,manual,,
North Carolina Latino Power,4.0,812248241.0,North Carolina Latino Power,4.0,158.49004,NORTH CAROLINA LATINO POWER,north carolina latino power,manual,,
Ocean Champions,4.0,371502415.0,Ocean Champions,4.0,123.63606,,,manual,,
Crossroads GPS,4.0,,,,,,,auto,0.0,Not found in ProPublica's NonProfit Explorer search method.
Kentucky Opportunity Coalition,4.0,263722621.0,Kentucky Opportunity Coalition,4.0,137.27278,KENTUCKY OPPORTUNITY COALITION INC,kentucky opportunity coalition,manual,,
Carolina Rising,4.0,823812645.0,Carolina Lady Rising Stars,3.0,82.36376,,,manual,,
Carolina Rising,4.0,134202754.0,Phoenix Rising Border Collie Rescue Of South Carolina,3.0,58.65531,,,manual,,
Carolina Rising,4.0,237639976.0,Royal Arch Masons Of South Carolina,8.0,19.55128,,,manual,,
Carolina Rising,4.0,237639977.0,Royal Arch Masons Of South Carolina,8.0,18.425516,,,auto,0.0,Not included in top 3 results.
America Inc,4.0,844275594.0,Americans For America Inc,4.0,47.822117,AMERICANS FOR AMERICA Inc,americans america,manual,,
America Inc,4.0,113654360.0,Americans United For America Inc,3.0,43.732117,,,manual,,
America Inc,4.0,833979648.0,American Cancer Foundation Of America Inc,3.0,43.13026,,,manual,,
America Inc,4.0,570832661.0,Athletes Of America Helping Americans Inc,3.0,40.287468,,,auto,0.0,Not included in top 3 results.
America Inc,4.0,275559192.0,American Hairless Terrier Club Of America Inc,3.0,39.98169,,,auto,0.0,Not included in top 3 results.
America Inc,4.0,273352652.0,America Inc,4.0,38.07611,AMERICA INC,america,auto,0.0,Not included in top 3 results.
America Inc,4.0,581333760.0,American International Schools In The Americas Inc,3.0,37.34642,AMERICAN INTERNATIONAL SCHOOLS IN,american international schools in,auto,0.0,Not included in top 3 results.
America Inc,4.0,842601503.0,Glyndebourne America Inc,3.0,35.034267,GLYNDEBOURNE AMERICA INC CO THE LAW OFFICES OF RICHARD M BLOCK,glyndebourne america co law offices richard m block,auto,0.0,Not included in top 3 results.
America Inc,4.0,453694925.0,America Cup Inc,3.0,35.034267,,,auto,0.0,Not included in top 3 results.
America Inc,4.0,812929803.0,Ivoice America Inc,3.0,35.034267,,,auto,0.0,Not included in top 3 results.
America Inc,4.0,922963159.0,Uncensored America Inc,3.0,35.034267,UNCENSORED AMERICA INC,uncensored america,auto,0.0,Not included in top 3 results.
America Inc,4.0,274022193.0,Winning America Inc,3.0,35.034267,,,auto,0.0,Not included in top 3 results.
America Inc,4.0,621830203.0,Mid-america Chapter Of The American Concrete Institute Inc,3.0,34.88902,,,auto,0.0,Not included in top 3 results.
America Inc,4.0,237104567.0,American Society Of Travel Agents Inc Mid-america Chapter,,34.88902,,,auto,0.0,Not included in top 3 results.
America Inc,4.0,42296967.0,Scholarship America Inc,3.0,34.144276,,,auto,0.0,Not included in top 3 results.
America Inc,4.0,208497991.0,Grameen America Inc,3.0,34.144276,GRAMEEN AMERICA INC,grameen america,auto,0.0,Not included in top 3 results.
America Inc,4.0,331273009.0,Forward America Inc,4.0,34.144276,FORWARD AMERICA INC,forward america,auto,0.0,Not included in top 3 results.
America Inc,4.0,522302253.0,Mag America Inc,3.0,34.144276,MAG AMERICA INC,mag america,auto,0.0,Not included in top 3 results.
America Inc,4.0,237069110.0,Oxfam-america Inc,3.0,34.144276,OXFAM-AMERICA INC,oxfam america,auto,0.0,Not included in top 3 results.
America Inc,4.0,932830316.0,Rewiring America Inc,3.0,34.144276,REWIRING AMERICA,rewiring america,auto,0.0,Not included in top 3 results.
America Inc,4.0,263383926.0,America Gives Inc,3.0,34.144276,AMERICA GIVES INC,america gives,auto,0.0,Not included in top 3 results.
America Inc,4.0,821106814.0,Unite America Inc,4.0,34.144276,UNITE AMERICA INC,unite america,auto,0.0,Not included in top 3 results.
America Inc,4.0,300181674.0,Wateraid America Inc,3.0,34.144276,WATERAID AMERICA INC,wateraid america,auto,0.0,Not included in top 3 results.
America Inc,4.0,273238471.0,America Achieves Inc,3.0,34.144276,AMERICA ACHIEVES INC,america achieves,auto,0.0,Not included in top 3 results.
America Inc,4.0,205355252.0,Environment America Inc,4.0,34.144276,ENVIRONMENT AMERICA INC,environment america,auto,0.0,Not included in top 3 results.
NARAL Pro-Choice America/Colorado,4.0,,,,,,,auto,0.0,Not found in ProPublica's NonProfit Explorer search method.
Focus on the Family,4.0,953188150.0,Focus On The Family,3.0,128.79143,FOCUS ON THE FAMILY,focus on family,manual,,
Focus on the Family,4.0,721433941.0,Focus On The Family Community Services,3.0,108.498276,,,manual,,
Focus on the Family,4.0,823964347.0,Focus On The Heart Family Ministry,3.0,108.498276,,,manual,,
Council for American Job Growth,4.0,,,,,,,auto,0.0,Not found in ProPublica's NonProfit Explorer search method.
Club For Growth,4.0,204681603.0,Club For Growth,4.0,98.28854,CLUB FOR GROWTH,club growth,manual,,
Club For Growth,4.0,261183692.0,Missouri Club For Growth,4.0,89.08169,Missouri Club for Growth,missouri club growth,manual,,
Club For Growth,4.0,201398896.0,Kansas Club For Growth,4.0,89.08169,KANSAS CLUB FOR GROWTH,kansas club growth,manual,,
Club For Growth,4.0,113723921.0,Wisconsin Club For Growth,4.0,89.08169,Wisconsin Club for Growth Inc,wisconsin club growth,auto,0.0,Not included in top 3 results.
Club For Growth,4.0,822552404.0,Club For Growth Foundation Inc,3.0,81.45446,CLUB FOR GROWTH FOUNDATION INC,club growth foundation,auto,0.0,Not included in top 3 results.
Club For Growth,4.0,272773433.0,Sc Club For Growth Foundation,3.0,81.45446,,,auto,0.0,Not included in top 3 results.
Michigan Chamber of Commerce,6.0,381626029.0,Michigan State Chamber Of Commerce,6.0,100.900925,MICHIGAN CHAMBER OF COMMERCE,michigan chamber commerce,manual,,
Michigan Chamber of Commerce,6.0,382872956.0,Michigan Hispanic Chamber Of Commerce,6.0,100.900925,MICHIGAN HISPANIC CHAMBER OF,michigan hispanic chamber,manual,,
Michigan Chamber of Commerce,6.0,205741611.0,Michigan Korean Chamber Of Commerce,3.0,100.900925,THE MICHIGAN KOREAN CHAMBER OF,michigan korean chamber,manual,,
Michigan Chamber of Commerce,6.0,270613553.0,Michigan Inernational Chamber Of Commerce,6.0,100.900925,MICHIGAN INERNATIONAL CHAMBER OF COMMERCE,michigan inernational chamber commerce,auto,0.0,Not included in top 3 results.
Michigan Chamber of Commerce,6.0,994738022.0,Michigan Christian Chamber Of Commerce,6.0,98.3968,,,auto,0.0,Not included in top 3 results.
Michigan Chamber of Commerce,6.0,382381072.0,Chamber Of Commerce Of Novi Michigan,6.0,96.831024,CHAMBER OF COMMERCE OF NOVI MICHIGAN,chamber commerce novi michigan,auto,0.0,Not included in top 3 results.
Michigan Chamber of Commerce,6.0,380655230.0,Michigan West Coast Chamber Of Commerce,6.0,92.94422,MICHIGAN WEST COAST CHAMBER OF COMMERCE,michigan west coast chamber commerce,auto,0.0,Not included in top 3 results.
Michigan Chamber of Commerce,6.0,455238219.0,Michigan Irish American Chamber Of Commerce,6.0,92.94422,,,auto,0.0,Not included in top 3 results.
Michigan Chamber of Commerce,6.0,923941779.0,American Indian Chamber Of Commerce Michigan,6.0,92.94422,,,auto,0.0,Not included in top 3 results.
Michigan Chamber of Commerce,6.0,201483629.0,West Michigan Hispanic Chamber Of Commerce Inc,6.0,86.15196,WEST MICHIGAN HISPANIC CHAMBER OF,west michigan hispanic chamber,auto,0.0,Not included in top 3 results.
Michigan Chamber of Commerce,6.0,275303783.0,West Michigan Hispanic Chamber Of Commerce Foundation,3.0,86.15196,WEST MICHIGAN HISPANIC CHAMBER OF,west michigan hispanic chamber,auto,0.0,Not included in top 3 results.
Michigan Chamber of Commerce,6.0,382476780.0,Michigan West Coast Chamber Of Commerce Foundation,3.0,86.15196,MICHIGAN WEST COAST CHAMBER OF COMMERCE,michigan west coast chamber commerce,auto,0.0,Not included in top 3 results.
Michigan Chamber of Commerce,6.0,350512630.0,Michigan City Area Chamber Of Commerce Inc,6.0,86.15196,MICHIGAN CITY AREA CHAMBER OF COMMERCE INC,michigan city area chamber commerce,auto,0.0,Not included in top 3 results.
Michigan Chamber of Commerce,6.0,272862103.0,West Michigan Blue Star Chamber Of Commerce,6.0,86.15196,,,auto,0.0,Not included in top 3 results.
Michigan Chamber of Commerce,6.0,320437967.0,Finnish American Chamber Of Comerce Upper Michigan,6.0,82.172516,,,auto,0.0,Not included in top 3 results.
Michigan Chamber of Commerce,6.0,822594463.0,Filipino-american Chamber Of Commerce Of Great Lakes Michigan,6.0,78.92817,FILIPINO AMERICAN CHAMBER OF GREAT LAKES OF MICHIGAN,filipino american chamber great lakes michigan,auto,0.0,Not included in top 3 results.
Michigan Chamber of Commerce,6.0,382446565.0,French-american Chamber Of Commerce,6.0,33.36415,THE MI CHAPTER OF THE FRENCH-AMERICAN,mi chapter french american,auto,0.0,Not included in top 3 results.
Southern Alliance for Clean Energy,4.0,581620669.0,Southern Alliance For Clean Energy,3.0,167.5467,SOUTHERN ALLIANCE FOR CLEAN ENERGY,southern alliance clean energy,manual,,
Southern Alliance for Clean Energy,4.0,621103006.0,Southern Alliance For Clean Energy Sace,4.0,154.34825,SOUTHERN ALLIANCE FOR CLEAN ENERGY,southern alliance clean energy,manual,,
Legacy Foundation Action Fund,4.0,452711332.0,The Legacy Foundation Action Fund,4.0,104.78687,THE LEGACY FOUNDATION ACTION FUND,legacy foundation action fund,manual,,
New Jersey Education Assn,4.0,222087936.0,New Jersey Education Association,5.0,38.23892,,,manual,,
New Jersey Education Assn,4.0,521392437.0,New Jersey Education Association,5.0,38.23892,,,manual,,
New Jersey Education Assn,4.0,222131284.0,New Jersey Education Asociation,5.0,38.23892,,,manual,,
New Jersey Education Assn,4.0,221917641.0,New Jersey Education Asociation,5.0,38.23892,,,auto,0.0,Not included in top 3 results.
New Jersey Education Assn,4.0,510228433.0,New Jersey Education Association,5.0,38.23892,,,auto,0.0,Not included in top 3 results.
New Jersey Education Assn,4.0,237105591.0,New Jersey Education Association,5.0,38.23892,,,auto,0.0,Not included in top 3 results.
New Jersey Education Assn,4.0,237130646.0,New Jersey Education Association,5.0,38.23892,,,auto,0.0,Not included in top 3 results.
New Jersey Education Assn,4.0,222046511.0,New Jersey Education Association,5.0,38.23892,,,auto,0.0,Not included in top 3 results.
New Jersey Education Assn,4.0,237211650.0,New Jersey Education Association,5.0,38.23892,,,auto,0.0,Not included in top 3 results.
New Jersey Education Assn,4.0,222167696.0,New Jersey Education Association,5.0,38.23892,,,auto,0.0,Not included in top 3 results.
New Jersey Education Assn,4.0,237201390.0,New Jersey Education Association,5.0,38.23892,,,auto,0.0,Not included in top 3 results.
New Jersey Education Assn,4.0,222275420.0,New Jersey Education Asociation,5.0,38.17649,,,auto,0.0,Not included in top 3 results.
New Jersey Education Assn,4.0,221980837.0,New Jersey Education Association,5.0,38.17649,,,auto,0.0,Not included in top 3 results.
New Jersey Education Assn,4.0,221913666.0,New Jersey Education Association,5.0,35.940826,,,auto,0.0,Not included in top 3 results.
New Jersey Education Assn,4.0,221916457.0,New Jersey Education Asociation,5.0,35.940826,,,auto,0.0,Not included in top 3 results.
New Jersey Education Assn,4.0,221975383.0,New Jersey Education Association,5.0,35.940826,,,auto,0.0,Not included in top 3 results.
New Jersey Education Assn,4.0,237200365.0,New Jersey Education Association,5.0,35.940826,,,auto,0.0,Not included in top 3 results.
New Jersey Education Assn,4.0,221917524.0,New Jersey Education Association,5.0,35.940826,,,auto,0.0,Not included in top 3 results.
New Jersey Education Assn,4.0,237216727.0,New Jersey Education Association,5.0,35.940826,,,auto,0.0,Not included in top 3 results.
New Jersey Education Assn,4.0,222046434.0,New Jersey Education Association,5.0,35.940826,,,auto,0.0,Not included in top 3 results.
New Jersey Education Assn,4.0,237216869.0,New Jersey Education Association,5.0,35.940826,,,auto,0.0,Not included in top 3 results.
New Jersey Education Assn,4.0,237114158.0,New Jersey Education Association,5.0,35.940826,,,auto,0.0,Not included in top 3 results.
New Jersey Education Assn,4.0,237130644.0,New Jersey Education Association,5.0,35.940826,,,auto,0.0,Not included in top 3 results.
New Jersey Education Assn,4.0,510171506.0,New Jersey Education Association,5.0,35.940826,,,auto,0.0,Not included in top 3 results.
New Jersey Education Assn,4.0,237094852.0,New Jersey Education Association,5.0,35.940826,,,auto,0.0,Not included in top 3 results.
Fuels America,6.0,460991009.0,Fuels America,4.0,102.987625,,,manual,,
Fuels America,6.0,431623643.0,The Clean Fuels Alliance America,6.0,76.532166,CLEAN FUELS ALLIANCE AMERICA,clean fuels alliance america,manual,,
Fuels America,6.0,811596257.0,Latin America Clean Fuels Association,6.0,76.532166,LATIN AMERICAN CLEAN FUELS ASSOCIATION,latin american clean fuels association,manual,,
Fuels America,6.0,933905664.0,Americans For Clean Aviation Fuels,4.0,70.353485,AMERICANS FOR CLEAN AVIATION FUELS,americans clean aviation fuels,auto,0.0,Not included in top 3 results.
Fuels America,6.0,223117578.0,American Ref-fuel Preston,3.0,65.3058,,,auto,0.0,Not included in top 3 results.
Fuels America,6.0,530115970.0,American Fuel And Petrochemical Manufacturers,6.0,59.716133,AMERICAN FUEL AND PETROCHEMICAL,american fuel petrochemical,auto,0.0,Not included in top 3 results.
Fuels America,6.0,923316884.0,American Fuel And Petrochemical Initiative,3.0,59.716133,,,auto,0.0,Not included in top 3 results.
Fuels America,6.0,526054150.0,American Chemical Society,3.0,23.555159,Division of Energy & Fuels of The American Chemical Society,division energy fuels american chemical society,auto,0.0,Not included in top 3 results.
Illinois Chamber of Commerce,6.0,370159790.0,Central Illinois Chamber Of Commerce,6.0,103.79196,CENTRAL ILLINOIS CHAMBER OF,central illinois chamber,manual,,
Illinois Chamber of Commerce,6.0,361254650.0,Illinois State Chamber Of Commerce,6.0,102.78947,ILLINOIS CHAMBER OF COMMERCE,illinois chamber commerce,manual,,
Illinois Chamber of Commerce,6.0,611948438.0,Illinois Muslim Chamber Of Commerce,3.0,102.78947,Illinois Muslim Chamber of Commerce,illinois muslim chamber commerce,manual,,
Illinois Chamber of Commerce,6.0,872159779.0,Rosemont Illinois Chamber Of Commerce,6.0,102.78947,ROSEMONT ILLINOIS CHAMBER OF,rosemont illinois chamber,auto,0.0,Not included in top 3 results.
Illinois Chamber of Commerce,6.0,510162406.0,Nashville Illinois Chamber Of Commerce,6.0,102.78947,NASHVILLE CHAMBER OF COMMERCE,nashville chamber commerce,auto,0.0,Not included in top 3 results.
Illinois Chamber of Commerce,6.0,930827956.0,Illinois Valley Chamber Of Commerce,6.0,102.78947,,,auto,0.0,Not included in top 3 results.
Illinois Chamber of Commerce,6.0,842554841.0,Illinois Veterans Chamber Of Commerce,6.0,102.78947,,,auto,0.0,Not included in top 3 results.
Illinois Chamber of Commerce,6.0,812614131.0,Black Chamber Of Commerce Of Illinois,6.0,98.57323,,,auto,0.0,Not included in top 3 results.
Illinois Chamber of Commerce,6.0,521150411.0,Lithuanian Chamber Of Commerce Of Illinois,6.0,98.57323,,,auto,0.0,Not included in top 3 results.
Illinois Chamber of Commerce,6.0,352417992.0,Illinois Hispanic Chamber Of Commerce Foundation,3.0,94.67791,ILLINOIS HISPANIC CC FOUNDATION,illinois hispanic cc foundation,auto,0.0,Not included in top 3 results.
Illinois Chamber of Commerce,6.0,474904171.0,Chicago Illinois Korean Chamber Of Commerce,6.0,92.48097,,,auto,0.0,Not included in top 3 results.
Illinois Chamber of Commerce,6.0,852737629.0,Asian American Chamber Of Commerce Of Illinois,3.0,91.62583,ASIAN AMERICAN CHAMBER OF COMMERCE OF ILLINOIS,asian american chamber commerce illinois,auto,0.0,Not included in top 3 results.
Illinois Chamber of Commerce,6.0,366166429.0,Illinois Association Of Chamber Of Commerce Executives,6.0,91.62583,Illinois Association Chamber Commerce Executives,illinois association chamber commerce executives,auto,0.0,Not included in top 3 results.
Illinois Chamber of Commerce,6.0,813433718.0,Native American Chamber Of Commerce Of Illinois,3.0,91.62583,,,auto,0.0,Not included in top 3 results.
Illinois Chamber of Commerce,6.0,363778777.0,Mexican American Chamber Of Commerce Of Illinois Inc,6.0,90.7436,MEXICAN AMERICAN CHAMBER OF COMMERC,mexican american chamber commerc,auto,0.0,Not included in top 3 results.
Illinois Chamber of Commerce,6.0,364478202.0,Illinois State Black Chamber Of Commerce Inc,6.0,87.75431,Illinois State Black Chamber of Commerce Inc,illinois state black chamber commerce,auto,0.0,Not included in top 3 results.
Illinois Chamber of Commerce,6.0,931411601.0,Illinois Valley Area Chamber Of Commerce Foundation,3.0,87.75431,,,auto,0.0,Not included in top 3 results.
Illinois Chamber of Commerce,6.0,364778202.0,Illinois State Black Chamber Of Commerce Inc,,87.75431,,,auto,0.0,Not included in top 3 results.
Illinois Chamber of Commerce,6.0,392405423.0,Illinois Black American Chamber Of Commerce Inc,6.0,85.84331,,,auto,0.0,Not included in top 3 results.
Illinois Chamber of Commerce,6.0,361352170.0,Illinois Valley Area Chamber Of Commerce And Economic Development,6.0,76.55972,ILLINOIS VALLEY AREA CHAMBER OF COMMERCE,illinois valley area chamber commerce,auto,0.0,Not included in top 3 results.
Illinois Chamber of Commerce,6.0,370704631.0,United States Junior Chamber Of Commerce,4.0,27.45584,UNITED STATES JUNIOR CHAMBER OF COMMERCE,united states junior chamber commerce,auto,0.0,Not included in top 3 results.
Foundation for Economic Prosperity,4.0,465333489.0,Foundation For Economic Prosperity Inc,4.0,111.13167,FOUNDATION FOR ECONOMIC PROSPERITY INC,foundation economic prosperity,manual,,
Michigan for All,4.0,825149389.0,Michigan For All,3.0,103.37859,,,manual,,
Michigan for All,4.0,474173428.0,Southwest Michigan Peace For All,3.0,85.689354,,,manual,,
Michigan for All,4.0,473509588.0,Arts For All Of Northern Michigan,3.0,78.93874,Arts For All of Northern Michigan,arts all northern michigan,manual,,
Michigan for All,4.0,383312152.0,Michigan State University,3.0,27.304703,,,auto,0.0,Not included in top 3 results.
American Commitment,4.0,452600535.0,American Commitment,4.0,112.17854,AMERICAN COMMITMENT,american commitment,manual,,
American Commitment,4.0,812956518.0,American Commitment Foundation,3.0,100.59454,AMERICAN COMMITMENT FOUNDATION,american commitment foundation,manual,,
American Medical Assn,6.0,272578246.0,American Medical Writers Assn North Central Chapter,3.0,76.891525,,,manual,,
American Medical Assn,6.0,363910201.0,Indian American Medical Assn Il Charitable Foundation Inc,3.0,71.656395,INDIAN AMERICAN MEDICAL ASSOCIATION,indian american medical association,manual,,
American Medical Assn,6.0,510161835.0,Nebraska State Society Of American Assn Of Medical Assistants Inc,6.0,63.069912,,,manual,,
American Medical Assn,6.0,820854185.0,Northern California Chapter Of The American Medical Writers Assn Inc,3.0,63.069912,,,auto,0.0,Not included in top 3 results.
American Medical Assn,6.0,942901694.0,American Association Of Physicians For Human Rights Inc,3.0,19.696354,AMERICAN ASSOCIATION OF PHYSICIANS FOR HUMAN RIGHT,american association physicians human right,auto,0.0,Not included in top 3 results.
National Organization for Marriage,4.0,207472471.0,National Organization For Marriage Education Fund,3.0,112.4149,National Organization For Marriage Education Fund,national organization marriage education fund,manual,,
Freedom Vote,4.0,273004397.0,Freedom Vote Inc,4.0,106.78464,,,manual,,
Independent Insurance Agents & Brokers of America,6.0,880072961.0,Nevada Independent Insurance Agents,6.0,130.10352,NEVADA INDEPENDENT INSURANCE AGENTS,nevada independent insurance agents,manual,,
Independent Insurance Agents & Brokers of America,6.0,940489857.0,Independent Insurance Agents Association,6.0,130.10352,Independent Insurance Agents & Brokers,independent insurance agents brokers,manual,,
Independent Insurance Agents & Brokers of America,6.0,160754800.0,Independent Insurance Agents Assn,6.0,130.10352,Independent Insurance Agents' Association of WNY Inc,independent insurance agents association wny,manual,,
Independent Insurance Agents & Brokers of America,6.0,356042478.0,Richmond Independent Insurance Agents,6.0,130.10352,,,auto,0.0,Not included in top 3 results.
Independent Insurance Agents & Brokers of America,6.0,741286506.0,Independent Insurance Agents Of Texas,6.0,118.9763,INDEPENDENT INSURANCE AGENTS OF TEXAS,independent insurance agents texas,auto,0.0,Not included in top 3 results.
Independent Insurance Agents & Brokers of America,6.0,371301916.0,Independent Insurance Agents Of Illinois,6.0,118.9763,INDEPENDENT INSURANCE AGENTS OF ILLINOIS,independent insurance agents illinois,auto,0.0,Not included in top 3 results.
Independent Insurance Agents & Brokers of America,6.0,620379523.0,Independent Insurance Agents Of Tennessee,6.0,118.9763,INDEPENDENT INSURANCE AGENTS OF TENNESSEE INC,independent insurance agents tennessee,auto,0.0,Not included in top 3 results.
Independent Insurance Agents & Brokers of America,6.0,420650404.0,Independent Insurance Agents Of Iowa,6.0,118.9763,INDEPENDENT INSURANCE AGENTS OF,independent insurance agents,auto,0.0,Not included in top 3 results.
Independent Insurance Agents & Brokers of America,6.0,390711474.0,Independent Insurance Agents Of Wisconsin,6.0,118.9763,INDEPENDENT INSURANCE AGENTS OF,independent insurance agents,auto,0.0,Not included in top 3 results.
Independent Insurance Agents & Brokers of America,6.0,221151205.0,Independent Insurance Agents Of Nj,6.0,118.9763,Independent Insurance Agents of NJ,independent insurance agents nj,auto,0.0,Not included in top 3 results.
Independent Insurance Agents & Brokers of America,6.0,710038990.0,Independent Insurance Agents Of Arkansas,6.0,118.9763,INDEPENDENT INSURANCE AGENTS OF AR,independent insurance agents ar,auto,0.0,Not included in top 3 results.
Independent Insurance Agents & Brokers of America,6.0,630001943.0,Alabama Independent Insurance Agents Incorporated,6.0,118.9763,ALABAMA INDEPENDENT INSURANCE,alabama independent insurance,auto,0.0,Not included in top 3 results.
Independent Insurance Agents & Brokers of America,6.0,411757272.0,Minnesota Independent Insurance Agents & Brokers,6.0,118.9763,MINNESOTA INDEPENDENT INSURANCE AGENTS &,minnesota independent insurance agents,auto,0.0,Not included in top 3 results.
Independent Insurance Agents & Brokers of America,6.0,640204857.0,Independent Insurance Agents Of Mississippi,6.0,118.9763,INDEPENDENT INSURANCE AGENTS,independent insurance agents,auto,0.0,Not included in top 3 results.
Independent Insurance Agents & Brokers of America,6.0,470248193.0,Independent Insurance Agents Of Nebraska,6.0,118.9763,INDEPENDENT INSURANCE AGENTS OF,independent insurance agents,auto,0.0,Not included in top 3 results.
Independent Insurance Agents & Brokers of America,6.0,750224100.0,Independent Insurance Agents Of Dallas,6.0,118.9763,Independent Insurance Agents of Dallas,independent insurance agents dallas,auto,0.0,Not included in top 3 results.
Independent Insurance Agents & Brokers of America,6.0,930241594.0,Independent Insurance Agents Of Oregon,6.0,118.9763,INDEPENDENT INSURANCE AGENTS AND BROKERS,independent insurance agents brokers,auto,0.0,Not included in top 3 results.
Independent Insurance Agents & Brokers of America,6.0,916033271.0,Independent Insurance Agents Of Washington,6.0,118.9763,Independent Insurance Agents & Broker,independent insurance agents broker,auto,0.0,Not included in top 3 results.
Independent Insurance Agents & Brokers of America,6.0,990265328.0,Hawaii Independent Insurance Agents Association,6.0,118.9763,HAWAII INDEPENDENT INSURANCE AGENTS ASSO,hawaii independent insurance agents asso,auto,0.0,Not included in top 3 results.
Independent Insurance Agents & Brokers of America,6.0,741469837.0,Independent Insurance Agents Of Austin,6.0,118.9763,INDEPENDENT INSURANCE AGENTS,independent insurance agents,auto,0.0,Not included in top 3 results.
Independent Insurance Agents & Brokers of America,6.0,756035761.0,Independent Insurance Agents Of Amarillo,6.0,118.9763,,,auto,0.0,Not included in top 3 results.
Independent Insurance Agents & Brokers of America,6.0,237111780.0,Independent Insurance Agents Of Tyler,6.0,118.9763,,,auto,0.0,Not included in top 3 results.
Independent Insurance Agents & Brokers of America,6.0,470346003.0,Independent Insurance Agents Of Omaha,6.0,118.9763,,,auto,0.0,Not included in top 3 results.
Independent Insurance Agents & Brokers of America,6.0,205886251.0,Independent Insurance Agents Oftexas Foundation,3.0,113.23863,,,auto,0.0,Not included in top 3 results.
Independent Insurance Agents & Brokers of America,6.0,580254843.0,Independent Insurance Agents Of Georgia Inc,6.0,109.60485,Independent Insurance Agents of GA Inc,independent insurance agents ga,auto,0.0,Not included in top 3 results.
National Council of La Raza,4.0,,,,,,,auto,0.0,Not found in ProPublica's NonProfit Explorer search method.
Americans For Tax Reform,4.0,521403587.0,Americans For Tax Reform,4.0,142.20166,Americans for Tax Reform,americans tax reform,manual,,
Planned Parenthood/Mar Monte,4.0,941583439.0,Planned Parenthood Mar Monte Inc,3.0,190.35999,PLANNED PARENTHOOD MAR MONTE INC,planned parenthood mar monte,manual,,
State Tea Party Express,4.0,453200196.0,State Tea Party Express,,173.30263,,,manual,,
Americans for a Conservative Direction,4.0,,,,,,,auto,0.0,Not found in ProPublica's NonProfit Explorer search method.
Planned Parenthood/Minnesota,4.0,410948382.0,Planned Parenthood Minnesota North Dakota South Dakota,3.0,121.29186,PLANNED PARENTHOOD MINNESOTA NORTH,planned parenthood minnesota north,manual,,
Planned Parenthood/Minnesota,4.0,473878626.0,Planned Parenthood Minnesota North Dakota South Dakota Fund,3.0,113.035805,PLANNED PARENTHOOD NORTH CENTRAL STATES,planned parenthood north central states,manual,,
Planned Parenthood/Minnesota,4.0,411709702.0,Planned Parenthood Of Minnesota North Dakota South Dakota Actn Fnd,4.0,99.493866,PLANNED PARENTHOOD MINNESOTA NORTH,planned parenthood minnesota north,manual,,
Health Coalition on Liability & Access,4.0,521878313.0,Health Coalition On Liability And Access,6.0,140.16121,HEALTH COALITION ON LIABILITY AND ACCESS,health coalition on liability access,manual,,
Georgia Credit Union League,6.0,580255610.0,Georgia Credit Union League Inc,6.0,129.62454,,,manual,,
Georgia Credit Union League,6.0,311799057.0,Georgia Credit Union League Inc,14.0,123.40575,,,manual,,
Georgia Credit Union League,6.0,884108170.0,Middle Georgia Chapter Of The League Of Southeastern Credit Unio,6.0,85.84408,,,manual,,
Georgia Credit Union League,6.0,920287457.0,Southeast Georgia Chapter Of The League Of Southeastern Credit Unio,6.0,85.84408,,,auto,0.0,Not included in top 3 results.
Georgia Credit Union League,6.0,920237657.0,South Georgia Chapter Of The League Of Southeastern Credit Unions Inc,6.0,81.92588,SOUTH GEORGIA CHAPTER OF THE LEAGUE,south georgia chapter league,auto,0.0,Not included in top 3 results.
Georgia Credit Union League,6.0,363304223.0,Illinois Credit Union League,6.0,34.973988,,,auto,0.0,Not included in top 3 results.
Catholic Advocate,4.0,271728961.0,Catholic Advocate,4.0,96.62378,Catholic Advocate,catholic advocate,manual,,
Catholic Advocate,4.0,475583774.0,Catholic Vocations Advocates,3.0,80.61594,CATHOLIC VOCATIONS ADVOCATES,catholic vocations advocates,manual,,
Catholic Advocate,4.0,272001309.0,Catholic Advocate Educational Fund,3.0,78.54012,,,manual,,
Catholic Advocate,4.0,300523644.0,Advocates For Catholic Education And Organizations,3.0,61.560787,ADVOCATES FOR CATHOLIC EDUCATION &,advocates catholic education,auto,0.0,Not included in top 3 results.
Catholic Advocate,4.0,275336848.0,Faithful Advocates For Catholic Education On The Shore Inc,3.0,49.797997,,,auto,0.0,Not included in top 3 results.
Human Rights Campaign,4.0,521243457.0,Human Rights Campaign Inc,4.0,143.87073,HUMAN RIGHTS CAMPAIGN INC,human rights campaign,manual,,
Human Rights Campaign,4.0,521481896.0,Human Rights Campaign Foundation,3.0,143.87073,HUMAN RIGHTS CAMPAIGN FOUNDATION,human rights campaign foundation,manual,,
Human Rights Campaign,4.0,934683421.0,Palestine Human Rights Campaign,3.0,143.87073,,,manual,,
Human Rights Campaign,4.0,874741889.0,Human Rights Campaign For Iran,3.0,131.56607,,,auto,0.0,Not included in top 3 results.
Human Rights Campaign,4.0,275305580.0,Campaign For Human Rights Inc,3.0,128.79279,CAMPAIGN FOR HUMAN RIGHTS INC,campaign human rights,auto,0.0,Not included in top 3 results.
Human Rights Campaign,4.0,832771682.0,Aging People In Prison Human Rights Campaign,3.0,109.80183,,,auto,0.0,Not included in top 3 results.
Americans for Job Security,6.0,522062978.0,Americans For Job Security,6.0,144.50385,,,manual,,
Americans for Job Security,6.0,264059896.0,Americans Allied For Jobs And Security,4.0,107.21113,AMERICANS ALLIED FOR JOBS AND SECURITY,americans allied jobs security,manual,,
Americans for Tax Reform,4.0,521403587.0,Americans For Tax Reform,4.0,142.20166,Americans for Tax Reform,americans tax reform,manual,,
Americans for Responsible Leadership,4.0,452841608.0,Americans For Responsible Leadership,4.0,139.49553,,,manual,,
YG Network,4.0,,,,,,,auto,0.0,Not found in ProPublica's NonProfit Explorer search method.
CitizenLink,4.0,,,,,,,auto,0.0,Not found in ProPublica's NonProfit Explorer search method.
National Federation of Independent Business,6.0,940707299.0,National Federation Of Independent Business Inc,6.0,123.65657,NATIONAL FEDERATION OF INDEPENDENT,national federation independent,manual,,
Center for Individual Freedom,4.0,541916980.0,Center For Individual Freedom,4.0,144.61543,CENTER FOR INDIVIDUAL FREEDOM,center individual freedom,manual,,
American Energy Alliance,4.0,262731617.0,American Energy Alliance,4.0,109.55519,AMERICAN ENERGY ALLIANCE,american energy alliance,manual,,
American Energy Alliance,4.0,201728102.0,Securing Americas Future Energy Alliance Inc,4.0,81.15026,SECURING AMERICA'S FUTURE ENERGY,securing america s future energy,manual,,
Americans Elect,4.0,43519050.0,American Fedetation Of State County & Municipal Employees,5.0,14.479839,,,manual,,
Americans Elect,4.0,136107108.0,American Federation Of State County & Municipal Employees,5.0,13.7689,LOCAL 1322 AFSCME AFLCIO,local 1322 afscme aflcio,manual,,
VoteVets.org,4.0,,,,,,,auto,0.0,Not found in ProPublica's NonProfit Explorer search method.
New American Energy Opportunity Foundation,4.0,,,,,,,auto,0.0,Not found in ProPublica's NonProfit Explorer search method.
Citizen Awareness Project,4.0,883792977.0,Citizen Awareness Project,4.0,125.321724,,,manual,,
Citizen Awareness Project,4.0,455542575.0,Citizen Awareness Project Inc,4.0,113.596954,CITIZEN AWARENESS PROJECT INC,citizen awareness project,manual,,
Michigan League of Conservation Voters,4.0,371430158.0,Michigan League Of Conservation Voters Education Fund,3.0,132.73285,MICHIGAN LEAGUE OF CONSERVATION,michigan league conservation,manual,,
Hispanic Leadership Fund,4.0,262383617.0,Hispanic Leadership Fund Inc,4.0,112.80414,The Hispanic Leadership Fund Inc,hispanic leadership fund,manual,,
American Resort Development Assn,6.0,,,,,,,auto,0.0,Not found in ProPublica's NonProfit Explorer search method.
Veterans for a Strong America,4.0,,,,,,,auto,0.0,Not found in ProPublica's NonProfit Explorer search method.
Fair Share Alliance,4.0,,,,,,,auto,0.0,Not found in ProPublica's NonProfit Explorer search method.
National Right to Life,4.0,520986195.0,National Right To Life Committee Inc,4.0,113.53323,NATIONAL RIGHT TO LIFE COMMITTEE INC,national right to life committee,manual,,
National Right to Life,4.0,521257773.0,National Right To Life Conventions Inc,4.0,113.53323,NATIONAL RIGHT TO LIFE CONVENTIONS INC,national right to life conventions,manual,,
National Right to Life,4.0,731010913.0,National Right To Life Educational Foundation Inc,3.0,105.24483,NATIONAL RIGHT TO LIFE EDUCATIONAL,national right to life educational,manual,,
National Right to Life,4.0,521241126.0,National Right To Life Committee Educational Trust Fund,3.0,98.08539,NATIONAL RIGHT TO LIFE COMMITTEE,national right to life committee,auto,0.0,Not included in top 3 results.
Faith & Freedom Coalition,4.0,861604260.0,Faith Arts Council,3.0,49.205868,,,manual,,
Faith & Freedom Coalition,4.0,464742503.0,Faith 2 Faith,3.0,47.42004,,,manual,,
Faith & Freedom Coalition,4.0,863230604.0,Faith Area Community Foundation,3.0,45.809807,FAITH AREA COMMUNITY FOUNDATION,faith area community foundation,manual,,
Faith & Freedom Coalition,4.0,824161647.0,Faith Community Endowment Inc,3.0,45.809807,,,auto,0.0,Not included in top 3 results.
Faith & Freedom Coalition,4.0,237086540.0,Faith,3.0,45.749607,,,auto,0.0,Not included in top 3 results.
Faith & Freedom Coalition,4.0,450351173.0,Faith,3.0,45.749607,,,auto,0.0,Not included in top 3 results.
Faith & Freedom Coalition,4.0,456038532.0,Faith,3.0,45.749607,,,auto,0.0,Not included in top 3 results.
Faith & Freedom Coalition,4.0,840751266.0,Faith,3.0,45.749607,,,auto,0.0,Not included in top 3 results.
Faith & Freedom Coalition,4.0,916193259.0,Faith,3.0,45.749607,,,auto,0.0,Not included in top 3 results.
Faith & Freedom Coalition,4.0,930495196.0,Faith,3.0,45.749607,,,auto,0.0,Not included in top 3 results.
Faith & Freedom Coalition,4.0,263820181.0,Faith To Faith Minstry,3.0,44.42259,FAITH TO FAITH MINISTRY,faith to faith ministry,auto,0.0,Not included in top 3 results.
Faith & Freedom Coalition,4.0,261615337.0,Faith 2 Faith Ministries,3.0,44.42259,,,auto,0.0,Not included in top 3 results.
Faith & Freedom Coalition,4.0,383040894.0,Faith To Faith Church,3.0,44.42259,,,auto,0.0,Not included in top 3 results.
Faith & Freedom Coalition,4.0,272183685.0,Faith To Faith Ministries,3.0,44.42259,,,auto,0.0,Not included in top 3 results.
Faith & Freedom Coalition,4.0,372061344.0,Faith To Faith Ministries,3.0,44.42259,,,auto,0.0,Not included in top 3 results.
Faith & Freedom Coalition,4.0,710888503.0,Faith Fourth Of July Committee,3.0,42.995766,FAITH FOURTH OF JULY COMMITTEE INC,faith fourth july committee,auto,0.0,Not included in top 3 results.
Faith & Freedom Coalition,4.0,753262681.0,Faith Community Action Team Inc,3.0,42.995766,,,auto,0.0,Not included in top 3 results.
Faith & Freedom Coalition,4.0,742788399.0,Faith Tabernacle,3.0,41.849598,,,auto,0.0,Not included in top 3 results.
Faith & Freedom Coalition,4.0,912046490.0,Faith Tabernacle,3.0,41.849598,,,auto,0.0,Not included in top 3 results.
Faith & Freedom Coalition,4.0,208370780.0,Faith 2 Faith Ministries International,3.0,41.782375,FAITH 2 FAITH MINISTRIES INC,faith 2 faith ministries,auto,0.0,Not included in top 3 results.
Faith & Freedom Coalition,4.0,205390461.0,Faith To Faith Ministry Inc,3.0,41.782375,,,auto,0.0,Not included in top 3 results.
Faith & Freedom Coalition,4.0,300741532.0,Faith To Faith Christian Center,3.0,41.782375,,,auto,0.0,Not included in top 3 results.
Faith & Freedom Coalition,4.0,800666902.0,Faith To Faith Fellowship Ministries,3.0,41.782375,,,auto,0.0,Not included in top 3 results.
Faith & Freedom Coalition,4.0,450541602.0,Faith To Faith International Inc,3.0,41.782375,,,auto,0.0,Not included in top 3 results.
Faith & Freedom Coalition,4.0,232989401.0,Faith To Faith Ministry Inc,3.0,41.782375,,,auto,0.0,Not included in top 3 results.
Special Operations OPSEC Education Fund,4.0,455552554.0,Special Operations Opsec Education Fund Inc,4.0,196.82617,Special Operations OPSEC Education Fund Inc,special operations opsec education fund,manual,,
Freedom Path,4.0,900648831.0,Freedom Path,,109.19941,,,manual,,
Freedom Path,4.0,300991241.0,Freedoms Path,3.0,102.14611,,,manual,,
Freedom Path,4.0,871169750.0,Freedom Path 307,4.0,97.92234,FREEDOM PATH 307,freedom path 307,manual,,
Freedom Path,4.0,455474048.0,Freedom Path Inc,3.0,97.92234,FREEDOM PATH INC,freedom path,auto,0.0,Not included in top 3 results.
Freedom Path,4.0,332907189.0,Freedom Path Initiative,3.0,97.92234,,,auto,0.0,Not included in top 3 results.
Freedom Path,4.0,832210496.0,Freedom Path Counseling Inc,3.0,88.76033,FREEDOM PATH COUNSELING INC,freedom path counseling,auto,0.0,Not included in top 3 results.
Freedom Path,4.0,333160071.0,Path To Freedom Foundation,3.0,88.76033,,,auto,0.0,Not included in top 3 results.
Freedom Path,4.0,872277407.0,Syria Freedom Path Inc,3.0,88.76033,SYRIA FREEDOM PATH INC,syria freedom path,auto,0.0,Not included in top 3 results.
Freedom Path,4.0,341986892.0,Freedom Path Min Inc,,88.76033,,,auto,0.0,Not included in top 3 results.
Freedom Path,4.0,414474789.0,Path To Freedom Project,3.0,88.76033,,,auto,0.0,Not included in top 3 results.
Freedom Path,4.0,874029399.0,Paths To Freedom,3.0,84.510315,PATHS TO FREEDOM,paths to freedom,auto,0.0,Not included in top 3 results.
Freedom Path,4.0,812109011.0,Texas Freedoms Path Inc,3.0,83.02722,Texas Freedoms Path,texas freedoms path,auto,0.0,Not included in top 3 results.
Freedom Path,4.0,414932806.0,Freedom Path Veteran Housing Inc,3.0,81.16856,,,auto,0.0,Not included in top 3 results.
Freedom Path,4.0,852676264.0,Sure Path To Freedom Now Cdc,3.0,74.774734,,,auto,0.0,Not included in top 3 results.
Concerned Women for America Legislative Action,4.0,953370744.0,Concerned Women For America Legislative Action Committee,4.0,180.0101,CONCERNED WOMEN FOR AMERICA,concerned women america,manual,,
USAction,4.0,522214305.0,Usaction,4.0,123.044014,,,manual,,
USAction,4.0,522214307.0,Usaction Education Fund,3.0,97.60134,,,manual,,
Heritage Action for America,4.0,272244700.0,Heritage Action For America,4.0,120.87082,HERITAGE ACTION FOR AMERICA,heritage action america,manual,,
Let Freedom Ring,4.0,320175290.0,Let Freedom Ring,3.0,169.27129,,,manual,,
Let Freedom Ring,4.0,831053673.0,Let Freedom Ring Foundation,3.0,153.43277,LET FREEDOM RING FOUNDATION,let freedom ring foundation,manual,,
Let Freedom Ring,4.0,61719990.0,Let Freedom Ring Inc,4.0,153.43277,,,manual,,
Protect the Harvest,4.0,471734842.0,Protect The Harvest,3.0,98.12891,PROTECT THE HARVEST,protect harvest,manual,,
Protect the Harvest,4.0,842516466.0,The Harvest Project Inc,3.0,84.73583,THE HARVEST PROJECT INC,harvest project,manual,,
Protect the Harvest,4.0,453551569.0,Protect The Harvest Action Fund,4.0,81.339775,PROTECT THE HARVEST ACTION FUND,protect harvest action fund,manual,,
Protect the Harvest,4.0,334431576.0,Harvest Outreach People Project,3.0,24.784662,,,auto,0.0,Not included in top 3 results.
Texas Credit Union League,6.0,,,,,,,auto,0.0,Not found in ProPublica's NonProfit Explorer search method.
United Against Illegal Guns Support Fund,,,,,,,,auto,0.0,Not found in ProPublica's NonProfit Explorer search method.
Mayors Against Illegal Guns,4.0,,,,,,,auto,0.0,Not found in ProPublica's NonProfit Explorer search method.
Environment America,4.0,205355252.0,Environment America Inc,4.0,77.33996,ENVIRONMENT AMERICA INC,environment america,manual,,
Environment America,4.0,541621128.0,American Environment Foundation,3.0,73.61241,,,manual,,
Environment America,4.0,810492844.0,Save Americas Visual Environment,3.0,66.71957,,,manual,,
Environment America,4.0,464950562.0,American Creative Environment Inc,3.0,61.913292,AMERICAN CREATIVE ENVIRONMENT INC,american creative environment,auto,0.0,Not included in top 3 results.
Environment America,4.0,205844470.0,Environment For The Americas Inc,3.0,61.00894,ENVIRONMENT FOR THE AMERICAS INC,environment americas,auto,0.0,Not included in top 3 results.
Environment America,4.0,275548684.0,American Canines For The Environment,3.0,61.00894,,,auto,0.0,Not included in top 3 results.
Environment America,4.0,510185266.0,American Environmental Health Found,3.0,58.274384,American Environmental Health Found,american environmental health found,auto,0.0,Not included in top 3 results.
Environment America,4.0,201135038.0,Ukrainian American Environmental Association,3.0,58.274384,,,auto,0.0,Not included in top 3 results.
Environment America,4.0,921581198.0,American Environmental Intervention Services,3.0,58.274384,AMERICAN ENVIRONMENTAL INTERVENTION SERVICES,american environmental intervention services,auto,0.0,Not included in top 3 results.
Environment America,4.0,422250932.0,American Coalition For Educational Environments,3.0,57.147766,,,auto,0.0,Not included in top 3 results.
Environment America,4.0,881086042.0,Environmental Innovators Of America Inc,3.0,56.375935,,,auto,0.0,Not included in top 3 results.
Environment America,4.0,371552329.0,North American Environment Protection Association Inc,3.0,54.837646,NORTH AMERICAN MARINE ENVIRONMENT,north american marine environment,auto,0.0,Not included in top 3 results.
Environment America,4.0,134339865.0,Environment America Research And Policy Center Inc,3.0,54.73262,ENVIRONMENT AMERICA RESEARCH AND POLICY,environment america research policy,auto,0.0,Not included in top 3 results.
Environment America,4.0,330743220.0,Native American Environmental Protection Coalition,3.0,53.2866,NATIVE AMERICAN ENVIRONMENTAL,native american environmental,auto,0.0,Not included in top 3 results.
Environment America,4.0,840960966.0,American Society For Environmental History,3.0,53.2866,AMERICAN SOCIETY FOR ENVIRONMENTAL HISTORY,american society environmental history,auto,0.0,Not included in top 3 results.
Environment America,4.0,680366936.0,Chinese-american Environmental Protection Association,3.0,53.2866,,,auto,0.0,Not included in top 3 results.
Environment America,4.0,431629481.0,Mid America Assn Of Environmental Professionals,3.0,51.932224,,,auto,0.0,Not included in top 3 results.
Environment America,4.0,452154817.0,New Environmental Leaders Of America Inc,3.0,51.932224,,,auto,0.0,Not included in top 3 results.
Environment America,4.0,474099236.0,American Association Of Multi-sensory Environments,3.0,51.367046,,,auto,0.0,Not included in top 3 results.
Environment America,4.0,237379946.0,American Israel Environmental Council,3.0,51.328835,,,auto,0.0,Not included in top 3 results.
Environment America,4.0,237158061.0,North American Association For Environmental Education,3.0,49.086388,NORTH AMERICAN ASSOCIATION FOR ENVIRONMENTAL EDUCA,north american association environmental educa,auto,0.0,Not included in top 3 results.
Environment America,4.0,621599535.0,American Environmental Health Studies Project Inc,3.0,49.086388,AMERICAN ENVIRONMENTAL HEALTH STUDIES PR,american environmental health studies pr,auto,0.0,Not included in top 3 results.
Environment America,4.0,201867780.0,Central American Education And Environmental Fund,3.0,49.086388,Central American Education &,central american education,auto,0.0,Not included in top 3 results.
Environment America,4.0,731317565.0,American Board Of Environmental Medicine Inc,6.0,49.086388,,,auto,0.0,Not included in top 3 results.
Environment America,4.0,932164243.0,American Environmental Research Organization Aero Inc,3.0,49.086388,,,auto,0.0,Not included in top 3 results.
Health Coalition on Liability & Access,6.0,521878313.0,Health Coalition On Liability And Access,6.0,140.16121,HEALTH COALITION ON LIABILITY AND ACCESS,health coalition on liability access,manual,,
Working for Michigan,4.0,,,,,,,auto,0.0,Not found in ProPublica's NonProfit Explorer search method.
Progressive Leadership Alliance/Nevada Action Fund,4.0,452606048.0,Progressive Leadership Alliance Of Nevada Action Fund,4.0,178.31935,PROGRESSIVE LEADERSHIP ALLIANCE OF NEVADA ACTION,progressive leadership alliance nevada action,manual,,
American Principles in Action,4.0,,,,,,,auto,0.0,Not found in ProPublica's NonProfit Explorer search method.
Marylanders for Marriage Equality,4.0,,,,,,,auto,0.0,Not found in ProPublica's NonProfit Explorer search method.
Our Community Votes,4.0,205339299.0,Our Community Votes Inc,4.0,107.455795,OUR COMMUNITY VOTES INC,our community votes,manual,,
Save Hetch Hetchy No On F,,,,,,,,auto,0.0,Not found in ProPublica's NonProfit Explorer search method.
Truman National Security Project,4.0,201597444.0,Truman National Security Project Inc,4.0,154.78891,TRUMAN NATIONAL SECURITY PROJECT,truman national security project,manual,,
California League of Conservation Voters,4.0,,,,,,,auto,0.0,Not found in ProPublica's NonProfit Explorer search method.
Common Sense Issues,4.0,208824036.0,Common Sense Issues Inc,4.0,174.36526,,,manual,,
Colorado Family Action,4.0,205012920.0,Colorado Family Action Inc,4.0,101.46898,COLORADO FAMILY ACTION,colorado family action,manual,,
Wisconsin Family Action,4.0,830448717.0,Wisconsin Family Action Inc,4.0,101.79214,Wisconsin Family Action,wisconsin family action,manual,,
Nevada Advocates for Planned Parenthood,4.0,743234716.0,Nevada Advocates For Planned Parenthood Affiliates Inc,4.0,176.49783,NEVADA ADVOCATES FOR PLANNED,nevada advocates planned,manual,,
A Better America Now,4.0,,,,,,,auto,0.0,Not found in ProPublica's NonProfit Explorer search method.
Americans United 4 Life Action,4.0,,,,,,,auto,0.0,Not found in ProPublica's NonProfit Explorer search method.
America is not Stupid,4.0,,,,,,,auto,0.0,Not found in ProPublica's NonProfit Explorer search method.
Iowa Credit Union League,6.0,830494970.0,Iowa Credit Union League,6.0,143.90506,IOWA CREDIT UNION LEAGUE,iowa credit union league,manual,,
Direct Selling Assn,6.0,,,,,,,auto,0.0,Not found in ProPublica's NonProfit Explorer search method.
Revere America,4.0,861900155.0,Revive America,3.0,74.73973,,,manual,,
Revere America,4.0,994616917.0,Revive America,3.0,74.73973,,,manual,,
Revere America,4.0,454070397.0,Revive America Ministries,3.0,67.01464,,,manual,,
Revere America,4.0,422119982.0,Revive Historic America,3.0,67.01464,,,auto,0.0,Not included in top 3 results.
Revere America,4.0,341565935.0,American Revenue Association,3.0,63.28709,American Revenue Association,american revenue association,auto,0.0,Not included in top 3 results.
Revere America,4.0,852464853.0,Revive The American Dream,3.0,57.36111,REVIVE THE AMERICAN DREAM,revive american dream,auto,0.0,Not included in top 3 results.
Revere America,4.0,872279312.0,Paul Revere Leber American Legion Post 372 Auxiliary,3.0,55.23359,,,auto,0.0,Not included in top 3 results.
Revere America,4.0,311788764.0,Asian Pacific American Internal Revenue Employees,3.0,47.145668,,,auto,0.0,Not included in top 3 results.
Revere America,4.0,320091582.0,Asian Pacific American Internal Revenue Employees,3.0,45.232166,,,auto,0.0,Not included in top 3 results.
Revere America,4.0,412099114.0,Asian Pacific American Internal Revenue Employees,3.0,45.232166,,,auto,0.0,Not included in top 3 results.
Revere America,4.0,943388139.0,Asian Pacific American Internal Revenue Employees,3.0,45.232166,,,auto,0.0,Not included in top 3 results.
Revere America,4.0,861078112.0,Asian Pacific American Internal Revenue Employees,3.0,44.44068,,,auto,0.0,Not included in top 3 results.
Revere America,4.0,472781932.0,Asian Pacific American Internal Revenue Employees,3.0,44.44068,,,auto,0.0,Not included in top 3 results.
Revere America,4.0,510489452.0,Asian Pacific American Internal Revenue Employees,3.0,44.44068,,,auto,0.0,Not included in top 3 results.
Revere America,4.0,20649134.0,Asian Pacific American Internal Revenue Employees,3.0,43.735382,,,auto,0.0,Not included in top 3 results.
Revere America,4.0,341988397.0,Asian Pacific American Internal Revenue Employees,3.0,43.102917,,,auto,0.0,Not included in top 3 results.
Revere America,4.0,363251114.0,American Legion Auxiliary,19.0,22.272583,,,auto,0.0,Not included in top 3 results.
Revere America,4.0,231573560.0,American Legion,19.0,20.72234,AMERICAN LEGION PAUL REVERE LEBER POST 372,american legion paul revere leber post 372,auto,0.0,Not included in top 3 results.
Revere America,4.0,236297066.0,American Legion,19.0,16.83081,AMERICAN LEGION POST 328 AMBROSE,american legion post 328 ambrose,auto,0.0,Not included in top 3 results.
Revere America,4.0,46180860.0,American Federation Of State County & Municipal Employees,5.0,16.209435,,,auto,0.0,Not included in top 3 results.
Revere America,4.0,831026487.0,American Federation Of State County & Municipal Employees,5.0,15.372479,,,auto,0.0,Not included in top 3 results.
Revere America,4.0,46112823.0,National Society Of The Daughters Of The American Revolution,3.0,15.372479,,,auto,0.0,Not included in top 3 results.
Revere America,4.0,237027392.0,National Society Of The Daughters Of The American Revolution,3.0,15.372479,,,auto,0.0,Not included in top 3 results.
Revere America,4.0,746062741.0,National Society Of The Sons Of The American Revolution,3.0,15.372479,,,auto,0.0,Not included in top 3 results.
Revere America,4.0,901249970.0,American Federation Of State County & Municipal Employees,5.0,15.372479,,,auto,0.0,Not included in top 3 results.
CSS Action Fund,4.0,,,,,,,auto,0.0,Not found in ProPublica's NonProfit Explorer search method.
Defenders of Wildlife Action Fund,4.0,522298744.0,Defenders Of Wildlife Action Fund,,160.43874,,,manual,,
Defenders of Wildlife Action Fund,4.0,384043084.0,Defenders Of Wildlife Action Fund,4.0,160.43874,Defenders of Wildlife Action Fund,defenders wildlife action fund,manual,,
National Assn of Manufacturers,6.0,,,,,,,auto,0.0,Not found in ProPublica's NonProfit Explorer search method.
American Hospital Assn,6.0,,,,,,,auto,0.0,Not found in ProPublica's NonProfit Explorer search method.
Alliance for America's Future,4.0,,,,,,,auto,0.0,Not found in ProPublica's NonProfit Explorer search method.
Arkansans for Common Sense,4.0,,,,,,,auto,0.0,Not found in ProPublica's NonProfit Explorer search method.
West Virginia Conservative Foundation,4.0,861349643.0,West Virginia Association Of Conservation Districts Foundation,3.0,92.15712,,,manual,,
BlueGreen Alliance,4.0,203477309.0,Bluegreen Alliance Foundation,3.0,131.02939,BlueGreen Alliance Foundation,bluegreen alliance foundation,manual,,
BlueGreen Alliance,4.0,264086284.0,Bluegreen Alliance Inc,4.0,131.02939,BlueGreen Alliance Inc,bluegreen alliance,manual,,
Advancing Wisconsin,4.0,,,,,,,auto,0.0,Not found in ProPublica's NonProfit Explorer search method.
Coalition to Protect Seniors,4.0,,,,,,,auto,0.0,Not found in ProPublica's NonProfit Explorer search method.
Jordan Credit Union,,934944761.0,Jordan Credit Union Foundation,3.0,124.48706,JORDAN CREDIT UNION FOUNDATION,jordan credit union foundation,manual,,
Jordan Credit Union,,870238380.0,Credit Unions Chartered In The State Of Utah,1.0,34.514313,,,manual,,
America Votes,4.0,264568349.0,America Votes,4.0,90.083984,America Votes,america votes,manual,,
America Votes,4.0,851071612.0,America Votes Foundation,3.0,80.77307,,,manual,,
America Votes,4.0,921602494.0,America Votes Education Fund,3.0,73.20989,America Votes Education Fund,america votes education fund,manual,,
America Votes,4.0,991165384.0,Vote For America,3.0,67.10303,Vote for America,vote america,auto,0.0,Not included in top 3 results.
America Votes,4.0,853498373.0,American Voters Alliance,4.0,66.10948,AMERICAN VOTERS' ALLIANCE,american voters alliance,auto,0.0,Not included in top 3 results.
America Votes,4.0,393959875.0,Voiceless Voters Of America,3.0,63.29783,,,auto,0.0,Not included in top 3 results.
America Votes,4.0,922979246.0,Vote Save America Action,4.0,60.819817,VOTE SAVE AMERICA ACTION,vote save america action,auto,0.0,Not included in top 3 results.
America Votes,4.0,270602729.0,League Of American Voters,,59.91932,,,auto,0.0,Not included in top 3 results.
America Votes,4.0,921195662.0,Pakistani American Voters Association,3.0,59.91932,PAKISTANI AMERICAN VOTERS,pakistani american voters,auto,0.0,Not included in top 3 results.
America Votes,4.0,263779072.0,New American Voters Association,3.0,59.91932,NEW AMERICAN VOTERS ASSOCIATION,new american voters association,auto,0.0,Not included in top 3 results.
America Votes,4.0,815419127.0,American Voter Project Inc,3.0,59.91932,,,auto,0.0,Not included in top 3 results.
America Votes,4.0,931728834.0,Arab American Voter Project,3.0,59.91932,,,auto,0.0,Not included in top 3 results.
America Votes,4.0,912152547.0,Asian American Voter Project,3.0,59.91932,,,auto,0.0,Not included in top 3 results.
America Votes,4.0,933013233.0,Muslim American Voter Engagement,3.0,59.91932,,,auto,0.0,Not included in top 3 results.
America Votes,4.0,954802136.0,American Voter Education Fund,3.0,59.91932,,,auto,0.0,Not included in top 3 results.
America Votes,4.0,920842627.0,Asian American Voters Alliance,3.0,59.91932,,,auto,0.0,Not included in top 3 results.
America Votes,4.0,842048785.0,All Americans Vote,3.0,59.647926,All Americans Vote,all americans vote,auto,0.0,Not included in top 3 results.
America Votes,4.0,864004889.0,American Vote Initiative Inc,3.0,57.4413,,,auto,0.0,Not included in top 3 results.
America Votes,4.0,942502267.0,Chinese American Voters Education Committee,3.0,54.790833,CHINESE AMERICAN VOTERS EDUCATION,chinese american voters education,auto,0.0,Not included in top 3 results.
America Votes,4.0,934876814.0,Vietnamese-american Voters Association Inc,3.0,54.790833,,,auto,0.0,Not included in top 3 results.
America Votes,4.0,853864827.0,Plus 1 Vote America Inc,3.0,54.17064,,,auto,0.0,Not included in top 3 results.
America Votes,4.0,993929463.0,Voters For The American Center Inc,,50.47213,VOTERS FOR THE AMERICAN CENTER INC,voters american center,auto,0.0,Not included in top 3 results.
America Votes,4.0,811526344.0,League Of Chinese American Voters Inc,3.0,50.47213,,,auto,0.0,Not included in top 3 results.
America Votes,4.0,113457793.0,Russian American Voters Educational League Inc,3.0,50.47213,,,auto,0.0,Not included in top 3 results.
America Votes,4.0,264503580.0,Viet-american Voters Of Northern California,3.0,49.24782,,,auto,0.0,Not included in top 3 results.
Citizens for the Republic,4.0,320234718.0,Citizens For The Republic Inc,4.0,121.154755,,,manual,,
Citizens for the Republic,4.0,264617515.0,Citizens For The Republic Foundation Inc,4.0,111.604225,,,manual,,
Citizens for the Republic,4.0,814736817.0,Citizens For The Republic Educational Foundation Inc,3.0,103.45104,,,manual,,
Rightchange.com,4.0,272531555.0,Rightchangecom Ii,,104.781265,,,manual,,
CARE Membership Organization,6.0,,,,,,,auto,0.0,Not found in ProPublica's NonProfit Explorer search method.
Progressive Future,4.0,331559036.0,Progressive Futures,3.0,103.02235,,,manual,,
Progressive Future,4.0,822119269.0,Progressive Futures Foundation,3.0,92.38325,,,manual,,
Progressive Future,4.0,272301175.0,Action For A Progressive Future,4.0,82.541374,Action For A Progressive Future,action progressive future,manual,,
Progressive Future,4.0,844677144.0,Coalition For A More Progressive Future,,76.03947,Coalition for a More Progressive Future,coalition more progressive future,auto,0.0,Not included in top 3 results.
Indiana Chamber of Commerce,6.0,350411610.0,Indiana Chamber Of Commerce Inc,6.0,103.83463,Indiana Chamber of Commerce Inc,indiana chamber commerce,manual,,
Indiana Chamber of Commerce,6.0,250567060.0,Indiana County Chamber Of Commerce,6.0,103.83463,INDIANA COUNTY CHAMBER OF COMMERCE,indiana county chamber commerce,manual,,
Indiana Chamber of Commerce,6.0,812975927.0,Indiana Rainbow Chamber Of Commerce,6.0,103.83463,,,manual,,
Indiana Chamber of Commerce,6.0,420890125.0,Indianola Chamber Of Commerce,6.0,102.29961,INDIANOLA CHAMBER OF COMMERCE,indianola chamber commerce,auto,0.0,Not included in top 3 results.
Indiana Chamber of Commerce,6.0,231916950.0,Indian Valley Chamber Of Commerce,6.0,97.828735,INDIAN VALLEY CHAMBER OF COMMERCE,indian valley chamber commerce,auto,0.0,Not included in top 3 results.
Indiana Chamber of Commerce,6.0,731687852.0,Indian Wells Chamber Of Commerce,,97.828735,,,auto,0.0,Not included in top 3 results.
Indiana Chamber of Commerce,6.0,942745953.0,Indian Valley Chamber Of Commerce,6.0,97.828735,,,auto,0.0,Not included in top 3 results.
Indiana Chamber of Commerce,6.0,993775617.0,Utah Indian Chamber Of Commerce,6.0,97.828735,,,auto,0.0,Not included in top 3 results.
Indiana Chamber of Commerce,6.0,270788667.0,India Chamber Of Commerce,,97.79596,,,auto,0.0,Not included in top 3 results.
Indiana Chamber of Commerce,6.0,640273846.0,Chamber Of Commerce Of Indianola,6.0,97.41687,CHAMBER OF COMMERCE OF INDIANOLA,chamber commerce indianola,auto,0.0,Not included in top 3 results.
Indiana Chamber of Commerce,6.0,351097792.0,Rush County Indiana Chamber Of Commerce,6.0,95.64657,Rush County Indiana Chamber of Commerce,rush county indiana chamber commerce,auto,0.0,Not included in top 3 results.
Indiana Chamber of Commerce,6.0,842265966.0,Indian American Chamber Of Commerce,6.0,93.31973,,,auto,0.0,Not included in top 3 results.
Indiana Chamber of Commerce,6.0,311010164.0,Indiana State Chamber Of Commerce Foundation Inc,3.0,92.08549,Indiana Chamber of Commerce Foundation Inc,indiana chamber commerce foundation,auto,0.0,Not included in top 3 results.
Indiana Chamber of Commerce,6.0,593697193.0,Indian-american Chamber Of Commerce Inc,6.0,90.1139,INDIAN-AMERICAN CHAMBER OF COMMERCE INC,indian american chamber commerce,auto,0.0,Not included in top 3 results.
Indiana Chamber of Commerce,6.0,344469508.0,Indian Lake Chamber Of Commerce Inc,6.0,90.1139,INDIAN LAKE CHAMBER OF COMMERCE INC,indian lake chamber commerce,auto,0.0,Not included in top 3 results.
Indiana Chamber of Commerce,6.0,411563420.0,Minnesota American Indian Chamber Of Commerce,3.0,90.1139,Minnesota American Indian Chamber of,minnesota american indian chamber,auto,0.0,Not included in top 3 results.
Indiana Chamber of Commerce,6.0,992386658.0,North American Indian Chamber Of Commerce,6.0,90.1139,NORTH AMERICAN INDIAN CHAMBER OF COMMERCE,north american indian chamber commerce,auto,0.0,Not included in top 3 results.
Indiana Chamber of Commerce,6.0,841280207.0,Rocky Mountain Indian Chamber Of Commerce,6.0,90.1139,ROCKY MOUNTAIN INDIAN CHAMBER OF COMMERCE,rocky mountain indian chamber commerce,auto,0.0,Not included in top 3 results.
Indiana Chamber of Commerce,6.0,842798364.0,Indian American International Chamber Of Commerce,6.0,90.1139,INDIAN AMERICAN INTERNATIONAL CHAMBER OF COMMERCE,indian american international chamber commerce,auto,0.0,Not included in top 3 results.
Indiana Chamber of Commerce,6.0,223343220.0,Asian Indian Chamber Of Commerce Inc,6.0,90.1139,ASIAN INDIAN CHAMBER OF COMMERCE,asian indian chamber commerce,auto,0.0,Not included in top 3 results.
Indiana Chamber of Commerce,6.0,431743327.0,Indian Point Chamber Of Commerce Inc,6.0,90.1139,Indian Point Chamber of Commerce,indian point chamber commerce,auto,0.0,Not included in top 3 results.
Indiana Chamber of Commerce,6.0,200848187.0,Indian-us Chamber Of Commerce Incorporated,6.0,90.1139,,,auto,0.0,Not included in top 3 results.
Indiana Chamber of Commerce,6.0,923941779.0,American Indian Chamber Of Commerce Michigan,6.0,90.1139,,,auto,0.0,Not included in top 3 results.
Indiana Chamber of Commerce,6.0,461228066.0,South Indian Us Chamber Of Commerce,3.0,90.1139,,,auto,0.0,Not included in top 3 results.
Indiana Chamber of Commerce,6.0,300921926.0,Us India Chamber Of Commerce,6.0,89.42048,US INDIA CHAMBER OF COMMERCE,us india chamber commerce,auto,0.0,Not included in top 3 results.
Michigan Citizens for Fiscal Responsibility,4.0,271993953.0,Michigan Citizens For Fiscal Responsibility,4.0,204.67668,MICHIGAN CITIZENS FOR FISCAL,michigan citizens fiscal,manual,,
Campaign for Community Change,4.0,,,,,,,auto,0.0,Not found in ProPublica's NonProfit Explorer search method.
Pennsylvania Business Council,6.0,251373676.0,Pennsylvania Business Council,,117.84946,,,manual,,
Pennsylvania Business Council,6.0,200771774.0,Pennsylvania Business Council Foundation,,106.81739,,,manual,,
Bull Moose Sportsmen's Alliance,4.0,272408409.0,Bull Moose Sportsmen's Alliance,3.0,182.9008,,,manual,,
Wisconsin Manufacturers & Commerce,4.0,391233219.0,Wisconsin Manufacturers And Commerce Inc,6.0,86.76735,WISCONSIN MANUFACTURERS AND COMMERCE,wisconsin manufacturers commerce,manual,,
Wisconsin Manufacturers & Commerce,4.0,391295698.0,Wisconsin Truss Manufacturers Association Inc,6.0,86.76735,,,manual,,
Wisconsin Manufacturers & Commerce,4.0,823396368.0,Central Wisconsin Metal Manufacturers Alliance Inc,3.0,79.93178,CENTRAL WISCONSIN MANUFACTURING,central wisconsin manufacturing,manual,,
Wisconsin Manufacturers & Commerce,4.0,830781052.0,Wisconsin Hemp Farmers & Manufacturers Association Inc,3.0,78.00809,,,auto,0.0,Not included in top 3 results.
Wisconsin Manufacturers & Commerce,4.0,992108864.0,Wisconsin Manufactured Home Owners Alliance Inc,3.0,72.11216,,,auto,0.0,Not included in top 3 results.
Foundation For A Secure & Prosperous America,4.0,260555169.0,Foundation For A Secure Andprosperous America,4.0,101.3247,,,manual,,
Michigan Credit Union League,6.0,380826778.0,Michigan Credit Union League,6.0,139.17557,MICHIGAN CREDIT UNION LEAGUE,michigan credit union league,manual,,
Building a Stronger Wisconsin,4.0,260640889.0,Building A Stronger Wisconsin Inc,4.0,139.34024,,,manual,,
Planned Parenthood Votes! Washington,4.0,,,,,,,auto,0.0,Not found in ProPublica's NonProfit Explorer search method.
Filangieri Society for Justice & Good Government,4.0,,,,,,,auto,0.0,Not found in ProPublica's NonProfit Explorer search method.
Florida New Majority,4.0,,,,,,,auto,0.0,Not found in ProPublica's NonProfit Explorer search method.
American First Credit Union,,330358683.0,American First Credit Union,14.0,127.53157,AMERICAN FIRST CREDIT UNION,american first credit union,manual,,
American First Credit Union,,750275690.0,First Class American Credit Union,14.0,116.61471,First Class American Credit Union,first class american credit union,manual,,
American First Credit Union,,60944493.0,America's First Network Credit Union,14.0,111.20836,,,manual,,
American First Credit Union,,842568867.0,America First Credit Union Charitable Foundation,3.0,102.145386,AMERICA FIRST CREDIT UNION CHARITABLE FOUNDATION,america first credit union charitable foundation,auto,0.0,Not included in top 3 results.
American First Credit Union,,870511475.0,America First Credit Union Community Assistance Program,3.0,96.93605,AMERICA FIRST CREDIT UNION COMMUNITY ASSISTANCE PROGRAM,america first credit union community assistance program,auto,0.0,Not included in top 3 results.
American First Credit Union,,860189823.0,Credit Unions In The State Of Arizonia,14.0,37.013573,FIRST AMERICAN CREDIT UNION,first american credit union,auto,0.0,Not included in top 3 results.
Arizona Credit Union League,6.0,,,,,,,auto,0.0,Not found in ProPublica's NonProfit Explorer search method.
America's Future Fund,4.0,260620554.0,American Future Fund,4.0,91.32673,AMERICAN FUTURE FUND,american future fund,manual,,
America's Future Fund,4.0,853508867.0,Business For Americas Future Fund,4.0,78.40242,BUSINESS FOR AMERICAS FUTURE FUND,business americas future fund,manual,,
America's Future Fund,4.0,933200018.0,Americas Future Museum Fund Inc,3.0,78.40242,,,manual,,
America's Future Fund,4.0,842207428.0,Americas Future Project Action Fund,4.0,78.40242,,,auto,0.0,Not included in top 3 results.
America's Future Fund,4.0,271976324.0,Building Americas Future Educational Fund,3.0,78.40242,Building Americas Future Educational,building americas future educational,auto,0.0,Not included in top 3 results.
America's Future Fund,4.0,371866322.0,Volunteers Of America Inc,3.0,19.227177,VOA FUTURES FUND INC,voa futures fund,auto,0.0,Not included in top 3 results.
National Assn for Gun Rights,4.0,,,,,,,auto,0.0,Not found in ProPublica's NonProfit Explorer search method.
Freedom's Watch,4.0,260540871.0,Freedoms Watch,4.0,106.662506,,,manual,,
Freedom's Watch,4.0,521948015.0,Freedom Watch Inc,3.0,88.53235,FREEDOM WATCH INC,freedom watch,manual,,
Freedom's Watch,4.0,852577501.0,Freedom Watch Usa Inc,3.0,80.24924,AMERICAS SHERIFF INC,americas sheriff,manual,,
Freedom's Watch,4.0,812617766.0,Freedom Watch International Inc,3.0,80.24924,,,auto,0.0,Not included in top 3 results.
Freedom's Watch,4.0,274667697.0,Human Rights Watch For Lao Religious Freedom,3.0,62.669716,,,auto,0.0,Not included in top 3 results.
America's Agenda: Health Care for Kids,4.0,,,,,,,auto,0.0,Not found in ProPublica's NonProfit Explorer search method.
Vets for Freedom,4.0,203949872.0,Vets For Freedom Inc,4.0,111.78732,,,manual,,
Vets for Freedom,4.0,870881480.0,Choose Freedoms For Vets,3.0,106.054214,,,manual,,
Vets for Freedom,4.0,453593119.0,Vets For Economic Freedom Trust,,102.22583,,,manual,,
Vets for Freedom,4.0,900629876.0,Freedom Farm For Vets Inc,3.0,102.22583,,,auto,0.0,Not included in top 3 results.
Vets for Freedom,4.0,261772229.0,Vets For Freedom Educational Institute,3.0,102.22583,,,auto,0.0,Not included in top 3 results.
One Campaign,4.0,10593565.0,The One Campaign,3.0,100.54346,,,manual,,
One Campaign,4.0,823982666.0,One Peoples Campaign,4.0,100.54346,ONE Peoples Campaign,one peoples campaign,manual,,
One Campaign,4.0,812052848.0,Campaign One At A Time,3.0,83.32842,CAMPAIGN ONE AT A TIME,campaign one at time,manual,,
One Campaign,4.0,464296794.0,Campaign For One New York,4.0,83.32842,,,auto,0.0,Not included in top 3 results.
One Campaign,4.0,462906419.0,One Campaign Of The Diocese Of Sacramento Inc,3.0,66.30947,,,auto,0.0,Not included in top 3 results.
Health Care for America Now,4.0,,,,,,,auto,0.0,Not found in ProPublica's NonProfit Explorer search method.
American Rights at Work,4.0,861082272.0,American Rights At Work Education Campaign,3.0,124.9677,,,manual,,
AARP,4.0,951985500.0,Aarp,4.0,68.692055,AARP,aarp,manual,,
AARP,4.0,237377940.0,Aarp,4.0,64.21958,AARP - Chapters Group Return,aarp chapters group return,manual,,
AARP,4.0,330016294.0,Aarp,4.0,64.21958,,,manual,,
AARP,4.0,996015771.0,Aarp,4.0,64.21958,,,auto,0.0,Not included in top 3 results.
AARP,4.0,486130012.0,Aarp,4.0,64.21958,,,auto,0.0,Not included in top 3 results.
AARP,4.0,237182455.0,Aarp,4.0,64.21958,,,auto,0.0,Not included in top 3 results.
AARP,4.0,237060613.0,Aarp,4.0,64.21958,,,auto,0.0,Not included in top 3 results.
AARP,4.0,237205398.0,Aarp,4.0,64.21958,,,auto,0.0,Not included in top 3 results.
AARP,4.0,237247755.0,Aarp,4.0,64.21958,,,auto,0.0,Not included in top 3 results.
AARP,4.0,237247774.0,Aarp,4.0,64.21958,,,auto,0.0,Not included in top 3 results.
AARP,4.0,316077328.0,Aarp,4.0,64.21958,,,auto,0.0,Not included in top 3 results.
AARP,4.0,237328170.0,Aarp,4.0,64.21958,,,auto,0.0,Not included in top 3 results.
AARP,4.0,237269051.0,Aarp,4.0,64.21958,,,auto,0.0,Not included in top 3 results.
AARP,4.0,237267679.0,Aarp,4.0,64.21958,,,auto,0.0,Not included in top 3 results.
AARP,4.0,237275540.0,Aarp,4.0,64.21958,,,auto,0.0,Not included in top 3 results.
AARP,4.0,237279976.0,Aarp,4.0,64.21958,,,auto,0.0,Not included in top 3 results.
AARP,4.0,237278539.0,Aarp,4.0,64.21958,,,auto,0.0,Not included in top 3 results.
AARP,4.0,237304786.0,Aarp,4.0,64.21958,,,auto,0.0,Not included in top 3 results.
AARP,4.0,646037743.0,Aarp,4.0,64.21958,,,auto,0.0,Not included in top 3 results.
AARP,4.0,237359243.0,Aarp,4.0,64.21958,,,auto,0.0,Not included in top 3 results.
AARP,4.0,237067800.0,Aarp,4.0,64.21958,,,auto,0.0,Not included in top 3 results.
AARP,4.0,237404730.0,Aarp,4.0,64.21958,,,auto,0.0,Not included in top 3 results.
AARP,4.0,237383653.0,Aarp,4.0,64.21958,,,auto,0.0,Not included in top 3 results.
AARP,4.0,237379056.0,Aarp,4.0,64.21958,,,auto,0.0,Not included in top 3 results.
AARP,4.0,237377891.0,Aarp,4.0,64.21958,,,auto,0.0,Not included in top 3 results.
American Issues Project,4.0,,,,,,,auto,0.0,Not found in ProPublica's NonProfit Explorer search method.
National Assn of Realtors,4.0,320459637.0,Institute Of Real Estate Management Of The National Asso Of Realtors,6.0,71.44487,,,manual,,
National Assn of Realtors,4.0,812022152.0,Inst Of Real Estate Mgmt Of National Asso Of Realtors-las Vega,6.0,67.11114,Inst of Real Estate Mgmt of National Asso of Realtors-Las Vegas,inst real estate mgmt national asso realtors las vegas,manual,,
Alliance for a Better Minnesota,4.0,260317208.0,Alliance For A Better Minnesota,4.0,146.83553,Alliance for a Better Minnesota,alliance better minnesota,manual,,
Coloradans for Economic Growth,4.0,,,,,,,auto,0.0,Not found in ProPublica's NonProfit Explorer search method.
Judicial Confirmation Network,4.0,,,,,,,auto,0.0,Not found in ProPublica's NonProfit Explorer search method.
Defenders of Wildlife,4.0,530183181.0,Defenders Of Wildlife,3.0,123.4634,Defenders of Wildlife,defenders wildlife,manual,,
Defenders of Wildlife,4.0,522298744.0,Defenders Of Wildlife Action Fund,,102.32272,,,manual,,
Defenders of Wildlife,4.0,384043084.0,Defenders Of Wildlife Action Fund,4.0,102.32272,Defenders of Wildlife Action Fund,defenders wildlife action fund,manual,,
Environment Colorado,4.0,841157145.0,Colorado Environmental Partnership,3.0,84.92874,Colorado Environmental Partnership,colorado environmental partnership,manual,,
Environment Colorado,4.0,431963981.0,Colorado Environmental Film Festival,3.0,76.98173,COLORADO ENVIRONMENTAL FILM FESTIVAL,colorado environmental film festival,manual,,
Environment Colorado,4.0,237029393.0,Colorado Environmental Health Association,3.0,76.98173,COLORADO ENVIRONMENTAL HEALTH ASSOC,colorado environmental health assoc,manual,,
Environment Colorado,4.0,841229898.0,Colorado Environmental Professionals Association,6.0,76.98173,COLORADO ENVIRONMENTAL PROFESSIONALS,colorado environmental professionals,auto,0.0,Not included in top 3 results.
Environment Colorado,4.0,840688880.0,Upper Colorado Environmental Plant Center,3.0,70.39682,UPPER COLORADO ENVIRONMENTAL PLANT CENTER,upper colorado environmental plant center,auto,0.0,Not included in top 3 results.
Environment Colorado,4.0,841134814.0,Colorado Alliance For Environmental Education,3.0,70.39682,COLORADO ALLIANCE FOR ENVIRONMENTAL EDUCATION INC,colorado alliance environmental education,auto,0.0,Not included in top 3 results.
Environment Colorado,4.0,841569469.0,Colorado Environmental Certification & Training Inc,3.0,70.39682,COLORADO ENVIRONMENTAL CERTIFICATION,colorado environmental certification,auto,0.0,Not included in top 3 results.
Environment Colorado,4.0,571151227.0,Environment Colorado Research And Policy Center Inc,3.0,66.709,ENVIRONMENT COLORADO RESEARCH AND POLICY CENTER INC,environment colorado research policy center,auto,0.0,Not included in top 3 results.
Environment Colorado,4.0,383922906.0,Protecting Colorados Environment Economy And Energy Independence,4.0,62.902916,PROTECTING COLORADOS ENVIRONMENT ECONOMY,protecting colorados environment economy,auto,0.0,Not included in top 3 results.
Working America,4.0,990949812.0,Working America Action,4.0,83.19583,WORKING AMERICA ACTION,working america action,manual,,
Working America,4.0,541882605.0,Get America Working,3.0,83.19583,GET AMERICA WORKING INC,get america working,manual,,
Working America,4.0,813512949.0,America Working Together,,83.19583,AMERICA WORKING TOGETHER,america working together,manual,,
Working America,4.0,850672106.0,Hard Working Americans,4.0,75.750336,,,auto,0.0,Not included in top 3 results.
Working America,4.0,202035052.0,Working America Education Fund,3.0,75.41163,WORKING AMERICA EDUCATION FUND,working america education fund,auto,0.0,Not included in top 3 results.
Working America,4.0,472930051.0,American Working Dogs Inc,4.0,72.03717,AMERICAN WORKING DOGS INC,american working dogs,auto,0.0,Not included in top 3 results.
Working America,4.0,311049092.0,American Working Collie Association,3.0,72.03717,,,auto,0.0,Not included in top 3 results.
Working America,4.0,223751538.0,American Working Terrier Association,4.0,72.03717,,,auto,0.0,Not included in top 3 results.
Working America,4.0,61534561.0,Latin America Working Group,4.0,71.53233,,,auto,0.0,Not included in top 3 results.
Working America,4.0,991689058.0,Working For America Policy Inc,,68.96155,WORKING FOR AMERICA POLICY INC,working america policy,auto,0.0,Not included in top 3 results.
Working America,4.0,831802653.0,Working Hard Housing America-whha,3.0,68.96155,,,auto,0.0,Not included in top 3 results.
Working America,4.0,465184600.0,Mid-america Working Terrier Association,3.0,67.1787,,,auto,0.0,Not included in top 3 results.
Working America,4.0,455221171.0,American Working Families Action Fund,4.0,65.87569,American Working Families Action Fund,american working families action fund,auto,0.0,Not included in top 3 results.
Working America,4.0,134089371.0,American Working Dog Federation Inc,7.0,65.87569,,,auto,0.0,Not included in top 3 results.
Working America,4.0,820924184.0,American Working Families Legal Center,3.0,65.87569,,,auto,0.0,Not included in top 3 results.
Working America,4.0,861008603.0,American Working Malinois Association Inc,7.0,65.87569,,,auto,0.0,Not included in top 3 results.
Working America,4.0,541498435.0,North American Working Bouvier Association,3.0,65.87569,,,auto,0.0,Not included in top 3 results.
Working America,4.0,883201922.0,American Working K9 Association Corp,3.0,65.87569,,,auto,0.0,Not included in top 3 results.
Working America,4.0,270585219.0,Citizens For A Working America Inc,4.0,63.529266,CITIZENS FOR A WORKING AMERICA INC,citizens working america,auto,0.0,Not included in top 3 results.
Working America,4.0,113657128.0,Latin America Working Group Education Fund,3.0,63.529266,LATIN AMERICA WORKING GROUP EDUCATION FUND,latin america working group education fund,auto,0.0,Not included in top 3 results.
Working America,4.0,900895191.0,Citizens For A Working America Inc,4.0,63.529266,,,auto,0.0,Not included in top 3 results.
Working America,4.0,561781060.0,Latin Americans Working For Achievement,3.0,62.789825,Latin Americans Working for Achievement,latin americans working achievement,auto,0.0,Not included in top 3 results.
Working America,4.0,842634270.0,National Organization For Working Americans,4.0,62.789825,,,auto,0.0,Not included in top 3 results.
Working America,4.0,853263657.0,Working Americans Communities Kindness Inc,3.0,62.789825,,,auto,0.0,Not included in top 3 results.
Working America,4.0,800964460.0,Americans Working Around The Globe,3.0,61.167,AMERICANS WORKING AROUND THE GLOBE,americans working around globe,auto,0.0,Not included in top 3 results.
They Work for Us,4.0,474990603.0,Remember They Work For Us Inc,,99.332115,,,manual,,
Planned Parenthood/Oregon,4.0,331759324.0,Planned Parenthood Action Oregon,4.0,154.66083,PLANNED PARENTHOOD ACTION OREGON,planned parenthood action oregon,manual,,
Planned Parenthood/Oregon,4.0,930573822.0,Planned Parenthood Of Southwestern Oregon,3.0,141.43256,PLANNED PARENTHOOD OF SW OREGON,planned parenthood sw oregon,manual,,
Planned Parenthood/Oregon,4.0,931040482.0,Planned Parenthood Affiliates Of Oregon,4.0,134.62617,Planned Parenthood Advocates for Oregon,planned parenthood advocates oregon,manual,,
Winning Message Action Fund,4.0,262118541.0,Winning Message Action Fund Inc,4.0,169.3621,WINNING MESSAGE ACTION FUND INC,winning message action fund,manual,,
Votevets.org,4.0,,,,,,,auto,0.0,Not found in ProPublica's NonProfit Explorer search method.
California Assn of Realtors,6.0,363535493.0,Institute Of Real Estate Management Of The Natl Assn Of Realtors,6.0,23.974482,,,manual,,
Association of Community Orgs For Reform Now,4.0,,,,,,,auto,0.0,Not found in ProPublica's NonProfit Explorer search method.
Louisiana Conservative Action Network,4.0,262142900.0,Louisiana Conservative Action Network,4.0,151.513,,,manual,,
Americas Majority,4.0,223947727.0,Americas Majority Foundation,3.0,100.28234,AMERICAS MAJORITY FOUNDATION,americas majority foundation,manual,,
Americas Majority,4.0,263594713.0,American Majority Action,4.0,97.02493,AMERICAN MAJORITY ACTION,american majority action,manual,,
Americas Majority,4.0,261501154.0,American Majority Inc,3.0,97.02493,AMERICAN MAJORITY INC,american majority,manual,,
Americas Majority,4.0,463374978.0,Iranian American Majority Inc,3.0,87.94801,,,auto,0.0,Not included in top 3 results.
Americas Majority,4.0,991007610.0,Minority Majority Of America,4.0,87.5262,,,auto,0.0,Not included in top 3 results.
Americas Majority,4.0,934221178.0,Committee Of The American Majority Inc,,74.09186,Committee of the American Majority,committee american majority,auto,0.0,Not included in top 3 results.
American Family Business Institute,6.0,,,,,,,auto,0.0,Not found in ProPublica's NonProfit Explorer search method.
Planned Parenthood/St Louis Region,4.0,,,,,,,auto,0.0,Not found in ProPublica's NonProfit Explorer search method.
National Taxpayers Union,4.0,521009116.0,National Taxpayers Union,4.0,129.71614,NATIONAL TAXPAYERS UNION,national taxpayers union,manual,,
National Taxpayers Union,4.0,521122683.0,National Taxpayers Union Foundation,3.0,117.579185,NATIONAL TAXPAYERS UNION FOUNDATION,national taxpayers union foundation,manual,,
American Assn for Justice,6.0,,,,,,,auto,0.0,Not found in ProPublica's NonProfit Explorer search method.
National Wildlife Action,4.0,742556532.0,National Wildlife Federation Action Fund,4.0,98.82933,NATIONAL WILDLIFE FEDERATION ACTION FUND,national wildlife federation action fund,manual,,
Connecticut Citizen Action Group,4.0,60872695.0,Connecticut Citizen Action Group Inc,4.0,138.25008,,,manual,,
Planned Parenthood/Florida,4.0,591391115.0,Planned Parenthood Of Florida Inc,3.0,137.5554,PLANNED PARENTHOOD OF SOUTH FLORIDA,planned parenthood south florida,manual,,
Planned Parenthood/Florida,4.0,593142119.0,Planned Parenthood Florida Action I Nc,4.0,126.71217,FLORIDA ALLIANCE OF PLANNED PARENTHOOD,florida alliance planned parenthood,manual,,
Planned Parenthood/Florida,4.0,591741900.0,Florida Association Of Planned Parenthood Affiliates Inc,3.0,117.45541,FLORIDA ASSOCIATION OF PLANNED,florida association planned,manual,,
Planned Parenthood/Florida,4.0,591274328.0,Planned Parenthood Of Southwest And Central Florida Inc,3.0,109.46034,PLANNED PARENTHOOD OF SOUTHWEST,planned parenthood southwest,auto,0.0,Not included in top 3 results.
Planned Parenthood/North Texas,4.0,,,,,,,auto,0.0,Not found in ProPublica's NonProfit Explorer search method.
National Abortion Rights Action League,4.0,,,,,,,auto,0.0,Not found in ProPublica's NonProfit Explorer search method.
Association of Trial Lawyers of America,6.0,,,,,,,auto,0.0,Not found in ProPublica's NonProfit Explorer search method.
Bellco Credit Union,,231445884.0,Belco Community Credit Union,14.0,114.56599,BELCO COMMUNITY CREDIT UNION,belco community credit union,manual,,
Bellco Credit Union,,251017328.0,New Castle Bellco Federal Credit Union,1.0,105.41694,,,manual,,
Bellco Credit Union,,251045417.0,R-s Bellco Federal Credit Union,1.0,105.41694,,,manual,,
Bellco Credit Union,,480572498.0,Bell Credit Union,14.0,71.34961,BELL CREDIT UNION,bell credit union,auto,0.0,Not included in top 3 results.
Bellco Credit Union,,370459120.0,Peoria Bell Credit Union,14.0,64.46594,PEORIA BELL CREDIT UNION,peoria bell credit union,auto,0.0,Not included in top 3 results.
Bellco Credit Union,,370842931.0,Bell Community Credit Union,14.0,64.46594,,,auto,0.0,Not included in top 3 results.
Bellco Credit Union,,376036841.0,Danville Bell Credit Union,,64.46594,,,auto,0.0,Not included in top 3 results.
Bellco Credit Union,,361695055.0,Rockford Bell Credit Union,14.0,64.46594,ROCKFORD BELL CREDIT UNION,rockford bell credit union,auto,0.0,Not included in top 3 results.
Bellco Credit Union,,370818477.0,Quincy Bell Credit Union,14.0,64.46594,,,auto,0.0,Not included in top 3 results.
Bellco Credit Union,,840146595.0,Credit Unions Chartered In The State Of Colorado,14.0,36.934593,BELLCO CREDIT UNION,bellco credit union,auto,0.0,Not included in top 3 results.
Bellco Credit Union,,381285928.0,Credit Unions Chartered In The State Of Michigan,14.0,18.11547,CREDIT UNIONS CHARTERED IN THE STATE OF MICHIGAN,credit unions chartered in state michigan,auto,0.0,Not included in top 3 results.
Michigan Right to Life,4.0,237390737.0,Right To Life Of Michigan,4.0,131.80643,RIGHT TO LIFE OF MICHIGAN,right to life michigan,manual,,
Michigan Right to Life,4.0,310935278.0,Right To Life Michiana Inc,4.0,123.51721,RIGHT TO LIFE MICHIANA INC,right to life michiana,manual,,
Michigan Right to Life,4.0,382647413.0,Right To Life Of Michigan Educational Fund,3.0,112.54572,RIGHT TO LIFE OF MICHIGAN EDUC FUND,right to life michigan educ fund,manual,,
Michigan Right to Life,4.0,721612840.0,Birmingham-bloomfield Right To Life Of Michigan,4.0,112.54572,,,auto,0.0,Not included in top 3 results.
Michigan Right to Life,4.0,113708883.0,Right To Life Of Michigan-genesee County,4.0,112.54572,,,auto,0.0,Not included in top 3 results.
Michigan Right to Life,4.0,351594988.0,Right To Life Michiana Education Fund Inc,3.0,105.467995,RIGHT TO LIFE MICHIANA EDUCATION,right to life michiana education,auto,0.0,Not included in top 3 results.
Michigan Right to Life,4.0,383144453.0,Right To Life Of Michigan Educational Endowment Fund,3.0,104.88458,RIGHT TO LIFE OF MICHIGAN,right to life michigan,auto,0.0,Not included in top 3 results.
Michigan Right to Life,4.0,382795894.0,Right To Life Of Michigan Educational Foundation Legal,3.0,104.88458,,,auto,0.0,Not included in top 3 results.
California Assn Of Realtors,6.0,363535493.0,Institute Of Real Estate Management Of The Natl Assn Of Realtors,6.0,23.974482,,,manual,,
National Cmte to Preserve Social Security,4.0,,,,,,,auto,0.0,Not found in ProPublica's NonProfit Explorer search method.
