org,org_type,ein,name,exempt_type,match_confidence,filer_ein,filer_name,filer_name_norm,method,verified,details,date_accessed
215 People's Alliance,4,813511044,215 Peoples Alliance,4,144.59,813511044,215 Peoples Alliance,215 peoples alliance,auto - reviewed,1,"Exact matches across the board, and only match identified.",2026-08-06
350.org Action Fund,4,261181604,350 Org Action Fund,4,173.65,261181604,350ORG ACTION FUND,350org action fund,auto - reviewed,1,"Exact matches across the board, and only match identified.",2026-08-06
45 Cmte,4,,,,,,,,manual,1,"Although not found in ProPublica's NonProfit Explorer search method, the associated OpenSecret link revealed the EIN: https://www.opensecrets.org/outside-spending/political-nonprofits/summary?id=473803487

This EIN does map to a group in our database, the IRS990 search, and in the NonProfit Explorer: https://projects.propublica.org/nonprofits/organizations/473803487",2026-08-06
60 Plus Assn,4,911660549,Vancouver Metro Senior 60 Plus Softball Association,3,26.95,,,,manual,0,The OpenSecret link below reveals a different EIN: https://www.opensecrets.org/outside-spending/political-nonprofits/summary?id=541564919,2026-08-06
60 Plus Assn,,,,,,541564919,THE 60 PLUS ASSOCIATION INC,60 plus association,manual,1,"The OpenSecret link below revealed this EIN: https://www.opensecrets.org/outside-spending/political-nonprofits/summary?id=541564919
Additionally, this ein returns a result in IRS990 search, and the NonProfit Explorer: https://projects.propublica.org/nonprofits/organizations/541564919
",2026-08-06
A Better America Now,4,,,,,,,,manual,1,"Not found in ProPublica's NonProfit Explorer search method, or in our database, even with the EIN provided in the link below. OpenSecret indicated it was a 501c4, but it's possible that it was too old for the records to be obtained.
https://www.opensecrets.org/outside-spending/political-nonprofits/summary?id=452441810

However, a result is returned in the IRS990 search for that EIN, but it only includes determination letters.",2026-08-06
A Stronger Louisiana,4,844281129,A Stronger Louisiana,4,127.24,844281129,A STRONGER LOUISIANA,stronger louisiana,auto - reviewed,1,"Exact matches across the board, and only match identified.",2026-08-06
AARP,4,951985500,Aarp,4,68.69,951985500,AARP,aarp,manual,1,"Ultimately, this is a more exact match than the other potential match, which is why this one was selected",2026-08-08
AARP,4,237377940,Aarp,4,64.22,237377940,AARP - Chapters Group Return,aarp chapters group return,manual,0,"Although this could be a reasonable match, it doesn't match as closely as the verified match",2026-08-08
AARP,4,330016294,Aarp,4,64.22,,,,manual,0,Identified a better match,2026-08-08
AARP,4,996015771,Aarp,4,64.22,,,,manual,0,Identified a better match,2026-08-08
AARP,4,486130012,Aarp,4,64.22,,,,manual,0,Identified a better match,2026-08-08
AARP,4,237182455,Aarp,4,64.22,,,,manual,0,Identified a better match,2026-08-08
AARP,4,237060613,Aarp,4,64.22,,,,manual,0,Identified a better match,2026-08-08
AARP,4,237205398,Aarp,4,64.22,,,,manual,0,Identified a better match,2026-08-08
AARP,4,237247755,Aarp,4,64.22,,,,manual,0,Identified a better match,2026-08-08
AARP,4,237247774,Aarp,4,64.22,,,,manual,0,Identified a better match,2026-08-08
AARP,4,316077328,Aarp,4,64.22,,,,manual,0,Identified a better match,2026-08-08
AARP,4,237328170,Aarp,4,64.22,,,,manual,0,Identified a better match,2026-08-08
AARP,4,237269051,Aarp,4,64.22,,,,manual,0,Identified a better match,2026-08-08
AARP,4,237267679,Aarp,4,64.22,,,,manual,0,Identified a better match,2026-08-08
AARP,4,237275540,Aarp,4,64.22,,,,manual,0,Identified a better match,2026-08-08
AARP,4,237279976,Aarp,4,64.22,,,,manual,0,Identified a better match,2026-08-08
AARP,4,237278539,Aarp,4,64.22,,,,manual,0,Identified a better match,2026-08-08
AARP,4,237304786,Aarp,4,64.22,,,,manual,0,Identified a better match,2026-08-08
AARP,4,646037743,Aarp,4,64.22,,,,manual,0,Identified a better match,2026-08-08
AARP,4,237359243,Aarp,4,64.22,,,,manual,0,Identified a better match,2026-08-08
AARP,4,237067800,Aarp,4,64.22,,,,manual,0,Identified a better match,2026-08-08
AARP,4,237404730,Aarp,4,64.22,,,,manual,0,Identified a better match,2026-08-08
AARP,4,237383653,Aarp,4,64.22,,,,manual,0,Identified a better match,2026-08-08
AARP,4,237379056,Aarp,4,64.22,,,,manual,0,Identified a better match,2026-08-08
AARP,4,237377891,Aarp,4,64.22,,,,manual,0,Identified a better match,2026-08-08
Action for a Progressive Future,4,272301175,Action For A Progressive Future,4,160.57,272301175,Action For A Progressive Future,action progressive future,auto - reviewed,1,"Exact matches across the board, and only match identified.",2026-08-06
Advance North Carolina,4,472740671,Advance North Carolina Inc,4,117.91,472740671,ADVANCE NORTH CAROLINA INC,advance north carolina,manual,1,Exact matches across the board. Very likely related to the matched 501c3.,2026-08-06
Advance North Carolina,4,561275391,North Carolina Advanced Energy Corporation,3,101.13,561275391,NORTH CAROLINA ADVANCED ENERGY,north carolina advanced energy,manual,0,"Not the right org type, but very likely related to the verified org.",2026-08-06
Advance North Carolina,4,561152564,Ancient Free & Accepted Masons Of North Carolina,10,26.20,,,,manual,0,No matches anywhere.,2026-08-06
Advancing Arizona,4,263630675,Arizona Businesses Advancing Sustainability Inc,6,88.73,,,,manual,0,,2026-08-06
Advancing Arizona,4,,,,,834665335,ADVANCING AZ,advancing az,manual,1,"Original search string not found in IRS990 search, NonProfit Explorer, or our database. The OpenSecrets table didn't include a hyperlink. 
However, a google search for that search string revealed their website that indicated they were a tax-exempt org:
https://www.advancingaz.org/home-az
And a further search revealed their EIN:
https://www.influencewatch.org/non-profit/advancing-az/",2026-08-06
Advancing Wisconsin,4,,,,,,,,manual,0,"Not found in ProPublica's NonProfit Explorer search method.
Although the OpenSecrets table included a link, the EIN was not found either:
https://www.opensecrets.org/outside-spending/political-nonprofits/summary?id=800085628
OpenSecret data at that link suggests that the org was likely too old for our database.",2026-08-06
Alianza for Progress,4,825519787,Alianza For Progress Inc,4,130.78,825519787,Alianza For progress inc,alianza progress,auto - reviewed,1,"Exact matches across the board, and only match identified.",2026-08-06
All in for Utah,4,922235061,All In For Utah,4,127.05,922235061,All In For Utah,all in utah,auto - reviewed,1,"Exact matches across the board, and only match identified.",2026-08-06
All in for Utah,4,394729717,All In For Utah Foundation,3,116.18,,,,auto - reviewed,0,Wrong org type; Very likely related to verified,2026-08-06
Alliance for a Better Minnesota,4,260317208,Alliance For A Better Minnesota,4,146.84,260317208,Alliance for a Better Minnesota,alliance better minnesota,auto - reviewed,1,"Exact matches across the board, and only match identified.",2026-08-06
Alliance for a Free Society,6,471391635,Alliance For A Free Society Inc,6,113.57,471391635,ALLIANCE FOR A FREE SOCIETY INC,alliance free society,auto - reviewed,1,"Exact matches across the board, and only match identified.",2026-08-06
Alliance for America's Future,4,,,,,271937961,ONE NATION,one nation,manual,1,Not found in ProPublica's NonProfit Explorer search method because it goes by a different name. The OpenSecret link revealed its EIN which was a match in our database: https://www.opensecrets.org/outside-spending/political-nonprofits/summary?id=271937961,2026-08-06
Alliance for Retired Americans,4,851497232,Alliance For Retired Americans,3,122.70,,,,manual,0,"Although not in top three results, the OpenSecrets link confirmed the EIN: https://www.opensecrets.org/outside-spending/political-nonprofits/summary?id=522277805",2026-08-06
Alliance for Retired Americans,4,202614511,Alliance For Retired Americans,3,120.25,,,,manual,0,"Although not in top three results, the OpenSecrets link confirmed the EIN: https://www.opensecrets.org/outside-spending/political-nonprofits/summary?id=522277805",2026-08-06
Alliance for Retired Americans,4,10705450,Alliance For Retired Americans,3,120.25,,,,manual,0,"Although not in top three results, the OpenSecrets link confirmed the EIN: https://www.opensecrets.org/outside-spending/political-nonprofits/summary?id=522277805",2026-08-06
Alliance for Retired Americans,4,522377762,Alliance For Retired Americans,3,120.25,,,,manual,0,OpenSecrets link confirmed the that this was the wrong EIN: https://www.opensecrets.org/outside-spending/political-nonprofits/summary?id=522277805,2026-08-06
Alliance for Retired Americans,4,510528643,Alliance For Retired Americans,3,120.25,,,,manual,0,OpenSecrets link confirmed the that this was the wrong EIN: https://www.opensecrets.org/outside-spending/political-nonprofits/summary?id=522277805,2026-08-06
Alliance for Retired Americans,4,522277805,Alliance For Retired Americans,4,118.95,522277805,ALLIANCE FOR RETIRED AMERICANS,alliance retired americans,manual,1,"Although not in top three results, the OpenSecrets link confirmed the EIN: https://www.opensecrets.org/outside-spending/political-nonprofits/summary?id=522277805",2026-08-06
Alliance for Retired Americans,4,203253963,Alliance For Retired Americans,3,118.42,203253963,CARA EDUCATION FUND,cara education fund,manual,0,OpenSecrets link confirmed the that this was the wrong EIN: https://www.opensecrets.org/outside-spending/political-nonprofits/summary?id=522277805,2026-08-06
Alliance for Retired Americans,4,990317822,Alliance For Retired Americans,3,117.51,,,,manual,0,OpenSecrets link confirmed the that this was the wrong EIN: https://www.opensecrets.org/outside-spending/political-nonprofits/summary?id=522277805,2026-08-06
Alliance for Retired Americans,4,272143744,Alliance For Retired Americans,4,117.00,,,,manual,0,OpenSecrets link confirmed the that this was the wrong EIN: https://www.opensecrets.org/outside-spending/political-nonprofits/summary?id=522277805,2026-08-06
Alliance for Retired Americans,4,261413960,Alliance For Retired Americans,4,114.00,,,,manual,0,OpenSecrets link confirmed the that this was the wrong EIN: https://www.opensecrets.org/outside-spending/political-nonprofits/summary?id=522277805,2026-08-06
Alliance for Retired Americans,4,731660312,Alliance For Retired Americans Nevada Alliance For Retired Americ,4,113.92,,,,manual,0,OpenSecrets link confirmed the that this was the wrong EIN: https://www.opensecrets.org/outside-spending/political-nonprofits/summary?id=522277805,2026-08-06
Alliance for Retired Americans,4,272479038,Alliance For Retired Americans,3,113.29,,,,manual,0,OpenSecrets link confirmed the that this was the wrong EIN: https://www.opensecrets.org/outside-spending/political-nonprofits/summary?id=522277805,2026-08-06
Alliance for Retired Americans,4,260502790,Alliance For Retired Americans,3,113.29,260502790,Wisconsin Alliance for Retired Americans Inc Education Fund,wisconsin alliance retired americans education fund,manual,0,OpenSecrets link confirmed the that this was the wrong EIN: https://www.opensecrets.org/outside-spending/political-nonprofits/summary?id=522277805,2026-08-06
Alliance for Retired Americans,4,201790506,California Alliance For Retired Americans,4,108.78,201790506,CALIFORNIA ALLIANCE FOR,california alliance,manual,0,OpenSecrets link confirmed the that this was the wrong EIN: https://www.opensecrets.org/outside-spending/political-nonprofits/summary?id=522277805,2026-08-06
Alliance for Retired Americans,4,371767607,Illinois Alliance For Retired Americans,4,108.78,371767607,Illinois Alliance for Retired Americans,illinois alliance retired americans,manual,0,OpenSecrets link confirmed the that this was the wrong EIN: https://www.opensecrets.org/outside-spending/political-nonprofits/summary?id=522277805,2026-08-06
Alliance for Retired Americans,4,200648869,Arizona Alliance For Retired Americans,4,108.78,200648869,ARIZONA ALLIANCE FOR RETIRED AMERICANS,arizona alliance retired americans,manual,0,OpenSecrets link confirmed the that this was the wrong EIN: https://www.opensecrets.org/outside-spending/political-nonprofits/summary?id=522277805,2026-08-06
Alliance for Retired Americans,4,823053123,Alaska Alliance For Retired Americans,4,108.78,,,,manual,0,OpenSecrets link confirmed the that this was the wrong EIN: https://www.opensecrets.org/outside-spending/political-nonprofits/summary?id=522277805,2026-08-06
Alliance for Retired Americans,4,262574350,Iowa Alliance For Retired Americans,4,108.78,,,,manual,0,OpenSecrets link confirmed the that this was the wrong EIN: https://www.opensecrets.org/outside-spending/political-nonprofits/summary?id=522277805,2026-08-06
Alliance for Retired Americans,4,834328606,Kentucky Alliance For Retired Americans,4,108.78,,,,manual,0,OpenSecrets link confirmed the that this was the wrong EIN: https://www.opensecrets.org/outside-spending/political-nonprofits/summary?id=522277805,2026-08-06
Alliance for Retired Americans,4,300718335,Maine Alliance For Retired Americans,4,108.78,,,,manual,0,OpenSecrets link confirmed the that this was the wrong EIN: https://www.opensecrets.org/outside-spending/political-nonprofits/summary?id=522277805,2026-08-06
Alliance for Retired Americans,4,471213627,Massachusetts Alliance For Retired Americans,4,108.78,,,,manual,0,OpenSecrets link confirmed the that this was the wrong EIN: https://www.opensecrets.org/outside-spending/political-nonprofits/summary?id=522277805,2026-08-06
Alliance for Retired Americans,4,452717273,Michigan Alliance For Retired Americans,4,108.78,,,,manual,0,OpenSecrets link confirmed the that this was the wrong EIN: https://www.opensecrets.org/outside-spending/political-nonprofits/summary?id=522277805,2026-08-06
Alliance for Retired Americans,4,832005065,Mississippi Alliance For Retired Americans,4,108.78,,,,manual,0,OpenSecrets link confirmed the that this was the wrong EIN: https://www.opensecrets.org/outside-spending/political-nonprofits/summary?id=522277805,2026-08-06
Alliance for Retired Americans,4,800820040,Montana Alliance For Retired Americans,4,108.78,,,,manual,0,OpenSecrets link confirmed the that this was the wrong EIN: https://www.opensecrets.org/outside-spending/political-nonprofits/summary?id=522277805,2026-08-06
Alliance for Retired Americans,4,571169373,Pennsylvania Alliance For Retired Americans,4,108.78,,,,manual,0,OpenSecrets link confirmed the that this was the wrong EIN: https://www.opensecrets.org/outside-spending/political-nonprofits/summary?id=522277805,2026-08-06
Alliance for Youth Action,4,462914731,Alliance For Youth Action,4,116.32,462914731,ALLIANCE FOR YOUTH ACTION,alliance youth action,auto - reviewed,1,"Exact matches across the board, and only match identified.",2026-08-06
Alzheimer's Assn,4,,,,,,,,auto,0,Not found in ProPublica's NonProfit Explorer search method.,2026-08-06
America First Policies,4,,,,,815137380,AMERICA FIRST WORKS INC,america first works,manual,1,"Although not found in ProPublica's NonProfit Explorer search method, the OpenSecrets link confirmed the EIN: https://www.opensecrets.org/outside-spending/political-nonprofits/summary?id=815137380",2026-08-06
America Inc,4,844275594,Americans For America Inc,4,47.82,844275594,AMERICANS FOR AMERICA Inc,americans america,manual,0, OpenSecrets link confirmed the correct EIN: https://www.opensecrets.org/outside-spending/political-nonprofits/summary?id=273352652,2026-08-06
America Inc,4,113654360,Americans United For America Inc,3,43.73,,,,manual,0, OpenSecrets link confirmed the correct EIN: https://www.opensecrets.org/outside-spending/political-nonprofits/summary?id=273352652,2026-08-06
America Inc,4,833979648,American Cancer Foundation Of America Inc,3,43.13,,,,manual,0, OpenSecrets link confirmed the correct EIN: https://www.opensecrets.org/outside-spending/political-nonprofits/summary?id=273352652,2026-08-06
America Inc,4,570832661,Athletes Of America Helping Americans Inc,3,40.29,,,,manual,0, OpenSecrets link confirmed the correct EIN: https://www.opensecrets.org/outside-spending/political-nonprofits/summary?id=273352652,2026-08-06
America Inc,4,275559192,American Hairless Terrier Club Of America Inc,3,39.98,,,,manual,0, OpenSecrets link confirmed the correct EIN: https://www.opensecrets.org/outside-spending/political-nonprofits/summary?id=273352652,2026-08-06
America Inc,4,273352652,America Inc,4,38.08,273352652,AMERICA INC,america,manual,1,"Although not included in top 3 results, the OpenSecrets link confirmed the EIN: https://www.opensecrets.org/outside-spending/political-nonprofits/summary?id=273352652",2026-08-06
America Inc,4,581333760,American International Schools In The Americas Inc,3,37.35,581333760,AMERICAN INTERNATIONAL SCHOOLS IN,american international schools in,manual,0, OpenSecrets link confirmed the correct EIN: https://www.opensecrets.org/outside-spending/political-nonprofits/summary?id=273352652,2026-08-06
America Inc,4,842601503,Glyndebourne America Inc,3,35.03,842601503,GLYNDEBOURNE AMERICA INC CO THE LAW OFFICES OF RICHARD M BLOCK,glyndebourne america co law offices richard m block,manual,0, OpenSecrets link confirmed the correct EIN: https://www.opensecrets.org/outside-spending/political-nonprofits/summary?id=273352652,2026-08-06
America Inc,4,453694925,America Cup Inc,3,35.03,,,,manual,0, OpenSecrets link confirmed the correct EIN: https://www.opensecrets.org/outside-spending/political-nonprofits/summary?id=273352652,2026-08-06
America Inc,4,812929803,Ivoice America Inc,3,35.03,,,,manual,0, OpenSecrets link confirmed the correct EIN: https://www.opensecrets.org/outside-spending/political-nonprofits/summary?id=273352652,2026-08-06
America Inc,4,922963159,Uncensored America Inc,3,35.03,922963159,UNCENSORED AMERICA INC,uncensored america,manual,0, OpenSecrets link confirmed the correct EIN: https://www.opensecrets.org/outside-spending/political-nonprofits/summary?id=273352652,2026-08-06
America Inc,4,274022193,Winning America Inc,3,35.03,,,,manual,0, OpenSecrets link confirmed the correct EIN: https://www.opensecrets.org/outside-spending/political-nonprofits/summary?id=273352652,2026-08-06
America Inc,4,621830203,Mid-america Chapter Of The American Concrete Institute Inc,3,34.89,,,,manual,0, OpenSecrets link confirmed the correct EIN: https://www.opensecrets.org/outside-spending/political-nonprofits/summary?id=273352652,2026-08-06
America Inc,4,237104567,American Society Of Travel Agents Inc Mid-america Chapter,,34.89,,,,manual,0, OpenSecrets link confirmed the correct EIN: https://www.opensecrets.org/outside-spending/political-nonprofits/summary?id=273352652,2026-08-06
America Inc,4,42296967,Scholarship America Inc,3,34.14,,,,manual,0, OpenSecrets link confirmed the correct EIN: https://www.opensecrets.org/outside-spending/political-nonprofits/summary?id=273352652,2026-08-06
America Inc,4,208497991,Grameen America Inc,3,34.14,208497991,GRAMEEN AMERICA INC,grameen america,manual,0, OpenSecrets link confirmed the correct EIN: https://www.opensecrets.org/outside-spending/political-nonprofits/summary?id=273352652,2026-08-06
America Inc,4,331273009,Forward America Inc,4,34.14,331273009,FORWARD AMERICA INC,forward america,manual,0, OpenSecrets link confirmed the correct EIN: https://www.opensecrets.org/outside-spending/political-nonprofits/summary?id=273352652,2026-08-06
America Inc,4,522302253,Mag America Inc,3,34.14,522302253,MAG AMERICA INC,mag america,manual,0, OpenSecrets link confirmed the correct EIN: https://www.opensecrets.org/outside-spending/political-nonprofits/summary?id=273352652,2026-08-06
America Inc,4,237069110,Oxfam-america Inc,3,34.14,237069110,OXFAM-AMERICA INC,oxfam america,manual,0, OpenSecrets link confirmed the correct EIN: https://www.opensecrets.org/outside-spending/political-nonprofits/summary?id=273352652,2026-08-06
America Inc,4,932830316,Rewiring America Inc,3,34.14,932830316,REWIRING AMERICA,rewiring america,manual,0, OpenSecrets link confirmed the correct EIN: https://www.opensecrets.org/outside-spending/political-nonprofits/summary?id=273352652,2026-08-06
America Inc,4,263383926,America Gives Inc,3,34.14,263383926,AMERICA GIVES INC,america gives,manual,0, OpenSecrets link confirmed the correct EIN: https://www.opensecrets.org/outside-spending/political-nonprofits/summary?id=273352652,2026-08-06
America Inc,4,821106814,Unite America Inc,4,34.14,821106814,UNITE AMERICA INC,unite america,manual,0, OpenSecrets link confirmed the correct EIN: https://www.opensecrets.org/outside-spending/political-nonprofits/summary?id=273352652,2026-08-06
America Inc,4,300181674,Wateraid America Inc,3,34.14,300181674,WATERAID AMERICA INC,wateraid america,manual,0, OpenSecrets link confirmed the correct EIN: https://www.opensecrets.org/outside-spending/political-nonprofits/summary?id=273352652,2026-08-06
America Inc,4,273238471,America Achieves Inc,3,34.14,273238471,AMERICA ACHIEVES INC,america achieves,manual,0, OpenSecrets link confirmed the correct EIN: https://www.opensecrets.org/outside-spending/political-nonprofits/summary?id=273352652,2026-08-06
America Inc,4,205355252,Environment America Inc,4,34.14,205355252,ENVIRONMENT AMERICA INC,environment america,manual,0, OpenSecrets link confirmed the correct EIN: https://www.opensecrets.org/outside-spending/political-nonprofits/summary?id=273352652,2026-08-06
America is not Stupid,4,,,,,,,,manual,1,"Not found in ProPublica's NonProfit Explorer search method.
Although OpenSecrets link included an EIN, it did not exist in our database, and the IRS990 search only includes a single 990-N postcard from 2011.
https://www.opensecrets.org/outside-spending/political-nonprofits/summary?id=452442108
The org is too old",2026-08-06
America Next,4,463681383,America Next Inc,4,76.69,463681383,AMERICA NEXT,america next,manual,1,OpenSecrets link confirmed the that this was the correct EIN: https://www.opensecrets.org/outside-spending/political-nonprofits/summary?id=463681383,2026-08-06
America Next,4,474372890,Our Next America,,76.69,,,,manual,0,OpenSecrets link confirmed the that this was the wrong EIN/Match: https://www.opensecrets.org/outside-spending/political-nonprofits/summary?id=463681383,2026-08-06
America Next,4,843367628,Next American Generation Foundation,3,66.13,843367628,NEXT AMERICAN GENERATION FOUNDATION,next american generation foundation,manual,0,OpenSecrets link confirmed the that this was the wrong EIN/Match: https://www.opensecrets.org/outside-spending/political-nonprofits/summary?id=463681383,2026-08-06
America Next,4,831253135,Taiwanese American Next Generation Assoc,3,63.04,,,,manual,0,OpenSecrets link confirmed the that this was the wrong EIN/Match: https://www.opensecrets.org/outside-spending/political-nonprofits/summary?id=463681383,2026-08-06
America Next,4,274509883,Next Great American Poet- Incorporated,3,60.47,274509883,THE NEXT GREAT AMERICAN POET,next great american poet,manual,0,OpenSecrets link confirmed the that this was the wrong EIN/Match: https://www.opensecrets.org/outside-spending/political-nonprofits/summary?id=463681383,2026-08-06
America Next,4,844692676,Guiding Americas Next Generation --gang,3,60.47,,,,manual,0,OpenSecrets link confirmed the that this was the wrong EIN/Match: https://www.opensecrets.org/outside-spending/political-nonprofits/summary?id=463681383,2026-08-06
America Next,4,10934439,Teach And Educate America For The Next Millenium,3,50.58,,,,manual,0,OpenSecrets link confirmed the that this was the wrong EIN/Match: https://www.opensecrets.org/outside-spending/political-nonprofits/summary?id=463681383,2026-08-06
America Next,4,813753463,Korean American Next Generation Foundation Aka Kang Foundation,3,48.12,813753463,KOREAN AMERICAN NEXT GENERATION,korean american next generation,manual,0,OpenSecrets link confirmed the that this was the wrong EIN/Match: https://www.opensecrets.org/outside-spending/political-nonprofits/summary?id=463681383,2026-08-06
America Next,4,853120513,American Council Of The Blind Next Generation Inc,3,48.12,,,,manual,0,OpenSecrets link confirmed the that this was the wrong EIN/Match: https://www.opensecrets.org/outside-spending/political-nonprofits/summary?id=463681383,2026-08-06
America Next,4,851300811,American Youth Football Inc,3,18.02,,,,manual,0,OpenSecrets link confirmed the that this was the wrong EIN/Match: https://www.opensecrets.org/outside-spending/political-nonprofits/summary?id=463681383,2026-08-06
America Next,4,874804639,American Youth Football Inc,3,15.82,,,,manual,0,OpenSecrets link confirmed the that this was the wrong EIN/Match: https://www.opensecrets.org/outside-spending/political-nonprofits/summary?id=463681383,2026-08-06
America Next,4,821149603,Americans For Constitutional Education,3,15.01,821149603,AMERICANS FOR CONSTITUTIONAL EDUCATION,americans constitutional education,manual,0,OpenSecrets link confirmed the that this was the wrong EIN/Match: https://www.opensecrets.org/outside-spending/political-nonprofits/summary?id=463681383,2026-08-06
America Next,4,831746990,Housing Advancement And Affordability For American Communi,3,14.91,,,,manual,0,OpenSecrets link confirmed the that this was the wrong EIN/Match: https://www.opensecrets.org/outside-spending/political-nonprofits/summary?id=463681383,2026-08-06
America Votes,4,264568349,America Votes,4,90.08,264568349,America Votes,america votes,manual,1,OpenSecrets link confirmed the that this was the correct EIN:  https://www.opensecrets.org/outside-spending/political-nonprofits/summary?id=264568349,2026-08-06
America Votes,4,851071612,America Votes Foundation,3,80.77,,,,manual,0,OpenSecrets link confirmed the that this was the incorrect EIN/match:  https://www.opensecrets.org/outside-spending/political-nonprofits/summary?id=264568349,2026-08-06
America Votes,4,921602494,America Votes Education Fund,3,73.21,921602494,America Votes Education Fund,america votes education fund,manual,0,OpenSecrets link confirmed the that this was the incorrect EIN/match:  https://www.opensecrets.org/outside-spending/political-nonprofits/summary?id=264568349,2026-08-06
America Votes,4,991165384,Vote For America,3,67.10,991165384,Vote for America,vote america,manual,0,OpenSecrets link confirmed the that this was the incorrect EIN/match:  https://www.opensecrets.org/outside-spending/political-nonprofits/summary?id=264568349,2026-08-06
America Votes,4,853498373,American Voters Alliance,4,66.11,853498373,AMERICAN VOTERS' ALLIANCE,american voters alliance,manual,0,OpenSecrets link confirmed the that this was the incorrect EIN/match:  https://www.opensecrets.org/outside-spending/political-nonprofits/summary?id=264568349,2026-08-06
America Votes,4,393959875,Voiceless Voters Of America,3,63.30,,,,manual,0,OpenSecrets link confirmed the that this was the incorrect EIN/match:  https://www.opensecrets.org/outside-spending/political-nonprofits/summary?id=264568349,2026-08-06
America Votes,4,922979246,Vote Save America Action,4,60.82,922979246,VOTE SAVE AMERICA ACTION,vote save america action,manual,0,OpenSecrets link confirmed the that this was the incorrect EIN/match:  https://www.opensecrets.org/outside-spending/political-nonprofits/summary?id=264568349,2026-08-06
America Votes,4,270602729,League Of American Voters,,59.92,,,,manual,0,OpenSecrets link confirmed the that this was the incorrect EIN/match:  https://www.opensecrets.org/outside-spending/political-nonprofits/summary?id=264568349,2026-08-06
America Votes,4,921195662,Pakistani American Voters Association,3,59.92,921195662,PAKISTANI AMERICAN VOTERS,pakistani american voters,manual,0,OpenSecrets link confirmed the that this was the incorrect EIN/match:  https://www.opensecrets.org/outside-spending/political-nonprofits/summary?id=264568349,2026-08-06
America Votes,4,263779072,New American Voters Association,3,59.92,263779072,NEW AMERICAN VOTERS ASSOCIATION,new american voters association,manual,0,OpenSecrets link confirmed the that this was the incorrect EIN/match:  https://www.opensecrets.org/outside-spending/political-nonprofits/summary?id=264568349,2026-08-06
America Votes,4,815419127,American Voter Project Inc,3,59.92,,,,manual,0,OpenSecrets link confirmed the that this was the incorrect EIN/match:  https://www.opensecrets.org/outside-spending/political-nonprofits/summary?id=264568349,2026-08-06
America Votes,4,931728834,Arab American Voter Project,3,59.92,,,,manual,0,OpenSecrets link confirmed the that this was the incorrect EIN/match:  https://www.opensecrets.org/outside-spending/political-nonprofits/summary?id=264568349,2026-08-06
America Votes,4,912152547,Asian American Voter Project,3,59.92,,,,manual,0,OpenSecrets link confirmed the that this was the incorrect EIN/match:  https://www.opensecrets.org/outside-spending/political-nonprofits/summary?id=264568349,2026-08-06
America Votes,4,933013233,Muslim American Voter Engagement,3,59.92,,,,manual,0,OpenSecrets link confirmed the that this was the incorrect EIN/match:  https://www.opensecrets.org/outside-spending/political-nonprofits/summary?id=264568349,2026-08-06
America Votes,4,954802136,American Voter Education Fund,3,59.92,,,,manual,0,OpenSecrets link confirmed the that this was the incorrect EIN/match:  https://www.opensecrets.org/outside-spending/political-nonprofits/summary?id=264568349,2026-08-06
America Votes,4,920842627,Asian American Voters Alliance,3,59.92,,,,manual,0,OpenSecrets link confirmed the that this was the incorrect EIN/match:  https://www.opensecrets.org/outside-spending/political-nonprofits/summary?id=264568349,2026-08-06
America Votes,4,842048785,All Americans Vote,3,59.65,842048785,All Americans Vote,all americans vote,manual,0,OpenSecrets link confirmed the that this was the incorrect EIN/match:  https://www.opensecrets.org/outside-spending/political-nonprofits/summary?id=264568349,2026-08-06
America Votes,4,864004889,American Vote Initiative Inc,3,57.44,,,,manual,0,OpenSecrets link confirmed the that this was the incorrect EIN/match:  https://www.opensecrets.org/outside-spending/political-nonprofits/summary?id=264568349,2026-08-06
America Votes,4,942502267,Chinese American Voters Education Committee,3,54.79,942502267,CHINESE AMERICAN VOTERS EDUCATION,chinese american voters education,manual,0,OpenSecrets link confirmed the that this was the incorrect EIN/match:  https://www.opensecrets.org/outside-spending/political-nonprofits/summary?id=264568349,2026-08-06
America Votes,4,934876814,Vietnamese-american Voters Association Inc,3,54.79,,,,manual,0,OpenSecrets link confirmed the that this was the incorrect EIN/match:  https://www.opensecrets.org/outside-spending/political-nonprofits/summary?id=264568349,2026-08-06
America Votes,4,853864827,Plus 1 Vote America Inc,3,54.17,,,,manual,0,OpenSecrets link confirmed the that this was the incorrect EIN/match:  https://www.opensecrets.org/outside-spending/political-nonprofits/summary?id=264568349,2026-08-06
America Votes,4,993929463,Voters For The American Center Inc,,50.47,993929463,VOTERS FOR THE AMERICAN CENTER INC,voters american center,manual,0,OpenSecrets link confirmed the that this was the incorrect EIN/match:  https://www.opensecrets.org/outside-spending/political-nonprofits/summary?id=264568349,2026-08-06
America Votes,4,811526344,League Of Chinese American Voters Inc,3,50.47,,,,manual,0,OpenSecrets link confirmed the that this was the incorrect EIN/match:  https://www.opensecrets.org/outside-spending/political-nonprofits/summary?id=264568349,2026-08-06
America Votes,4,113457793,Russian American Voters Educational League Inc,3,50.47,,,,manual,0,OpenSecrets link confirmed the that this was the incorrect EIN/match:  https://www.opensecrets.org/outside-spending/political-nonprofits/summary?id=264568349,2026-08-06
America Votes,4,264503580,Viet-american Voters Of Northern California,3,49.25,,,,manual,0,OpenSecrets link confirmed the that this was the incorrect EIN/match:  https://www.opensecrets.org/outside-spending/political-nonprofits/summary?id=264568349,2026-08-06
America Working Together,4,813512949,America Working Together,,129.93,813512949,AMERICA WORKING TOGETHER,america working together,auto - reviewed,1,"Exact matches across the board, and only match identified.",2026-08-06
America's Agenda: Health Care for Kids,4,,,,,,,,auto,0,Not found in ProPublica's NonProfit Explorer search method. Could not find a match via search or via an OpenSecret URL,2026-08-06
America's Future Fund,4,260620554,American Future Fund,4,91.33,260620554,AMERICAN FUTURE FUND,american future fund,manual,0,"Could find a 501c4 with this name. The OpenSecrets list includes the closest match ""American Future Fund"" as a separate org, so this org cannot yet be verified.",2026-08-06
America's Future Fund,4,853508867,Business For Americas Future Fund,4,78.40,853508867,BUSINESS FOR AMERICAS FUTURE FUND,business americas future fund,manual,0,"Could find a 501c4 with this name. The OpenSecrets list includes the closest match ""American Future Fund"" as a separate org, so this org cannot yet be verified.",2026-08-06
America's Future Fund,4,933200018,Americas Future Museum Fund Inc,3,78.40,,,,manual,0,"Could find a 501c4 with this name. The OpenSecrets list includes the closest match ""American Future Fund"" as a separate org, so this org cannot yet be verified.",2026-08-06
America's Future Fund,4,842207428,Americas Future Project Action Fund,4,78.40,,,,manual,0,"Could find a 501c4 with this name. The OpenSecrets list includes the closest match ""American Future Fund"" as a separate org, so this org cannot yet be verified.",2026-08-06
America's Future Fund,4,271976324,Building Americas Future Educational Fund,3,78.40,271976324,Building Americas Future Educational,building americas future educational,manual,0,"Could find a 501c4 with this name. The OpenSecrets list includes the closest match ""American Future Fund"" as a separate org, so this org cannot yet be verified.",2026-08-06
America's Future Fund,4,371866322,Volunteers Of America Inc,3,19.23,371866322,VOA FUTURES FUND INC,voa futures fund,manual,0,"Could find a 501c4 with this name. The OpenSecrets list includes the closest match ""American Future Fund"" as a separate org, so this org cannot yet be verified.",2026-08-06
America's Renewable Future,,,,,,,,,manual,1,"Not found in ProPublica's NonProfit Explorer search method.
Its OpenSecrets link revealed its EIN, but the IRS990 search for that EIN indicates it is in the auto revocation list: https://www.opensecrets.org/outside-spending/political-nonprofits/summary?id=472545525",2026-08-07
America's Voice,4,200748404,Americas Voice,4,82.32,200748404,AMERICA'S VOICE,america s voice,auto - reviewed,1,"Exact matches across the board, and only match identified.",2026-08-07
America's Voice,4,854120787,American Voice,4,78.68,854120787,American Voice,american voice,auto - reviewed,0,Already found an exact match above,2026-08-07
America's Voice,4,814265713,Americas Voice Inc,3,73.81,,,,auto - reviewed,0,Already found an exact match above,2026-08-07
America's Voice,4,462768203,Asian American Voice,4,70.55,,,,auto - reviewed,0,Already found an exact match above,2026-08-07
America's Voice,4,872837333,Voice Of Khmer-americans,3,67.23,872837333,VOICE OF KHMER-AMERICANS (VOKA),voice khmer americans voka,auto - reviewed,0,Already found an exact match above,2026-08-07
America's Voice,4,264249073,Voice Of Vietnamese Americans,3,67.23,,,,auto - reviewed,0,Already found an exact match above,2026-08-07
America's Voice,4,262624247,Americas Voice Education Fund,3,66.90,262624247,AMERICA'S VOICE EDUCATION FUND,america s voice education fund,auto - reviewed,0,Already found an exact match above,2026-08-07
America's Voice,4,300238662,American Muslim Voice Foundation,3,63.94,,,,auto - reviewed,0,Already found an exact match above,2026-08-07
America's Voice,4,843356601,Togolese American Women Voice,3,63.94,,,,auto - reviewed,0,Already found an exact match above,2026-08-07
America's Voice,4,862410924,Voice Of American Youth,3,63.94,862410924,VOICE OF AMERICAN YOUTH,voice american youth,auto - reviewed,0,Already found an exact match above,2026-08-07
America's Voice,4,820570892,Asian America Voice Inc,3,63.10,,,,auto - reviewed,0,Already found an exact match above,2026-08-07
America's Voice,4,341649643,Ethnic Voice Of America,3,63.10,,,,auto - reviewed,0,Already found an exact match above,2026-08-07
America's Voice,4,990750547,United Voice For America,3,63.10,,,,auto - reviewed,0,Already found an exact match above,2026-08-07
America's Voice,4,811454566,Syrian American Voice Empowerment,3,62.16,,,,auto - reviewed,0,Already found an exact match above,2026-08-07
America's Voice,4,843482908,Voice Of Chinese Americans Inc,3,61.47,,,,auto - reviewed,0,Already found an exact match above,2026-08-07
America's Voice,4,414201319,Central American Voices,3,60.35,,,,auto - reviewed,0,Already found an exact match above,2026-08-07
America's Voice,4,393727298,Voices Of Americans,4,59.07,,,,auto - reviewed,0,Already found an exact match above,2026-08-07
America's Voice,4,742840157,Native American Christian Voice Inc,3,58.47,742840157,NATIVE AMERICAN CHRISTIAN VOICE INC,native american christian voice,auto - reviewed,0,Already found an exact match above,2026-08-07
America's Voice,4,461427050,American Voice For Freedom Inc,4,58.47,,,,auto - reviewed,0,Already found an exact match above,2026-08-07
America's Voice,4,863419063,Indo American Community Voice Inc,3,58.47,,,,auto - reviewed,0,Already found an exact match above,2026-08-07
America's Voice,4,474117962,South Asian American Voice Inc,3,58.47,,,,auto - reviewed,0,Already found an exact match above,2026-08-07
America's Voice,4,824562321,Voice Of American Youth Inc,3,58.47,,,,auto - reviewed,0,Already found an exact match above,2026-08-07
America's Voice,4,850726909,Veterans Voice Of America Inc,3,57.70,850726909,VETERANS VOICE OF AMERICA INC,veterans voice america,auto - reviewed,0,Already found an exact match above,2026-08-07
America's Voice,4,260426181,Voice Of Liberty North America,3,57.70,260426181,VOICE OF LIBERTY NORTH AMERICA,voice liberty north america,auto - reviewed,0,Already found an exact match above,2026-08-07
America's Voice,4,273519768,Voices For Americas Troops,4,57.66,273519768,VOICES FOR AMERICA'S TROOPS,voices america s troops,auto - reviewed,0,Already found an exact match above,2026-08-07
American Academy of Ophthalmology,6,411336784,American Academy Of Ophthalmology Inc,6,119.21,411336784,AMERICAN ACADEMY OF OPHTHALMOLOGY INC,american academy ophthalmology,auto - reviewed,1,"Exact matches across the board, and only match identified. This org is very likely related to the other matches.",2026-08-07
American Academy of Ophthalmology,6,942682387,Foundation Of The American Academy Of Ophthalmology,3,105.67,942682387,THE FOUNDATION OF THE AMERICAN ACADEMY,foundation american academy,auto - reviewed,0,Already found an exact match above,2026-08-07
American Academy of Ophthalmology,6,411865087,The Foundation Of The American Academy Of Ophthalmology,3,98.70,411865087,AMERICAN ACADEMY OF OPHTHALMOLOGY,american academy ophthalmology,auto - reviewed,0,Already found an exact match above,2026-08-07
American Action Network,4,270730508,American Action Network Inc,4,94.58,270730508,American Action Network Inc,american action network,manual,1,OpenSecrets link confirms this is the correct EIN: https://www.opensecrets.org/outside-spending/political-nonprofits/summary?id=270730508,2026-08-07
American Action Network,4,364034958,Arab American Action Network,3,94.58,364034958,Arab American Action Network,arab american action network,manual,0,OpenSecrets link confirms this is the incorrect EIN/match: https://www.opensecrets.org/outside-spending/political-nonprofits/summary?id=270730508,2026-08-07
American Action Network,4,841932865,Persian American Civic Action Network,3,86.49,841932865,PERSIAN AMERICAN CIVIC ACTION NETWORK,persian american civic action network,manual,0,OpenSecrets link confirms this is the incorrect EIN/match: https://www.opensecrets.org/outside-spending/political-nonprofits/summary?id=270730508,2026-08-07
American Action Network,4,832125118,Israeli-american Civic Action Network,4,86.49,,,,manual,0,OpenSecrets link confirms this is the incorrect EIN/match: https://www.opensecrets.org/outside-spending/political-nonprofits/summary?id=270730508,2026-08-07
American Action Network,4,461895861,American Hunters And Anglers Action Network,4,79.67,461895861,AMERICAN HUNTERS & ANGLERS ACTION,american hunters anglers action,manual,0,OpenSecrets link confirms this is the incorrect EIN/match: https://www.opensecrets.org/outside-spending/political-nonprofits/summary?id=270730508,2026-08-07
American Action Network,4,954428346,Media Action Network For Asian Americans,3,77.18,,,,manual,0,OpenSecrets link confirms this is the incorrect EIN/match: https://www.opensecrets.org/outside-spending/political-nonprofits/summary?id=270730508,2026-08-07
American Action Network,4,320381289,American Military Families Action Network Corporation,3,74.59,320381289,American Military Families,american military families,manual,0,OpenSecrets link confirms this is the incorrect EIN/match: https://www.opensecrets.org/outside-spending/political-nonprofits/summary?id=270730508,2026-08-07
American Action Network,4,522340031,American Cancer Society Cancer Action Network Inc,4,73.85,522340031,AMERICAN CANCER SOCIETY CANCER ACTION NETWORK INC,american cancer society cancer action network,manual,0,OpenSecrets link confirms this is the incorrect EIN/match: https://www.opensecrets.org/outside-spending/political-nonprofits/summary?id=270730508,2026-08-07
American Action Network,4,850510946,Action Research Network Of The Americas Inc,3,71.54,,,,manual,0,OpenSecrets link confirms this is the incorrect EIN/match: https://www.opensecrets.org/outside-spending/political-nonprofits/summary?id=270730508,2026-08-07
American Action Network,4,942949686,Pesticide Action Network North America Regional Center,3,71.21,942949686,Pesticide Action Network North America,pesticide action network north america,manual,0,OpenSecrets link confirms this is the incorrect EIN/match: https://www.opensecrets.org/outside-spending/political-nonprofits/summary?id=270730508,2026-08-07
American Action Network,4,871769413,Endometrial Cancer Action Network For African Americans,3,69.91,871769413,Endometrial Cancer Action Network For African Americans,endometrial cancer action network african americans,manual,0,OpenSecrets link confirms this is the incorrect EIN/match: https://www.opensecrets.org/outside-spending/political-nonprofits/summary?id=270730508,2026-08-07
American Action Network,4,320322840,Americans With Disabilities Act Ocean County Action Network,3,65.24,,,,manual,0,OpenSecrets link confirms this is the incorrect EIN/match: https://www.opensecrets.org/outside-spending/political-nonprofits/summary?id=270730508,2026-08-07
American Action Network,4,460662435,American Land Title Association,6,25.80,460662435,TITLE ACTION NETWORK,title action network,manual,0,OpenSecrets link confirms this is the incorrect EIN/match: https://www.opensecrets.org/outside-spending/political-nonprofits/summary?id=270730508,2026-08-07
American Assn for Justice,6,,,,,042114561,AMERICAN ASSOCIATION FOR JUSTICE,american association justice,manual,1,"Given the close match for a manual search with the full spelling of ""Assn"" --> ""Association"" revealed this 501c6: https://projects.propublica.org/nonprofits/organizations/42114561
Notice that the url drops the leading zero and that the correct EIN should be ""042114561""",2026-08-07
American Assn of Orthopaedic Surgeons,6,,,,,364241052,AMERICAN ASSOCIATION OF ORTHOPAEDIC,american association orthopaedic,manual,1,"Given the close match for a manual search with the full spelling of ""Assn"" --> ""Association"" revealed this 501c6: https://projects.propublica.org/nonprofits/organizations/364241052",2026-08-07
American Bankers Assn,6,521767808,American Bankers Association Voluntary Employee Benefit Assn,9,93.76,521767808,ABA VEBA,aba veba,auto - reviewed,1,"Exact matches across the board, and only match identified.",2026-08-07
American Chemistry Council,6,530104410,American Chemistry Council,6,122.14,530104410,AMERICAN CHEMISTRY COUNCIL,american chemistry council,auto - reviewed,1,"Exact matches across the board, and only match identified. This org is very likely related to the other matches.",2026-08-07
American Chemistry Council,,530104410,American Chemistry Council,6,122.14,530104410,AMERICAN CHEMISTRY COUNCIL,american chemistry council,auto - reviewed,0,"This is a duplicate, so it is being flagged as invalid. The first valid match was flagged accordingly",2026-08-07
American Civil Liberties Union,4,,,,,133871360,AMERICAN CIVIL LIBERTIES UNION INC,american civil liberties union,manual,1,"OpenSecrets link revealed that this was the correct EIN: 
https://www.opensecrets.org/outside-spending/political-nonprofits/summary?id=133871360",2026-08-08
American Civil Liberties Union,4,271629328,American Civil Liberties Union,4,150.99,271629328,AMERICAN CIVIL LIBERTIES UNION OF ILLINOIS,american civil liberties union illinois,manual,0,"OpenSecrets link revealed that this was the incorrect EIN/match: 
https://www.opensecrets.org/outside-spending/political-nonprofits/summary?id=133871360",2026-08-08
American Civil Liberties Union,4,910683589,American Civil Liberties Union,4,150.99,910683589,American Civil Liberties Union of Washington,american civil liberties union washington,manual,0,"OpenSecrets link revealed that this was the incorrect EIN/match: 
https://www.opensecrets.org/outside-spending/political-nonprofits/summary?id=133871360",2026-08-08
American Civil Liberties Union,4,41180450,American Civil Liberties Union,4,150.99,,,,manual,0,"OpenSecrets link revealed that this was the incorrect EIN/match: 
https://www.opensecrets.org/outside-spending/political-nonprofits/summary?id=133871360",2026-08-08
American Civil Liberties Union,4,590883831,American Civil Liberties Union,4,150.99,590883831,AMERICAN CIVIL LIBERTIES UNION OF,american civil liberties union,manual,0,"OpenSecrets link revealed that this was the incorrect EIN/match: 
https://www.opensecrets.org/outside-spending/political-nonprofits/summary?id=133871360",2026-08-08
American Civil Liberties Union,4,540845509,American Civil Liberties Union,4,150.99,540845509,American Civil Liberties Union of Virginia,american civil liberties union virginia,manual,0,"OpenSecrets link revealed that this was the incorrect EIN/match: 
https://www.opensecrets.org/outside-spending/political-nonprofits/summary?id=133871360",2026-08-08
American Civil Liberties Union,4,237184439,American Civil Liberties Union,4,150.99,237184439,AMERICAN CIVIL LIBERTIES UNION,american civil liberties union,manual,0,"OpenSecrets link revealed that this was the incorrect EIN/match: 
https://www.opensecrets.org/outside-spending/political-nonprofits/summary?id=133871360",2026-08-08
American Civil Liberties Union,4,381643182,American Civil Liberties Union,4,150.99,381643182,AMERICAN CIVIL LIBERTIES UNION,american civil liberties union,manual,0,"OpenSecrets link revealed that this was the incorrect EIN/match: 
https://www.opensecrets.org/outside-spending/political-nonprofits/summary?id=133871360",2026-08-08
American Civil Liberties Union,4,930556378,American Civil Liberties Union,4,150.99,930556378,American Civil Liberties Union of Oregon,american civil liberties union oregon,manual,0,"OpenSecrets link revealed that this was the incorrect EIN/match: 
https://www.opensecrets.org/outside-spending/political-nonprofits/summary?id=133871360",2026-08-08
American Civil Liberties Union,4,760343140,American Civil Liberties Union,4,150.99,760343140,American Civil Liberties Union,american civil liberties union,manual,0,"OpenSecrets link revealed that this was the incorrect EIN/match: 
https://www.opensecrets.org/outside-spending/political-nonprofits/summary?id=133871360",2026-08-08
American Civil Liberties Union,4,840437750,American Civil Liberties Union,4,150.99,840437750,American Civil Liberties Union of Colorado,american civil liberties union colorado,manual,0,"OpenSecrets link revealed that this was the incorrect EIN/match: 
https://www.opensecrets.org/outside-spending/political-nonprofits/summary?id=133871360",2026-08-08
American Civil Liberties Union,4,520746271,American Civil Liberties Union,4,150.99,520746271,AMERICAN CIVIL LIBERTIES,american civil liberties,manual,0,"OpenSecrets link revealed that this was the incorrect EIN/match: 
https://www.opensecrets.org/outside-spending/political-nonprofits/summary?id=133871360",2026-08-08
American Civil Liberties Union,4,340700606,American Civil Liberties Union,4,150.99,340700606,AMERICAN CIVIL LIBERTIES UNION OF OHIO,american civil liberties union ohio,manual,0,"OpenSecrets link revealed that this was the incorrect EIN/match: 
https://www.opensecrets.org/outside-spending/political-nonprofits/summary?id=133871360",2026-08-08
American Civil Liberties Union,4,396057574,American Civil Liberties Union,4,150.99,396057574,AMERICAN CIVIL LIBERTIES UNION,american civil liberties union,manual,0,"OpenSecrets link revealed that this was the incorrect EIN/match: 
https://www.opensecrets.org/outside-spending/political-nonprofits/summary?id=133871360",2026-08-08
American Civil Liberties Union,4,860205157,American Civil Liberties Union,4,150.99,860205157,AMERICAN CIVIL LIBERTIES UNION OF,american civil liberties union,manual,0,"OpenSecrets link revealed that this was the incorrect EIN/match: 
https://www.opensecrets.org/outside-spending/political-nonprofits/summary?id=133871360",2026-08-08
American Civil Liberties Union,4,474484602,American Civil Liberties Union,4,150.99,474484602,AMERICAN CIVIL LIBERTIES UNION OF,american civil liberties union,manual,0,"OpenSecrets link revealed that this was the incorrect EIN/match: 
https://www.opensecrets.org/outside-spending/political-nonprofits/summary?id=133871360",2026-08-08
American Civil Liberties Union,4,580951433,American Civil Liberties Union,4,150.99,580951433,AMERICAN CIVIL LIBERTIES UNION OF,american civil liberties union,manual,0,"OpenSecrets link revealed that this was the incorrect EIN/match: 
https://www.opensecrets.org/outside-spending/political-nonprofits/summary?id=133871360",2026-08-08
American Civil Liberties Union,4,350930337,American Civil Liberties Union,4,150.99,350930337,INDIANA CIVIL LIBERTIES UNION,indiana civil liberties union,manual,0,"OpenSecrets link revealed that this was the incorrect EIN/match: 
https://www.opensecrets.org/outside-spending/political-nonprofits/summary?id=133871360",2026-08-08
American Civil Liberties Union,4,237093415,American Civil Liberties Union,4,150.99,237093415,ACLU NEBRASKA,aclu nebraska,manual,0,"OpenSecrets link revealed that this was the incorrect EIN/match: 
https://www.opensecrets.org/outside-spending/political-nonprofits/summary?id=133871360",2026-08-08
American Civil Liberties Union,4,620790133,American Civil Liberties Union,4,150.99,620790133,AMERICAN CIVIL LIBERTIES UNION OF,american civil liberties union,manual,0,"OpenSecrets link revealed that this was the incorrect EIN/match: 
https://www.opensecrets.org/outside-spending/political-nonprofits/summary?id=133871360",2026-08-08
American Civil Liberties Union,4,990156207,American Civil Liberties Union,4,150.99,990156207,AMERICAN CIVIL LIBERTIES UNION,american civil liberties union,manual,0,"OpenSecrets link revealed that this was the incorrect EIN/match: 
https://www.opensecrets.org/outside-spending/political-nonprofits/summary?id=133871360",2026-08-08
American Civil Liberties Union,4,420892616,American Civil Liberties Union,4,150.99,420892616,AMERICAN CIVIL LIBERTIES UNION OF IOWA,american civil liberties union iowa,manual,0,"OpenSecrets link revealed that this was the incorrect EIN/match: 
https://www.opensecrets.org/outside-spending/political-nonprofits/summary?id=133871360",2026-08-08
American Civil Liberties Union,4,810431527,American Civil Liberties Union,4,150.99,810431527,AMERICAN CIVIL LIBERTIES UNION INC,american civil liberties union,manual,0,"OpenSecrets link revealed that this was the incorrect EIN/match: 
https://www.opensecrets.org/outside-spending/political-nonprofits/summary?id=133871360",2026-08-08
American Civil Liberties Union,4,710467186,American Civil Liberties Union,4,150.99,710467186,AMERICAN CIVIL LIBERTIES UNION OF,american civil liberties union,manual,0,"OpenSecrets link revealed that this was the incorrect EIN/match: 
https://www.opensecrets.org/outside-spending/political-nonprofits/summary?id=133871360",2026-08-08
American Civil Liberties Union,4,720604244,American Civil Liberties Union,4,150.99,720604244,AMERICAN CIVIL LIBERTIES UNION,american civil liberties union,manual,0,"OpenSecrets link revealed that this was the incorrect EIN/match: 
https://www.opensecrets.org/outside-spending/political-nonprofits/summary?id=133871360",2026-08-08
American Civil Liberties Union,4,610597514,American Civil Liberties Union,4,150.99,610597514,AMERICAN CIVIL LIBERTIES UNION OF,american civil liberties union,manual,0,"OpenSecrets link revealed that this was the incorrect EIN/match: 
https://www.opensecrets.org/outside-spending/political-nonprofits/summary?id=133871360",2026-08-08
American Commitment,4,452600535,American Commitment,4,112.18,452600535,AMERICAN COMMITMENT,american commitment,auto - reviewed,1,Exact matches across the board.,2026-08-07
American Commitment,4,812956518,American Commitment Foundation,3,100.59,812956518,AMERICAN COMMITMENT FOUNDATION,american commitment foundation,auto - reviewed,0,Wrong org type; Very likely related to verified,2026-08-07
American Conservative Union,4,520810813,American Conservative Union,4,107.12,520810813,AMERICAN CONSERVATIVE UNION INC,american conservative union,auto - reviewed,1,Near exact matches across the board.,2026-08-07
American Conservative Union,4,521294680,American Conservative Union Foundation,3,97.09,521294680,AMERICAN CONSERVATIVE UNION FOUNDATIONINC,american conservative union foundationinc,auto - reviewed,0,Wrong org type; Very likely related to verified,2026-08-07
American Encore,4,264683543,American Encore Inc,4,92.65,264683543,American Encore,american encore,auto - reviewed,1,Near exact matches across the board.,2026-08-07
American Encore,4,471094731,American Vaulters Association,3,24.60,,,,manual,0,No matches,2026-08-07
American Energy Alliance,4,262731617,American Energy Alliance,4,109.56,262731617,AMERICAN ENERGY ALLIANCE,american energy alliance,auto - reviewed,1,Exact matches across the board.,2026-08-07
American Energy Alliance,4,201728102,Securing Americas Future Energy Alliance Inc,4,81.15,201728102,SECURING AMERICA'S FUTURE ENERGY,securing america s future energy,manual,0,No meanigful matches,2026-08-07
American Family Business Institute,6,,,,,,,,manual,1,"Not found in ProPublica's NonProfit Explorer search method.
A manual google search was required (search query ""American Family Business Institute EIN"") which lead me to this link: https://app.candid.org/profile/7913063/american-family-business-institute-58-2287526
This EIN was not found in the IRS990, nor did a direct match show up in the NonProfit Explorer. However, some filings that seemed like the right org showed up under ""Unknown Organization"": https://projects.propublica.org/nonprofits/full_text_search?q=58-2287526
This EIN does not exist in our database.",2026-08-07
American Federation for Children,4,330627955,American Federation For Children Inc,4,103.44,330627955,AMERICAN FEDERATION FOR CHILDREN INC,american federation children,auto - reviewed,1,"Exact matches across the board, and only match identified. This org is very likely related to the matched 501c3.",2026-08-07
American Federation for Children,4,522111508,American Federation For Children Growth Fund Inc,3,88.33,522111508,AMERICAN FEDERATION FOR CHILDREN GROWTH,american federation children growth,auto - reviewed,1,Wrong org type; Very likely related to verified match,2026-08-07
American First Credit Union,,330358683,American First Credit Union,14,127.53,330358683,AMERICAN FIRST CREDIT UNION,american first credit union,manual,1,"OpenSecrets link revealed that this was the correct EIN: https://www.opensecrets.org/outside-spending/political-nonprofits/summary?id=330358683
This is very likely related to the matched 501c3s.",2026-08-07
American First Credit Union,,750275690,First Class American Credit Union,14,116.61,750275690,First Class American Credit Union,first class american credit union,manual,0,OpenSecrets link revealed that this was the incorrect EIN: https://www.opensecrets.org/outside-spending/political-nonprofits/summary?id=330358683,2026-08-07
American First Credit Union,,60944493,America's First Network Credit Union,14,111.21,,,,manual,0,OpenSecrets link revealed that this was the incorrect EIN: https://www.opensecrets.org/outside-spending/political-nonprofits/summary?id=330358683,2026-08-07
American First Credit Union,,842568867,America First Credit Union Charitable Foundation,3,102.15,842568867,AMERICA FIRST CREDIT UNION CHARITABLE FOUNDATION,america first credit union charitable foundation,manual,0,"OpenSecrets link revealed that this was the incorrect EIN: https://www.opensecrets.org/outside-spending/political-nonprofits/summary?id=330358683
This is very likely related to the verified match.",2026-08-07
American First Credit Union,,870511475,America First Credit Union Community Assistance Program,3,96.94,870511475,AMERICA FIRST CREDIT UNION COMMUNITY ASSISTANCE PROGRAM,america first credit union community assistance program,manual,0,"OpenSecrets link revealed that this was the incorrect EIN: https://www.opensecrets.org/outside-spending/political-nonprofits/summary?id=330358683
This is very likely related to the verified match.",2026-08-07
American First Credit Union,,860189823,Credit Unions In The State Of Arizonia,14,37.01,860189823,FIRST AMERICAN CREDIT UNION,first american credit union,manual,0,OpenSecrets link revealed that this was the incorrect EIN: https://www.opensecrets.org/outside-spending/political-nonprofits/summary?id=330358683,2026-08-07
American Future Fund,4,260620554,American Future Fund,4,97.84,260620554,AMERICAN FUTURE FUND,american future fund,auto - reviewed,1,OpenSecrets link verified that this is the correct EIN: https://www.opensecrets.org/outside-spending/political-nonprofits/summary?id=260620554,2026-08-07
American Future Fund,4,853508867,Business For Americas Future Fund,4,78.40,853508867,BUSINESS FOR AMERICAS FUTURE FUND,business americas future fund,auto - reviewed,0,OpenSecrets link verified that this is the incorrect EIN/match: https://www.opensecrets.org/outside-spending/political-nonprofits/summary?id=260620554,2026-08-07
American Future Fund,4,933200018,Americas Future Museum Fund Inc,3,78.40,,,,auto - reviewed,0,OpenSecrets link verified that this is the incorrect EIN/match: https://www.opensecrets.org/outside-spending/political-nonprofits/summary?id=260620554,2026-08-07
American Future Fund,4,842207428,Americas Future Project Action Fund,4,78.40,,,,auto - reviewed,0,OpenSecrets link verified that this is the incorrect EIN/match: https://www.opensecrets.org/outside-spending/political-nonprofits/summary?id=260620554,2026-08-07
American Future Fund,4,271976324,Building Americas Future Educational Fund,3,78.40,271976324,Building Americas Future Educational,building americas future educational,auto - reviewed,0,OpenSecrets link verified that this is the incorrect EIN/match: https://www.opensecrets.org/outside-spending/political-nonprofits/summary?id=260620554,2026-08-07
American Future Fund,4,371866322,Volunteers Of America Inc,3,20.09,371866322,VOA FUTURES FUND INC,voa futures fund,auto - reviewed,0,OpenSecrets link verified that this is the incorrect EIN/match: https://www.opensecrets.org/outside-spending/political-nonprofits/summary?id=260620554,2026-08-07
American Hospital Assn,6,,,,,360726140,American Hospital Association,american hospital association,manual,1,"OpenSecrets link revealed that this was the correct EIN: 
https://www.opensecrets.org/outside-spending/political-nonprofits/summary?id=360726140",2026-08-07
American Issues Project,4,,,,,,,,manual,1,"Not found in ProPublica's NonProfit Explorer search method. The IRS990 search returned an ""American Issues Project Inc"", which only had filed 990-Ns up to 2017, which is why it doesn't exist in our database.",2026-08-07
American Majority Action,4,263594713,American Majority Action,4,141.53,263594713,AMERICAN MAJORITY ACTION,american majority action,auto - reviewed,1,"Exact matches across the board, and only match identified.",2026-08-07
American Medical Assn,6,,,,,360727175,AMERICAN MEDICAL ASSOCIATION,american medical association,manual,1,"Searching for ""American Medical Association"" in the NonProfit Explorer identified an exact match with the name and org type:
https://projects.propublica.org/nonprofits/organizations/360727175
Searching for its associated EIN in our database returned a match",2026-08-07
American Medical Assn,6,272578246,American Medical Writers Assn North Central Chapter,3,76.89,,,,manual,0,Already found verified match. Also wrong name and org type.,2026-08-07
American Medical Assn,6,363910201,Indian American Medical Assn Il Charitable Foundation Inc,3,71.66,363910201,INDIAN AMERICAN MEDICAL ASSOCIATION,indian american medical association,manual,0,Already found verified match. Also wrong name and org type.,2026-08-07
American Medical Assn,6,510161835,Nebraska State Society Of American Assn Of Medical Assistants Inc,6,63.07,,,,manual,0,Already found verified match. Also wrong name and org type.,2026-08-07
American Medical Assn,6,820854185,Northern California Chapter Of The American Medical Writers Assn Inc,3,63.07,,,,manual,0,Already found verified match. Also wrong name and org type.,2026-08-07
American Medical Assn,6,942901694,American Association Of Physicians For Human Rights Inc,3,19.70,942901694,AMERICAN ASSOCIATION OF PHYSICIANS FOR HUMAN RIGHT,american association physicians human right,manual,0,Already found verified match. Also wrong name and org type.,2026-08-07
American Principles in Action,4,,,,,264613397,American Principles Project,american principles project,manual,1,"OpenSecrets link revealed that this was the correct EIN: 
https://www.opensecrets.org/outside-spending/political-nonprofits/summary?id=264613397",2026-08-07
American Resort Development Assn,6,,,,,520895129,AMERICAN RESORT DEVELOPMENT ASSOCIATION,american resort development association,manual,1,"OpenSecrets link revealed that this was the correct EIN: 
https://www.opensecrets.org/outside-spending/political-nonprofits/summary?id=520895129",2026-08-07
American Rights at Work,4,861082272,American Rights At Work Education Campaign,3,124.97,450518844,Jobs with Justice,jobs with justice,manual,1,"A google search for ""American Rights at Work EIN"" lead to finding this webpage:
https://www.influencewatch.org/non-profit/american-rights-at-work/
This EIN was a match under a different name. It is very likely that the matched 501c3 is related given their names.",2026-08-07
American Wind Action,4,,,,,812212257,AMERICAN ENERGY ACTION,american energy action,manual,1,"A google search for ""American Wind Action EIN"" lead to a schedule I filing in the NonProfit Explorer:
https://projects.propublica.org/nonprofits/organizations/264486735/202033179349303983/IRS990ScheduleI
This EIN was a match under a different name.",2026-08-07
Americans Elect,4,43519050,American Fedetation Of State County & Municipal Employees,5,14.48,,,,manual,0,"Although this org has an associated EIN according to the OpenSecrets site, the EIN did not yield any matches across the IRS990 Search tool, the NonProfit Explorer, nor our database:
https://www.opensecrets.org/outside-spending/political-nonprofits/summary?id=272285014
",2026-08-07
Americans Elect,4,136107108,American Federation Of State County & Municipal Employees,5,13.77,136107108,LOCAL 1322 AFSCME AFLCIO,local 1322 afscme aflcio,manual,0,"Although this org has an associated EIN according to the OpenSecrets site, the EIN did not yield any matches across the IRS990 Search tool, the NonProfit Explorer, nor our database:
https://www.opensecrets.org/outside-spending/political-nonprofits/summary?id=272285014
",2026-08-07
Americans for a Conservative Direction,4,,,,,,,,manual,0,"Not found in ProPublica's NonProfit Explorer search method.
A manual search revealed mixed results. OpenSecrets seemed to have an EIN associated with this org:
https://www.opensecrets.org/outside-spending/political-nonprofits/summary?id=462461564
However, that EIN doesn't return anything in the IRS990 search (and the OpenSecrets page doesn't have anything anymore).
Additionally, when searching for this EIN in the NonProfit Explorer, it seems like some Schedule R include this org and EIN but indicate it's an LLC:
https://projects.propublica.org/nonprofits/full_text_search?q=462461564",2026-08-07
Americans for Constitutional Liberty,4,,,,,540978858,The Conservative Caucus,conservative caucus,manual,1,"Although not found in ProPublica's NonProfit Explorer search method, found in IRS 990 search. Other names include the 'Conservative Caucaus' which matches the name and EIN in our database. ",2026-08-07
Americans for Consumer Protection,4,,,,,,,,auto,0,Not found in ProPublica's NonProfit Explorer search method.,2026-08-07
Americans for Job Security,6,522062978,Americans For Job Security,6,144.50,,,,manual,0,"Although OpenSecrets had a link with an EIN, it is indicated as being on the auto revocation list in the irs990 search.
OpenSecrets link: https://www.opensecrets.org/outside-spending/political-nonprofits/summary?id=522062978",2026-08-07
Americans for Job Security,6,264059896,Americans Allied For Jobs And Security,4,107.21,264059896,AMERICANS ALLIED FOR JOBS AND SECURITY,americans allied jobs security,manual,0,"The OpenSecrets EIN, it is indicated pointed to the EIN that is on the auto revocation list in the irs990 search.
OpenSecrets link: https://www.opensecrets.org/outside-spending/political-nonprofits/summary?id=522062978
Therefore this match can't be verified.",2026-08-07
Americans for Limited Government,4,363975580,Americans For Limited Government Inc,4,125.29,363975580,AMERICANS FOR LIMITED GOVERNMENT INC,americans limited government,manual,1,"OpenSecrets link revealed that this was the correct EIN: 
https://www.opensecrets.org/outside-spending/political-nonprofits/summary?id=363975580",2026-08-07
Americans for Limited Government,4,522020468,Americans For Limited Government Research Foundation Inc,3,106.99,522020468,AMERICANS FOR LIMITED GOVERNMENT,americans limited government,manual,0,"OpenSecrets link revealed that this was the incorrect EIN/match: 
https://www.opensecrets.org/outside-spending/political-nonprofits/summary?id=363975580",2026-08-07
Americans for Prosperity,4,753148958,Americans For Prosperity,4,99.94,753148958,AMERICANS FOR PROSPERITY,americans prosperity,manual,1,"OpenSecrets link revealed that this was the correct EIN: 
https://www.opensecrets.org/outside-spending/political-nonprofits/summary?id=753148958",2026-08-07
Americans for Prosperity,4,521527294,Americans For Prosperity Foundation,3,90.59,521527294,Americans for Prosperity Foundation,americans prosperity foundation,manual,0,"OpenSecrets link revealed that this was the incorrect EIN/match: 
https://www.opensecrets.org/outside-spending/political-nonprofits/summary?id=753148958
Very likely to be related to the verified match",2026-08-07
Americans for Prosperity,4,861294501,Data For American Prosperity,3,87.63,,,,manual,0,"OpenSecrets link revealed that this was the incorrect EIN/match: 
https://www.opensecrets.org/outside-spending/political-nonprofits/summary?id=753148958",2026-08-07
Americans for Prosperity,4,472591254,American Foundation For Mexicos Prosperity,3,80.14,,,,manual,0,"OpenSecrets link revealed that this was the incorrect EIN/match: 
https://www.opensecrets.org/outside-spending/political-nonprofits/summary?id=753148958",2026-08-07
Americans for Prosperity,4,834460278,American Serbian Association For Prosperity,3,80.14,834460278,American Serbian Association for Prosperity,american serbian association prosperity,manual,0,"OpenSecrets link revealed that this was the incorrect EIN/match: 
https://www.opensecrets.org/outside-spending/political-nonprofits/summary?id=753148958",2026-08-07
Americans for Prosperity,4,471991541,Americans For Peace Prosperity And Security Inc,,70.74,471991541,AMERICANS FOR PEACE PROSPERITY AND,americans peace prosperity,manual,0,"OpenSecrets link revealed that this was the incorrect EIN/match: 
https://www.opensecrets.org/outside-spending/political-nonprofits/summary?id=753148958",2026-08-07
Americans for Prosperity,4,821768427,American Muslims For Prosperity Action Fund Inc,4,68.44,,,,manual,0,"OpenSecrets link revealed that this was the incorrect EIN/match: 
https://www.opensecrets.org/outside-spending/political-nonprofits/summary?id=753148958",2026-08-07
Americans for Prosperity,4,854215461,Congolese American Women For Peace Justice And Prosperity,3,63.78,,,,manual,0,"OpenSecrets link revealed that this was the incorrect EIN/match: 
https://www.opensecrets.org/outside-spending/political-nonprofits/summary?id=753148958",2026-08-07
Americans for Prosperity,4,231352012,American Institute For Chartered Property Casualty Underwriters,3,59.49,231352012,AMERICAN INSTITUTE FOR CHARTERED PROPERTY,american institute chartered property,manual,0,"OpenSecrets link revealed that this was the incorrect EIN/match: 
https://www.opensecrets.org/outside-spending/political-nonprofits/summary?id=753148958",2026-08-07
Americans for Prosperity,4,820599085,American Council For The Preservation Of Cultural Property,4,55.44,820599085,AMERICAN COUNCIL FOR THE PRESERVATION OF CULTURAL PROPERTY,american council preservation cultural property,manual,0,"OpenSecrets link revealed that this was the incorrect EIN/match: 
https://www.opensecrets.org/outside-spending/political-nonprofits/summary?id=753148958",2026-08-07
Americans for Responsible Leadership,4,452841608,Americans For Responsible Leadership,4,139.50,,,,manual,1,"OpenSecrets link revealed a match, but the org stopped running too long ago for our database to have it:
https://www.opensecrets.org/outside-spending/political-nonprofits/summary?id=452841608",2026-08-07
Americans For Tax Reform,4,521403587,Americans For Tax Reform,4,142.20,521403587,Americans for Tax Reform,americans tax reform,auto - reviewed,1,"Exact matches across the board, and only unique match identified.",2026-08-07
Americans for Tax Reform,4,521403587,Americans For Tax Reform,4,142.20,521403587,Americans for Tax Reform,americans tax reform,auto - reviewed,0,Seems to be a duplicate of the verified match.,2026-08-07
Americans United 4 Life Action,4,,,,,363906065,Americans United for Life Inc,americans united life,manual,1,"OpenSecrets link revealed that this was the correct EIN: 
https://www.opensecrets.org/outside-spending/political-nonprofits/summary?id=363906065",2026-08-07
Americas Majority,4,223947727,Americas Majority Foundation,3,100.28,223947727,AMERICAS MAJORITY FOUNDATION,americas majority foundation,manual,0,"This spelling didn't yield any results with an exact match. The closest match is ""American Majority, Inc"" which is a 501c3, or the already verified ""American Majority Action"". For that reason, these cannot be verified.",2026-08-07
Americas Majority,4,263594713,American Majority Action,4,97.02,263594713,AMERICAN MAJORITY ACTION,american majority action,manual,0,"This spelling didn't yield any results with an exact match. The closest match is ""American Majority, Inc"" which is a 501c3, or the already verified ""American Majority"". For that reason, these cannot be verified.",2026-08-07
Americas Majority,4,261501154,American Majority Inc,3,97.02,261501154,AMERICAN MAJORITY INC,american majority,manual,0,"This spelling didn't yield any results with an exact match. The closest match is ""American Majority, Inc"" which is a 501c3, or the already verified ""American Majority"". For that reason, these cannot be verified.",2026-08-07
Americas Majority,4,463374978,Iranian American Majority Inc,3,87.95,,,,manual,0,"This spelling didn't yield any results with an exact match. The closest match is ""American Majority, Inc"" which is a 501c3, or the already verified ""American Majority"". For that reason, these cannot be verified.",2026-08-07
Americas Majority,4,991007610,Minority Majority Of America,4,87.53,,,,manual,0,"This spelling didn't yield any results with an exact match. The closest match is ""American Majority, Inc"" which is a 501c3, or the already verified ""American Majority"". For that reason, these cannot be verified.",2026-08-07
Americas Majority,4,934221178,Committee Of The American Majority Inc,,74.09,934221178,Committee of the American Majority,committee american majority,manual,0,"This spelling didn't yield any results with an exact match. The closest match is ""American Majority, Inc"" which is a 501c3, or the already verified ""American Majority"". For that reason, these cannot be verified.",2026-08-07
Animal Wellness Action,4,825477192,Animal Wellness Action,4,125.80,825477192,ANIMAL WELLNESS ACTION,animal wellness action,auto - reviewed,1,"Exact matches across the board, and only match identified.",2026-08-07
Arizona Credit Union League,6,,,,,,,,manual,0,"OpenSecret's link points to an EIN that doesn't return any exact matches across the IRS, ProPublica, or our database:
https://www.opensecrets.org/outside-spending/political-nonprofits/summary?id=860105741
However, the NonProfit Explorer does include some filings that reference this EIN as a trade association:
https://projects.propublica.org/nonprofits/full_text_search?q=860105741",2026-08-07
Arkansans for Common Sense,4,,,,,,,,manual,0,"The OpenSecrets link pointed to an EIN that cannot be found anywhere in the IRS, Nonprofit Explorer, or in our database:
https://www.opensecrets.org/outside-spending/political-nonprofits/summary?id=272075668",2026-08-07
Asian Pacific Islander Political Alliance,4,,,,,,,,auto,0,"Required a google search for ""Asian Pacific Islander Political Alliance EIN"". This pointed to a Nonprofit Explorer link that seems to have have a mispelling:
https://projects.propublica.org/nonprofits/organizations/850685612
However, even though that EIN does exist in the IRS990 search, it is likely too old to exist in our databse.",2026-08-07
Associated Builders & Contractors,6,520579380,Associated Builders & Contractors Inc,6,90.38,520579380,ASSOCIATED BUILDERS AND CONTRACTORS INC,associated builders contractors,manual,1,"OpenSecrets link revealed that this was the correct EIN: 
https://www.opensecrets.org/outside-spending/political-nonprofits/summary?id=520579380",2026-08-07
Associated Builders & Contractors,6,860763845,Associated Builders & Contractors Inc,6,89.18,860763845,ABA ARIZONA BUILDERS' ALLIANCE,aba arizona builders alliance,manual,0,"OpenSecrets link revealed that this was the incorrect EIN/match: 
https://www.opensecrets.org/outside-spending/political-nonprofits/summary?id=520579380",2026-08-07
Associated Builders & Contractors,6,680203295,Community Home Builders Associates,3,85.82,680203295,COMMUNITY HOME BUILDERS AND ASSOCIATES,community home builders associates,manual,0,"OpenSecrets link revealed that this was the incorrect EIN/match: 
https://www.opensecrets.org/outside-spending/political-nonprofits/summary?id=520579380",2026-08-07
Associated Builders & Contractors,6,481086925,Harvey County Builders & Associates,6,85.82,,,,manual,0,"OpenSecrets link revealed that this was the incorrect EIN/match: 
https://www.opensecrets.org/outside-spending/political-nonprofits/summary?id=520579380",2026-08-07
Associated Builders & Contractors,6,391158527,Associated Builders & Contractors Inc,6,85.72,391158527,ASSOCIATED BUILDERS & CONTRACTORS OF,associated builders contractors,manual,0,"OpenSecrets link revealed that this was the incorrect EIN/match: 
https://www.opensecrets.org/outside-spending/political-nonprofits/summary?id=520579380",2026-08-07
Associated Builders & Contractors,6,540836531,Associated Builders & Contractors Inc,6,85.72,540836531,ASSOCIATED BUILDERS & CONTRACTORS,associated builders contractors,manual,0,"OpenSecrets link revealed that this was the incorrect EIN/match: 
https://www.opensecrets.org/outside-spending/political-nonprofits/summary?id=520579380",2026-08-07
Associated Builders & Contractors,6,510101354,Associated Builders & Contractors Inc,6,85.72,510101354,ASSOCIATED BUILDERS AND CONTRACTORS INC,associated builders contractors,manual,0,"OpenSecrets link revealed that this was the incorrect EIN/match: 
https://www.opensecrets.org/outside-spending/political-nonprofits/summary?id=520579380",2026-08-07
Associated Builders & Contractors,6,990272037,Associated Builders & Contractors Inc,6,85.72,990272037,ASSOCIATED BUILDERS AND CONTRACTORS,associated builders contractors,manual,0,"OpenSecrets link revealed that this was the incorrect EIN/match: 
https://www.opensecrets.org/outside-spending/political-nonprofits/summary?id=520579380",2026-08-07
Associated Builders & Contractors,6,920163014,Associated Builders & Contractors Inc,6,85.72,920163014,Associated Builders &,associated builders,manual,0,"OpenSecrets link revealed that this was the incorrect EIN/match: 
https://www.opensecrets.org/outside-spending/political-nonprofits/summary?id=520579380",2026-08-07
Associated Builders & Contractors,6,550677947,Associated Builders And Contractors,6,85.72,550677947,ASSOCIATED BUILDERS & CONTRACTORS INC,associated builders contractors,manual,0,"OpenSecrets link revealed that this was the incorrect EIN/match: 
https://www.opensecrets.org/outside-spending/political-nonprofits/summary?id=520579380",2026-08-07
Associated Builders & Contractors,6,336227695,Associated Builders & Contractors Inc,6,83.88,336227695,ABC OF SOUTHERN CALIFORNIA BENEFIT,abc southern california benefit,manual,0,"OpenSecrets link revealed that this was the incorrect EIN/match: 
https://www.opensecrets.org/outside-spending/political-nonprofits/summary?id=520579380",2026-08-07
Associated Builders & Contractors,6,237298705,Associated Builders & Contractors Inc,6,83.88,237298705,ASSOC BUILDERS & CONTRACTORS OF,assoc builders contractors,manual,0,"OpenSecrets link revealed that this was the incorrect EIN/match: 
https://www.opensecrets.org/outside-spending/political-nonprofits/summary?id=520579380",2026-08-07
Associated Builders & Contractors,6,386087670,Associated Builders & Contractors Inc,6,83.88,386087670,ASSOCIATED BUILDERS & CONTRACTORS INC,associated builders contractors,manual,0,"OpenSecrets link revealed that this was the incorrect EIN/match: 
https://www.opensecrets.org/outside-spending/political-nonprofits/summary?id=520579380",2026-08-07
Associated Builders & Contractors,6,620850294,Associated Builders & Contractors Inc,6,83.88,620850294,GREATER TENNESSEE CHAPTER ASSOCIATED,greater tennessee chapter associated,manual,0,"OpenSecrets link revealed that this was the incorrect EIN/match: 
https://www.opensecrets.org/outside-spending/political-nonprofits/summary?id=520579380",2026-08-07
Associated Builders & Contractors,6,520786957,Associated Builders & Contractors Inc,6,83.88,520786957,BALTIMORE METROPOLITAN CHAPTER OF ABC,baltimore metropolitan chapter abc,manual,0,"OpenSecrets link revealed that this was the incorrect EIN/match: 
https://www.opensecrets.org/outside-spending/political-nonprofits/summary?id=520579380",2026-08-07
Associated Builders & Contractors,6,310840204,Associated Builders & Contractors Inc,6,83.88,310840204,ASSOCIATED BUILDERS AND CONTRACTORS,associated builders contractors,manual,0,"OpenSecrets link revealed that this was the incorrect EIN/match: 
https://www.opensecrets.org/outside-spending/political-nonprofits/summary?id=520579380",2026-08-07
Associated Builders & Contractors,6,521470623,Associated Builders & Contractors Inc,3,83.88,521470623,MARYLAND ASSOCIATION OF COMMUNITY ACTION AGENCIES,maryland association community action agencies,manual,0,"OpenSecrets link revealed that this was the incorrect EIN/match: 
https://www.opensecrets.org/outside-spending/political-nonprofits/summary?id=520579380",2026-08-07
Associated Builders & Contractors,6,953000378,Associated Builders & Contractors Inc,6,83.88,953000378,ASSOCIATED BUILDERS AND CONTRACTORS,associated builders contractors,manual,0,"OpenSecrets link revealed that this was the incorrect EIN/match: 
https://www.opensecrets.org/outside-spending/political-nonprofits/summary?id=520579380",2026-08-07
Associated Builders & Contractors,6,237361434,Associated Builders & Contractors Inc,6,83.88,237361434,ASSOCIATED BUILDERS & CONTRACTORS INC,associated builders contractors,manual,0,"OpenSecrets link revealed that this was the incorrect EIN/match: 
https://www.opensecrets.org/outside-spending/political-nonprofits/summary?id=520579380",2026-08-07
Associated Builders & Contractors,6,520810991,Associated Builders & Contractors Inc,6,83.88,520810991,ASSOCIATED BUILDERS & CONTRACTORS,associated builders contractors,manual,0,"OpenSecrets link revealed that this was the incorrect EIN/match: 
https://www.opensecrets.org/outside-spending/political-nonprofits/summary?id=520579380",2026-08-07
Associated Builders & Contractors,6,454465356,Associated Builders & Contractors Inc,6,83.88,454465356,Associated Builders & Contractors -,associated builders contractors,manual,0,"OpenSecrets link revealed that this was the incorrect EIN/match: 
https://www.opensecrets.org/outside-spending/political-nonprofits/summary?id=520579380",2026-08-07
Associated Builders & Contractors,6,381803328,Associated Builders & Contractors Inc,6,83.88,381803328,Associated Builders & Contractors of MI,associated builders contractors mi,manual,0,"OpenSecrets link revealed that this was the incorrect EIN/match: 
https://www.opensecrets.org/outside-spending/political-nonprofits/summary?id=520579380",2026-08-07
Associated Builders & Contractors,6,760238139,Associated Builders & Contractors Inc,6,83.88,760238139,Associated Builders & Contractors Inc,associated builders contractors,manual,0,"OpenSecrets link revealed that this was the incorrect EIN/match: 
https://www.opensecrets.org/outside-spending/political-nonprofits/summary?id=520579380",2026-08-07
Associated Builders & Contractors,6,840681306,Associated Builders & Contractors Inc,6,83.88,840681306,ASSOCIATED BUILDERS & CONTRACTORS INC,associated builders contractors,manual,0,"OpenSecrets link revealed that this was the incorrect EIN/match: 
https://www.opensecrets.org/outside-spending/political-nonprofits/summary?id=520579380",2026-08-07
Associated Builders & Contractors,6,770497495,Associated Builders & Contractors Inc,6,83.88,770497495,ASSOCIATED BUILDERS & CONTRACTORS INC,associated builders contractors,manual,0,"OpenSecrets link revealed that this was the incorrect EIN/match: 
https://www.opensecrets.org/outside-spending/political-nonprofits/summary?id=520579380",2026-08-07
Associated General Contractors,6,360852545,Chicagoland Associated General Contractors,6,136.92,360852545,CHICAGOLAND ASSOCIATED GENERAL,chicagoland associated general,manual,0,Identified a verified match. See match for reason it was selected.,2026-08-07
Associated General Contractors,6,620296285,Associated General Contractors,6,134.30,620296285,MISSISSIPPI VALLEY FLOOD CONTROL,mississippi valley flood control,manual,0,Identified a verified match. See match for reason it was selected.,2026-08-07
Associated General Contractors,6,530029260,Associated General Contractors Of America,6,125.20,530029260,ASSOCIATED GENERAL CONTRACTORS OF AMERICA INC,associated general contractors america,manual,1,"The only exact wording for this org, that doesn't then include a chapter on the filing, is on the auto-revocation list (of course, we can't tell if that org would also be a chapter, but if it was, then there are even less matches).
Googling online and in the Nonprofit explorer also points to similarly named orgs, or chapter specific orgs.
The data on the Nonprofit Explorer seems to point to this being the correct entity.",2026-08-07
Associated General Contractors,6,910911236,Associated General Contractors Of Washington,6,125.20,910911236,ASSOCIATED GENERAL CONTRACTORS OF,associated general contractors,manual,0,Identified a verified match. See match for reason it was selected.,2026-08-07
Associated General Contractors,6,430646260,Associated General Contractors Of Missouri,6,125.20,430646260,ASSOCIATED GENERAL CONTRACTORS OF,associated general contractors,manual,0,Identified a verified match. See match for reason it was selected.,2026-08-07
Associated General Contractors,6,720395279,Louisiana Associated General Contractors Inc,6,125.20,720395279,LOUISIANA ASSOCIATED GENERAL,louisiana associated general,manual,0,Identified a verified match. See match for reason it was selected.,2026-08-07
Associated General Contractors,6,10275734,Associated General Contractors Of Maine,6,125.20,,,,manual,0,Identified a verified match. See match for reason it was selected.,2026-08-07
Associated General Contractors,6,420121190,Associated General Contractors Of Iowa,6,125.20,420121190,ASSOCIATED GENERAL CONTRACTORS OF IOWA,associated general contractors iowa,manual,0,Identified a verified match. See match for reason it was selected.,2026-08-07
Associated General Contractors,6,370343360,Associated General Contractors Of Illinois,6,125.20,370343360,THE ASSOCIATED GENERAL CONTRACTORS,associated general contractors,manual,0,Identified a verified match. See match for reason it was selected.,2026-08-07
Associated General Contractors,6,362244731,Fox Valley Associated General Contractors,6,125.20,,,,manual,0,Identified a verified match. See match for reason it was selected.,2026-08-07
Associated General Contractors,6,742930055,El Paso Chapter Associated General Contractors Incorporated,6,116.10,742930055,EL PASO CHAPTER ASSOCIATED GENERAL,el paso chapter associated general,manual,0,Identified a verified match. See match for reason it was selected.,2026-08-07
Associated General Contractors,6,952575486,Associated General Contractors Of California Inc,6,115.33,952575486,ASSOCIATED GENERAL CONTRACTORS OF,associated general contractors,manual,0,Identified a verified match. See match for reason it was selected.,2026-08-07
Associated General Contractors,6,580144470,Associated General Contractors Of Georgia Inc,6,115.33,580144470,ASSOCIATED GENERAL CONTRACTORS OF GEORGIA,associated general contractors georgia,manual,0,Identified a verified match. See match for reason it was selected.,2026-08-07
Associated General Contractors,6,480506117,Associated General Contractors Of Kansas Inc,6,115.33,480506117,ASSOCIATED GENERAL CONTRACTORS,associated general contractors,manual,0,Identified a verified match. See match for reason it was selected.,2026-08-07
Associated General Contractors,6,410132580,Associated General Contractors Of Minnesota Inc,6,115.33,410132580,ASSOCIATED GENERAL CONTRACTORS OF,associated general contractors,manual,0,Identified a verified match. See match for reason it was selected.,2026-08-07
Associated General Contractors,6,540127639,Associated General Contractors Of Virginia Inc,6,115.33,540127639,ASSOC GENERAL CONTRACTORS OF VA INC,assoc general contractors va,manual,0,Identified a verified match. See match for reason it was selected.,2026-08-07
Associated General Contractors,6,41045805,Associated General Contractors Of Massachusetts Inc,6,115.33,,,,manual,0,Identified a verified match. See match for reason it was selected.,2026-08-07
Associated General Contractors,6,920014686,Associated General Contractors Of America Inc,6,115.33,920014686,Associated General Contractors of Alaska,associated general contractors alaska,manual,0,Identified a verified match. See match for reason it was selected.,2026-08-07
Associated General Contractors,6,344442062,Associated General Contractors Of Northwest Ohio,6,115.33,344442062,ASSOCIATED GENERAL CONTRACTORS OF,associated general contractors,manual,0,Identified a verified match. See match for reason it was selected.,2026-08-07
Associated General Contractors,6,450229993,Associated General Contractors Of North Dakota,6,115.33,450229993,ASSOCIATED GENERAL CONTRACTORS OF,associated general contractors,manual,0,Identified a verified match. See match for reason it was selected.,2026-08-07
Associated General Contractors,6,350906766,Associated General Contractors Of Indiana Inc,6,115.33,350906766,ASSOCIATED GENERAL CONTRACTORS,associated general contractors,manual,0,Identified a verified match. See match for reason it was selected.,2026-08-07
Associated General Contractors,6,30211089,Associated General Contractors Of Vermont Inc,6,115.33,,,,manual,0,Identified a verified match. See match for reason it was selected.,2026-08-07
Associated General Contractors,6,640324725,Associated General Contractors Of Miss Inc,6,115.33,640324725,ASSOCIATED GENERAL CONTRACTORS,associated general contractors,manual,0,Identified a verified match. See match for reason it was selected.,2026-08-07
Associated General Contractors,6,56015385,Associated General Contractors Of America Inc,6,115.33,,,,manual,0,Identified a verified match. See match for reason it was selected.,2026-08-07
Associated General Contractors,6,60620474,Associated General Contractors Of Connecticut Incorporated,6,115.33,,,,manual,0,Identified a verified match. See match for reason it was selected.,2026-08-07
Association of Community Orgs For Reform Now,4,,,,,,,,auto - reviewed,0,Not found in ProPublica's NonProfit Explorer search method. Could not find a similarly named organization in our database.,2026-08-07
Association of Equipment Manufacturers,6,311796607,Association Of Equipment Manufacturers,6,140.54,311796607,ASSOCIATION OF EQUIPMENT MANUFACTURERS,association equipment manufacturers,auto - reviewed,1,Exact matches across the board.,2026-08-07
Association of Equipment Manufacturers,6,880468000,Association Of Gaming Equipment Manufacturers,6,128.51,880468000,ASSOCIATION OF GAMING EQUIPMENT,association gaming equipment,auto - reviewed,0,Wrong org type; and already identified verified match.,2026-08-07
Association of Equipment Manufacturers,6,362682080,Association Of Vacuum Equipment Manufacturers,6,128.51,362682080,ASSOCIATION OF VACUUM EQUIPMENT,association vacuum equipment,auto - reviewed,0,Wrong org type; and already identified verified match.,2026-08-07
Association of Equipment Manufacturers,6,740490861,Association Of Well Head Equipment Manufacturers,6,118.38,,,,auto - reviewed,0,Wrong org type; and already identified verified match.,2026-08-07
Association of Equipment Manufacturers,6,366082586,North American Association Of Food Equipment Manufacturers,6,109.74,366082586,NORTH AMERICAN ASSOCIATION OF FOOD,north american association food,auto - reviewed,0,Wrong org type; and already identified verified match.,2026-08-07
Association of Trial Lawyers of America,6,,,,,,,,auto - reviewed,0,Not found in ProPublica's NonProfit Explorer search method. Could not find a similarly named organization in our database.,2026-08-07
Avaaz Foundation,4,205050267,Avaaz Foundation,4,127.75,205050267,AVAAZ FOUNDATION,avaaz foundation,auto - reviewed,1,"Exact matches across the board, and only match identified.",2026-08-07
Be Counted,4,471645393,Be Counted Inc,4,74.49,471645393,BE COUNTED INC,be counted,auto - reviewed,1,"Near e  Given that OpenSecrets indicates that it is a 501c4, it is highly likely that this is a match.xact matches across the board.",2026-08-07
Be Counted,4,844268454,Be Counted Foundation,3,74.49,,,,auto - reviewed,0,Already idenfitied verified match.,2026-08-07
Be Counted,4,912146692,Be Counted For Inc,3,67.51,912146692,BE COUNTED FOR INC,be counted,auto - reviewed,0,Already idenfitied verified match.,2026-08-07
Be Counted,4,993767686,Be Well Waupaca County,3,59.81,,,,auto - reviewed,0,Already idenfitied verified match.,2026-08-07
Be Counted,4,880557046,Stand Up And Be Counted Inc,3,56.87,,,,auto - reviewed,0,Already idenfitied verified match.,2026-08-07
Be Counted,4,263004497,American Federation Of State County & Municipal Employees,5,10.35,,,,auto - reviewed,0,Already idenfitied verified match.,2026-08-07
Bellco Credit Union,,231445884,Belco Community Credit Union,14,114.57,231445884,BELCO COMMUNITY CREDIT UNION,belco community credit union,manual,0,Already idenfitied verified match.,2026-08-07
Bellco Credit Union,,251017328,New Castle Bellco Federal Credit Union,1,105.42,,,,manual,0,Already idenfitied verified match.,2026-08-07
Bellco Credit Union,,251045417,R-s Bellco Federal Credit Union,1,105.42,,,,manual,0,Already idenfitied verified match.,2026-08-07
Bellco Credit Union,,480572498,Bell Credit Union,14,71.35,480572498,BELL CREDIT UNION,bell credit union,manual,0,Already idenfitied verified match.,2026-08-07
Bellco Credit Union,,370459120,Peoria Bell Credit Union,14,64.47,370459120,PEORIA BELL CREDIT UNION,peoria bell credit union,manual,0,Already idenfitied verified match.,2026-08-07
Bellco Credit Union,,370842931,Bell Community Credit Union,14,64.47,,,,manual,0,Already idenfitied verified match.,2026-08-07
Bellco Credit Union,,376036841,Danville Bell Credit Union,,64.47,,,,manual,0,Already idenfitied verified match.,2026-08-07
Bellco Credit Union,,361695055,Rockford Bell Credit Union,14,64.47,361695055,ROCKFORD BELL CREDIT UNION,rockford bell credit union,manual,0,Already idenfitied verified match.,2026-08-07
Bellco Credit Union,,370818477,Quincy Bell Credit Union,14,64.47,,,,manual,0,Already idenfitied verified match.,2026-08-07
Bellco Credit Union,,840146595,Credit Unions Chartered In The State Of Colorado,14,36.93,840146595,BELLCO CREDIT UNION,bellco credit union,manual,1,"A google search for ""Bellco Credit Union EIN"" returned this link with and EIN: https://impala.digital/public/profiles/84-0146595/programs
This EIN matched an org in the IRS990 serach, Nonprofit explorer, and our database.
This EIN matched the name and org type correctly.",2026-08-07
Bellco Credit Union,,381285928,Credit Unions Chartered In The State Of Michigan,14,18.12,381285928,CREDIT UNIONS CHARTERED IN THE STATE OF MICHIGAN,credit unions chartered in state michigan,manual,0,Already idenfitied verified match.,2026-08-07
Bend The Arc Jewish Action,4,460539726,Bend The Arc Jewish Action Inc,4,162.67,460539726,BEND THE ARC JEWISH ACTION INC,bend arc jewish action,auto - reviewed,1,Exact matches across the board.,2026-08-07
Bend the Arc Jewish Action,4,460539726,Bend The Arc Jewish Action Inc,4,162.79,460539726,BEND THE ARC JEWISH ACTION INC,bend arc jewish action,auto - reviewed,0,Wrong org type; Very likely related to verified match,2026-08-07
Big Sky 55+,4,,,,,824712803,BIG SKY FIFTY FIVE PLUS,big sky fifty five plus,manual,0,"Google search for ""Big Sky 55 ein"" revealed that the name of the org was completely spelled out. This new EIN is found in our database.",2026-08-07
Big Tent Project Fund,4,844700775,Big Tent Project Fund,4,152.25,844700775,BIG TENT PROJECT FUND,big tent project fund,auto - reviewed,1,"Exact matches across the board, and only match identified.",2026-08-07
Black Economic Alliance,4,824578595,Black Economic Alliance,4,120.78,824578595,BLACK ECONOMIC ALLIANCE,black economic alliance,auto - reviewed,1,Exact matches across the board,2026-08-07
Black Economic Alliance,4,833790370,Black Economic Alliance Foundation,3,109.47,833790370,BLACK ECONOMIC ALLIANCE FOUNDATION,black economic alliance foundation,auto - reviewed,0,Wrong org type; Very likely related to verified match,2026-08-07
Black Economic Alliance,4,934884100,Birmingham Black Economic Alliance,3,109.47,,,,auto - reviewed,0,Wrong org type and name is too different,2026-08-07
Black Economic Alliance Fund,4,,,,,,,,manual,0,"Not found in ProPublica's NonProfit Explorer search method. This name matches with org that has the ein ""82-4590454"". However, when search for this ein across the IRS990 search and the Nonprofit Explorer, it doesn't come up as a valid org.
It is likely that it is a PAC, given that it is mentioned as a ""political committee"" in a sechdule R:
https://projects.propublica.org/nonprofits/full_text_search?q=82-4590454",2026-08-07
Black Progressive Action Coalition,4,821514760,Black Progressive Action Coalition,4,161.02,821514760,BLACK PROGRESSIVE ACTION COALITION,black progressive action coalition,auto - reviewed,1,Exact name match across ProPublica and our database. Additionally org type matches as well. Very likely that the other match is a related 501c3.,2026-08-06
Black Progressive Action Coalition,4,882674250,Black Progressive Action Coalition Education Fund,3,135.63,882674250,BLACK PROGRESSIVE ACTION COALITION EDUCATION FUND,black progressive action coalition education fund,auto - reviewed,0,Wrong org type; Very likely related to verified match,2026-08-06
Black Voters Matter Fund,4,813625061,Black Voters Matter Fund Inc,4,148.93,813625061,Black Voters Matter Fund Inc,black voters matter fund,manual,1,"Was able to confirm its ein at this link: https://projects.propublica.org/nonprofits/organizations/823835203/202411389349301416/IRS990ScheduleR
This was a search result within the Nonprofit Explorer here:
https://projects.propublica.org/nonprofits/full_text_search?q=Black+Voters+Matter+Fund",2026-08-07
Black Youth Project 100,4,474435527,Black Youth Project 100 Nfp,4,138.69,474435527,Black Youth Project 100 NFP,black youth project 100 nfp,auto - reviewed,1,"Near exact matches across the board, and only match identified.",2026-08-07
BlueGreen Alliance,4,203477309,Bluegreen Alliance Foundation,3,131.03,203477309,BlueGreen Alliance Foundation,bluegreen alliance foundation,manual,0,"OpenSecrets link revealed that this was the incorrect EIN/match: 
https://www.opensecrets.org/outside-spending/political-nonprofits/summary?id=264086284",2026-08-07
BlueGreen Alliance,4,264086284,Bluegreen Alliance Inc,4,131.03,264086284,BlueGreen Alliance Inc,bluegreen alliance,manual,1,"OpenSecrets link revealed that this was the correct EIN: 
https://www.opensecrets.org/outside-spending/political-nonprofits/summary?id=264086284",2026-08-07
Boricua Vota,4,812639254,Boricua Vota,4,162.71,812639254,BORICUA VOTA,boricua vota,auto - reviewed,1,"Exact matches across the board, and only match identified.",2026-08-07
Brighter Future Alliance,4,455076442,Brighter Future Alliance,4,130.67,455076442,Brighter Future Alliance,brighter future alliance,auto - reviewed,1,"Near exact matches across the board, and only match identified.",2026-08-07
Brighter Future Alliance,4,331481747,Bright Future Alliances,3,108.49,,,,auto - reviewed,1,"Near exact matches across the board, and only match identified.",2026-08-07
Brighter Future Alliance,4,994570874,Bright Futures Alliance,3,105.49,,,,auto - reviewed,1,"Near exact matches across the board, and only match identified.",2026-08-07
Brighter Future Alliance,4,992971194,Bright Futures Alliance Inc,3,95.62,,,,auto - reviewed,1,"Near exact matches across the board, and only match identified.",2026-08-07
Brighter Future Alliance,4,464283998,Alliance For A Bright Future Inc,3,86.03,464283998,ALLIANCE FOR A BRIGHT FUTURE INC,alliance bright future,auto - reviewed,1,"Near exact matches across the board, and only match identified.",2026-08-07
Building a Stronger Wisconsin,4,260640889,Building A Stronger Wisconsin Inc,4,139.34,,,,manual,1,"Although the OpenSecrets link points to the fact that ProPublica's search result is correct, we likely do not have it in our database because it is too old.
Link: https://www.opensecrets.org/outside-spending/political-nonprofits/summary?id=260640889",2026-08-07
Building America's Future,4,300469364,Building Americas Future,4,110.17,300469364,Building Americas Future,building americas future,manual,0,Does not have filings in 2024 like the identified match does.,2026-08-06
Building America's Future,4,842659009,America Building Futures,3,98.79,,,,manual,0,"Name's don't match, and EIN doesn't show up in our database.",2026-08-06
Building America's Future,4,851359192,Building America S Future,4,96.07,851359192,BUILDING AMERICA'S FUTURE,building america s future,manual,1,"The greatest amount of revenue and spending among the other options at this link: https://projects.propublica.org/nonprofits/search?q=building+america%27s+future
Exact name match across ProPublica (assuming the space between America and 'S' is for the apostrophe) and our database. Org types also match up.",2026-08-06
Building America's Future,4,271976324,Building Americas Future Educational Fund,3,91.32,271976324,Building Americas Future Educational,building americas future educational,auto,0,Not included in top 3 results.,2026-08-06
Bull Moose Sportsmen's Alliance,4,272408409,Bull Moose Sportsmen's Alliance,3,182.90,,,,manual,1,"Although the OpenSecrets link points to the fact that ProPublica's search result is correct, we likely do not have it in our database because it is too old.
Link: https://www.opensecrets.org/outside-spending/political-nonprofits/summary?id=273038521",2026-08-07
Cafe Accion,4,852340038,Cafe Accion,4,141.59,852340038,Cafe Accion,cafe accion,auto - reviewed,1,Exact matches across the board,2026-08-07
Cafe Accion,4,273310051,Nm Comunidades En Accion Y De Fe,3,27.46,273310051,NM Comunidades En Accion Y De Fe,nm comunidades en accion y de fe,auto - reviewed,0,Wrong org type; Very likely related to verified match,2026-08-07
California Assn of Realtors,6,363535493,Institute Of Real Estate Management Of The Natl Assn Of Realtors,6,23.97,,,,manual,1,"Although the Nonprofit Explorer had a likely match, and the IRS990 returned a match, it is possible it did not end up in our database each of its 990s were paper returns. An example of one is included here:
https://apps.irs.gov/pub/epostcard/cor/363535493_201912_990EO_2021032217817613.pdf
After 2020 there are no more 990s, and was revoked in 2024.",2026-08-07
California Assn Of Realtors,6,363535493,Institute Of Real Estate Management Of The Natl Assn Of Realtors,6,23.97,,,,manual,0,Duplicate,2026-08-07
California Labor Federation AFL-CIO,,940362030,American Federation Of Labor & Congress Of Industrial Orgs,5,49.78,940362030,California Labor Federation AFL-CIO,california labor federation afl cio,auto - reviewed,1,"Near exact matches across the board, and only match identified.",2026-08-07
California League of Conservation Voters,4,,,,,943169564,CALIFORNIA ENVIRONMENTAL VOTERS,california environmental voters,manual,1,"OpenSecrets link revealed that this was the correct EIN: 
https://www.opensecrets.org/outside-spending/political-nonprofits/summary?id=943169564",2026-08-07
Campaign for a Family Friendly Economy,4,,,,,,,,both,0,"Not found in ProPublica's NonProfit Explorer search method. Confirmed to be a PAC after not finding in IRS 990 search, and then googling revealed the following PAC website: https://www.familyfriendlyeconomy.org/
This finding is also supported by filing documents:
https://projects.propublica.org/nonprofits/organizations/831806898/202323149349300217/IRS990ScheduleI",2026-08-07
Campaign for Community Change,4,,,,,270061100,CENTER FOR COMMUNITY CHANGE ACTION,center community change action,manual,1,"OpenSecrets link revealed that this was the correct EIN: 
https://www.opensecrets.org/outside-spending/political-nonprofits/summary?id=270061100",2026-08-07
Campaign for Sustainable Rx Pricing,6,824482629,Campaign For@sustainable Rx Pricing,6,230.64,824482629,CAMPAIGN FOR SUSTAINABLE RX PRICING,campaign sustainable rx pricing,auto - reviewed,1,"Exact matches across the board, and only match identified.",2026-08-07
CARE Action Now,4,261728410,Care Action Now Incorporated,4,114.86,261728410,CARE ACTION NOW INCORPORATED,care action now,manual,1,"OpenSecrets link revealed that this was the correct EIN: 
https://www.opensecrets.org/outside-spending/political-nonprofits/summary?id=261728410",2026-08-07
Care Action Now,4,261728410,Care Action Now Incorporated,4,114.94,261728410,CARE ACTION NOW INCORPORATED,care action now,manual,0,duplicate,2026-08-07
CARE Membership Organization,6,,,,,,,,manual,0,"Googling revealed that the likeliest option for this entity is a PAC:
https://www.fec.gov/data/committee/C00011387/",2026-08-07
Carolina Federation,4,830936641,Carolina Federation,4,83.53,830936641,CAROLINA FEDERATION,carolina federation,auto - reviewed,1,Exact matches across the board,2026-08-07
Carolina Federation,4,842537864,Carolina Federation Fund,3,74.89,842537864,CAROLINA FEDERATION FUND,carolina federation fund,auto - reviewed,0,Wrong org type; Very likely related to verified match,2026-08-07
Carolina Federation,4,334981115,Carolina Athletic Federation,3,74.89,334981115,CAROLINA ATHLETIC FEDERATION,carolina athletic federation,auto - reviewed,0,No good matches,2026-08-07
Carolina Federation,4,561564376,North Carolina Wildlife Federation,3,67.88,561564376,North Carolina Wildlife Federation Inc,north carolina wildlife federation,auto - reviewed,0,"No good matches, and already identified a verified match",2026-08-07
Carolina Federation,4,570602549,South Carolina Wildlife Federation,3,67.88,570602549,SOUTH CAROLINA WILDLIFE FEDERATION,south carolina wildlife federation,auto - reviewed,0,"No good matches, and already identified a verified match",2026-08-07
Carolina Federation,4,260768375,North Carolina Animal Federation,3,67.88,,,,auto - reviewed,0,"No good matches, and already identified a verified match",2026-08-07
Carolina Federation,4,463619473,North Carolina Taekwondo Federation,3,67.88,,,,auto - reviewed,0,"No good matches, and already identified a verified match",2026-08-07
Carolina Federation,4,854086730,North Carolina Wildlife Federation,3,64.40,,,,auto - reviewed,0,"No good matches, and already identified a verified match",2026-08-07
Carolina Federation,4,260775453,North Carolina Wildlife Federation,3,64.40,,,,auto - reviewed,0,"No good matches, and already identified a verified match",2026-08-07
Carolina Federation,4,872367688,North Carolina Wildlife Federation,3,64.40,,,,auto - reviewed,0,"No good matches, and already identified a verified match",2026-08-07
Carolina Federation,4,262507896,North Carolina Wildlife Federation,3,63.03,,,,auto - reviewed,0,"No good matches, and already identified a verified match",2026-08-07
Carolina Federation,4,464263519,North Carolina Wildlife Federation,3,63.03,,,,auto - reviewed,0,"No good matches, and already identified a verified match",2026-08-07
Carolina Federation,4,465761426,North Carolina Wildlife Federation,3,63.03,,,,auto - reviewed,0,"No good matches, and already identified a verified match",2026-08-07
Carolina Federation,4,263906326,North Carolina Wildlife Federation,3,63.03,263906326,Gaston County PAWS,gaston county paws,auto - reviewed,0,"No good matches, and already identified a verified match",2026-08-07
Carolina Federation,4,475335832,North Carolina Wildlife Federation,3,63.03,,,,auto - reviewed,0,"No good matches, and already identified a verified match",2026-08-07
Carolina Federation,4,465339262,North Carolina Wildlife Federation,3,63.03,,,,auto - reviewed,0,"No good matches, and already identified a verified match",2026-08-07
Carolina Federation,4,853846880,North Carolina Wildlife Federation,3,63.03,,,,auto - reviewed,0,"No good matches, and already identified a verified match",2026-08-07
Carolina Federation,4,581494098,North Carolina Coastal Federation Inc,3,62.07,581494098,NORTH CAROLINA COASTAL FEDERATION INC,north carolina coastal federation,auto - reviewed,0,"No good matches, and already identified a verified match",2026-08-07
Carolina Federation,4,570473090,South Carolina Farm Bureau Federation,5,62.07,570473090,SOUTH CAROLINA FARM BUREAU FEDERATION,south carolina farm bureau federation,auto - reviewed,0,"No good matches, and already identified a verified match",2026-08-07
Carolina Federation,4,560905018,North Carolina Poultry Federation Inc,6,62.07,560905018,NORTH CAROLINA POULTRY,north carolina poultry,auto - reviewed,0,"No good matches, and already identified a verified match",2026-08-07
Carolina Federation,4,570856625,South Carolina Poultry Federation Inc,6,62.07,570856625,SOUTH CAROLINA POULTRY FEDERATION,south carolina poultry federation,auto - reviewed,0,"No good matches, and already identified a verified match",2026-08-07
Carolina Federation,4,753222834,Bass Federation Of South Carolina,7,62.07,,,,auto - reviewed,0,"No good matches, and already identified a verified match",2026-08-07
Carolina Federation,4,800218233,North Carolina Mountain Federation Inc,3,62.07,,,,auto - reviewed,0,"No good matches, and already identified a verified match",2026-08-07
Carolina Federation,4,570862711,South Carolina Federation Of Museums,6,62.07,,,,auto - reviewed,0,"No good matches, and already identified a verified match",2026-08-07
Carolina Federation,4,260759860,North Carolina Wildlife Federation,3,61.83,,,,auto - reviewed,0,"No good matches, and already identified a verified match",2026-08-07
Carolina Rising,4,823812645,Carolina Lady Rising Stars,3,82.36,,,,manual,0,"Although this org has an associated EIN according to the OpenSecrets site, and tje EIN did return results in the IRS990 search, the only files are quite old and are paper returns, which is likely why it does not exist in our database:
https://www.opensecrets.org/outside-spending/political-nonprofits/summary?id=465187544",2026-08-07
Carolina Rising,4,134202754,Phoenix Rising Border Collie Rescue Of South Carolina,3,58.66,,,,manual,0,"Although this org has an associated EIN according to the OpenSecrets site, and tje EIN did return results in the IRS990 search, the only files are quite old and are paper returns, which is likely why it does not exist in our database:
https://www.opensecrets.org/outside-spending/political-nonprofits/summary?id=465187544",2026-08-07
Carolina Rising,4,237639976,Royal Arch Masons Of South Carolina,8,19.55,,,,manual,0,"Although this org has an associated EIN according to the OpenSecrets site, and tje EIN did return results in the IRS990 search, the only files are quite old and are paper returns, which is likely why it does not exist in our database:
https://www.opensecrets.org/outside-spending/political-nonprofits/summary?id=465187544",2026-08-07
Carolina Rising,4,237639977,Royal Arch Masons Of South Carolina,8,18.43,,,,manual,0,"Although this org has an associated EIN according to the OpenSecrets site, and tje EIN did return results in the IRS990 search, the only files are quite old and are paper returns, which is likely why it does not exist in our database:
https://www.opensecrets.org/outside-spending/political-nonprofits/summary?id=465187544",2026-08-07
Casa in Action,4,272145405,Casa In Action,4,118.72,272145405,CASA IN ACTION INC,casa in action,auto - reviewed,1,Near exact matches across the board,2026-08-07
Casa in Action,4,270011031,Faith In Action For Cass County,3,81.59,270011031,FAITH IN ACTION FOR CASS COUNTY,faith in action cass county,auto - reviewed,0,Wrong org type and name is too different,2026-08-07
CASA in Action,4,272145405,Casa In Action,4,118.67,272145405,CASA IN ACTION INC,casa in action,auto - reviewed,0,duplicate,2026-08-07
CASA in Action,4,270011031,Faith In Action For Cass County,3,81.55,270011031,FAITH IN ACTION FOR CASS COUNTY,faith in action cass county,auto - reviewed,0,duplicate,2026-08-07
Case Action Fund,4,,,,,454874128,WORKER POWER,worker power,manual,1,Searching the IRS990 dataset for this org revealed the matching EIN.,2026-08-07
Case Action Fund,4,873520326,Marguerite Casey Action Fund,4,95.60,873520326,MARGUERITE CASEY ACTION FUND,marguerite casey action fund,manual,0,"No matches, and identified a verified match",2026-08-07
Catalyst Oklahoma,4,464126174,Catalyst Oklahoma Inc,4,106.93,464126174,CATALYST OKLAHOMA INC,catalyst oklahoma,manual,1,"OpenSecrets link revealed that this was the correct EIN: 
https://www.opensecrets.org/outside-spending/political-nonprofits/summary?id=464126174",2026-08-07
Catholic Advocate,4,271728961,Catholic Advocate,4,96.62,271728961,Catholic Advocate,catholic advocate,manual,1,"OpenSecrets link revealed that this was the correct EIN: 
https://www.opensecrets.org/outside-spending/political-nonprofits/summary?id=271728961",2026-08-07
Catholic Advocate,4,475583774,Catholic Vocations Advocates,3,80.62,475583774,CATHOLIC VOCATIONS ADVOCATES,catholic vocations advocates,manual,0,"OpenSecrets link revealed that this was the incorrect EIN/match: 
https://www.opensecrets.org/outside-spending/political-nonprofits/summary?id=271728961",2026-08-07
Catholic Advocate,4,272001309,Catholic Advocate Educational Fund,3,78.54,,,,manual,0,"OpenSecrets link revealed that this was the incorrect EIN/match: 
https://www.opensecrets.org/outside-spending/political-nonprofits/summary?id=271728961",2026-08-07
Catholic Advocate,4,300523644,Advocates For Catholic Education And Organizations,3,61.56,300523644,ADVOCATES FOR CATHOLIC EDUCATION &,advocates catholic education,manual,0,"OpenSecrets link revealed that this was the incorrect EIN/match: 
https://www.opensecrets.org/outside-spending/political-nonprofits/summary?id=271728961",2026-08-07
Catholic Advocate,4,275336848,Faithful Advocates For Catholic Education On The Shore Inc,3,49.80,,,,manual,0,"OpenSecrets link revealed that this was the incorrect EIN/match: 
https://www.opensecrets.org/outside-spending/political-nonprofits/summary?id=271728961",2026-08-07
Catholic Assn,4,,,,,208476893,THE CATHOLIC ASSOCIATION INC,catholic association,manual,1,"OpenSecrets link revealed that this was the correct EIN: 
https://www.opensecrets.org/outside-spending/political-nonprofits/summary?id=208476893",2026-08-07
Catholic Assn,4,370673524,Roman Catholic Cemetery Assn,3,74.04,,,,manual,0,"OpenSecrets link revealed that this was the incorrect EIN/match: 
https://www.opensecrets.org/outside-spending/political-nonprofits/summary?id=208476893",2026-08-07
Catholic Assn,4,366205598,International Catholic Deaf Assn,3,70.28,366205598,INTERNATIONAL CATHOLIC DEAF ASSN 10 CHAPTER,international catholic deaf assn 10 chapter,manual,0,"OpenSecrets link revealed that this was the incorrect EIN/match: 
https://www.opensecrets.org/outside-spending/political-nonprofits/summary?id=208476893",2026-08-07
Catholic Assn,4,42973465,International Catholic Deaf Assn,3,70.28,,,,manual,0,"OpenSecrets link revealed that this was the incorrect EIN/match: 
https://www.opensecrets.org/outside-spending/political-nonprofits/summary?id=208476893",2026-08-07
Catholic Assn,4,521356162,International Catholic Deaf Assn,3,70.28,,,,manual,0,"OpenSecrets link revealed that this was the incorrect EIN/match: 
https://www.opensecrets.org/outside-spending/political-nonprofits/summary?id=208476893",2026-08-07
Catholic Assn,4,436049405,International Catholic Deaf Assn,3,70.28,,,,manual,0,"OpenSecrets link revealed that this was the incorrect EIN/match: 
https://www.opensecrets.org/outside-spending/political-nonprofits/summary?id=208476893",2026-08-07
Catholic Assn,4,436098733,International Catholic Deaf Assn,3,70.28,436098733,INTERNATIONAL DEAF CATHOLIC ASSOCIATION CHAPTER 6,international deaf catholic association chapter 6,manual,0,"OpenSecrets link revealed that this was the incorrect EIN/match: 
https://www.opensecrets.org/outside-spending/political-nonprofits/summary?id=208476893",2026-08-07
Catholic Assn,4,416084213,International Catholic Deaf Assn,3,70.28,,,,manual,0,"OpenSecrets link revealed that this was the incorrect EIN/match: 
https://www.opensecrets.org/outside-spending/political-nonprofits/summary?id=208476893",2026-08-07
Catholic Assn,4,396127538,International Catholic Deaf Assn,3,70.28,,,,manual,0,"OpenSecrets link revealed that this was the incorrect EIN/match: 
https://www.opensecrets.org/outside-spending/political-nonprofits/summary?id=208476893",2026-08-07
Catholic Assn,4,383810077,International Catholic Deaf Assn,3,70.28,,,,manual,0,"OpenSecrets link revealed that this was the incorrect EIN/match: 
https://www.opensecrets.org/outside-spending/political-nonprofits/summary?id=208476893",2026-08-07
Catholic Assn,4,236445918,International Catholic Deaf Assn,3,70.28,,,,manual,0,"OpenSecrets link revealed that this was the incorrect EIN/match: 
https://www.opensecrets.org/outside-spending/political-nonprofits/summary?id=208476893",2026-08-07
Catholic Assn,4,141338304,Albany Catholic Press Assn Inc,3,67.71,141338304,ALBANY CATHOLIC PRESS ASSOCIATION INC,albany catholic press association,manual,0,"OpenSecrets link revealed that this was the incorrect EIN/match: 
https://www.opensecrets.org/outside-spending/political-nonprofits/summary?id=208476893",2026-08-07
Catholic Assn,4,231095415,Slovak Catholic Sokol Home Assn,7,67.71,231095415,SLOVAK CATHOLIC SOKOL HOME ASSN,slovak catholic sokol home assn,manual,0,"OpenSecrets link revealed that this was the incorrect EIN/match: 
https://www.opensecrets.org/outside-spending/political-nonprofits/summary?id=208476893",2026-08-07
Catholic Assn,4,386093201,Catholic Central Athletic Assn Inc,3,67.71,386093201,CATHOLIC CENTRAL ATHLETIC ASSOC INC,catholic central athletic assoc,manual,0,"OpenSecrets link revealed that this was the incorrect EIN/match: 
https://www.opensecrets.org/outside-spending/political-nonprofits/summary?id=208476893",2026-08-07
Catholic Assn,4,370719914,St Johns Catholic Cemetery Assn,3,67.71,,,,manual,0,"OpenSecrets link revealed that this was the incorrect EIN/match: 
https://www.opensecrets.org/outside-spending/political-nonprofits/summary?id=208476893",2026-08-07
Catholic Assn,4,481191208,Flint Hills Catholic School Assn,3,67.71,,,,manual,0,"OpenSecrets link revealed that this was the incorrect EIN/match: 
https://www.opensecrets.org/outside-spending/political-nonprofits/summary?id=208476893",2026-08-07
Catholic Assn,4,740877246,St Josephs Roman Catholic Benevolent Assn,3,62.37,740877246,ST JOSEPHS ROMAN CATHOLIC,st josephs roman catholic,manual,0,"OpenSecrets link revealed that this was the incorrect EIN/match: 
https://www.opensecrets.org/outside-spending/political-nonprofits/summary?id=208476893",2026-08-07
Catholic Assn,4,480595329,St Johns Catholic Cemetery Upkeep Assn,13,62.37,,,,manual,0,"OpenSecrets link revealed that this was the incorrect EIN/match: 
https://www.opensecrets.org/outside-spending/political-nonprofits/summary?id=208476893",2026-08-07
Catholic Assn,4,230990310,Providence Assn Of Ukrainian Catholics Of Amer,8,54.42,230990310,PROVIDENCE ASSOCIATION OF UKRAINIAN,providence association ukrainian,manual,0,"OpenSecrets link revealed that this was the incorrect EIN/match: 
https://www.opensecrets.org/outside-spending/political-nonprofits/summary?id=208476893",2026-08-07
Catholic Assn,4,472469224,St Clare Of Assi Catholic Church Actworth Inc,3,47.26,472469224,ST CLARE OF ASSISI CATHOLIC CHURCH,st clare assisi catholic church,manual,0,"OpenSecrets link revealed that this was the incorrect EIN/match: 
https://www.opensecrets.org/outside-spending/political-nonprofits/summary?id=208476893",2026-08-07
Catholic Assn,4,462997911,First Catholic Slovak Ladies Asso Of The Usa,8,44.88,,,,manual,0,"OpenSecrets link revealed that this was the incorrect EIN/match: 
https://www.opensecrets.org/outside-spending/political-nonprofits/summary?id=208476893",2026-08-07
Catholic Assn,4,256131480,Catholic War Veterans Home Assn Of Blair County Post 1691,4,44.35,256131480,Catholic War Veterans Home Ass'n of Blair County Post 1691,catholic war veterans home ass n blair county post 1691,manual,0,"OpenSecrets link revealed that this was the incorrect EIN/match: 
https://www.opensecrets.org/outside-spending/political-nonprofits/summary?id=208476893",2026-08-07
Catholic Assn,4,237515196,First Catholic Slovak Ladies Asso Of The Usa,8,44.10,,,,manual,0,"OpenSecrets link revealed that this was the incorrect EIN/match: 
https://www.opensecrets.org/outside-spending/political-nonprofits/summary?id=208476893",2026-08-07
Catholic Assn,4,480547724,Catholic Cemeteries Association Of Northeast Kansas Inc,3,15.99,,,,manual,0,"OpenSecrets link revealed that this was the incorrect EIN/match: 
https://www.opensecrets.org/outside-spending/political-nonprofits/summary?id=208476893",2026-08-07
CatholicVote.org,4,,,,,202603413,FIDELIS,fidelis,manual,1,"OpenSecrets link revealed that this was the correct EIN: 
https://www.opensecrets.org/outside-spending/political-nonprofits/summary?id=202603413",2026-08-07
Center for Individual Freedom,4,541916980,Center For Individual Freedom,4,144.62,541916980,CENTER FOR INDIVIDUAL FREEDOM,center individual freedom,manual,1,"OpenSecrets link revealed that this was the correct EIN: 
https://www.opensecrets.org/outside-spending/political-nonprofits/summary?id=541916980",2026-08-07
Center for Popular Democracy Action,4,453860271,Center For Popular Democracy Action Fund,4,164.43,453860271,CENTER FOR POPULAR DEMOCRACY,center popular democracy,manual,1,"Exact matches across the board, and only match identified.",2026-08-07
Center For Racial & Gender Equity,4,851607584,Center For Racial Equity & Justice,3,84.29,851607584,Center for Racial Equity & Justice,center racial equity justice,manual,0,Identified verifiied match.,2026-08-07
Center For Racial & Gender Equity,4,383377607,Bridge Center For Racial Harmony,3,84.29,,,,manual,0,Identified verifiied match.,2026-08-07
Center For Racial & Gender Equity,4,851474920,Center For Racial Health Equity,3,84.29,,,,manual,0,Identified verifiied match.,2026-08-07
Center For Racial & Gender Equity,4,371309402,The Center For Racial Harmony,3,84.29,,,,manual,0,Identified verifiied match.,2026-08-07
Center For Racial & Gender Equity,4,454461270,Workers Center For Racial Justice Nfp,3,77.64,454461270,Workers Center For Racial Just,workers center racial just,manual,0,Identified verifiied match.,2026-08-07
Center For Racial & Gender Equity,4,474634727,Center For Racial And Gender Equity,4,77.64,,,,manual,0,Identified verifiied match.,2026-08-07
Center For Racial & Gender Equity,4,932182446,Absalom Jones Center For Racial Healing,3,77.64,,,,manual,0,Identified verifiied match.,2026-08-07
Center For Racial & Gender Equity,4,842100138,Center For Racial Equity In Education,3,75.76,842100138,CENTER FOR RACIAL EQUITY IN EDUCATION,center racial equity in education,manual,0,Identified verifiied match.,2026-08-07
Center For Racial & Gender Equity,4,454461853,Center For Racial And Gender Equity Nfp,4,71.97,454461853,Center For Racial and Gender E,center racial gender e,manual,1,"Searching for this term in the Nonprofit Explorer revealed two results, and this was the only 501c4 returned.",2026-08-07
Center For Racial & Gender Equity,4,331167415,New Orleans Workers Center For Racial Justice,3,71.97,331167415,New Orleans Workers Ctr For Racial Justice,new orleans workers ctr racial justice,manual,0,Identified verifiied match.,2026-08-07
Center For Racial & Gender Equity,4,853202930,The Miami Center For Racial Justice Inc,3,71.97,853202930,THE MIAMI CENTER FOR RACIAL JUSTICE INC,miami center racial justice,manual,0,Identified verifiied match.,2026-08-07
Center For Racial & Gender Equity,4,262671377,Center For Racial Justice In Education Inc,3,71.97,262671377,CENTER FOR RACIAL JUSTICE IN EDUCATION,center racial justice in education,manual,0,Identified verifiied match.,2026-08-07
Center For Racial & Gender Equity,4,381897137,Inter-faith Center For Racial Justice Inc,3,71.97,381897137,INTER-FAITH CENTER FOR RACIAL JUSTICE INC,inter faith center racial justice,manual,0,Identified verifiied match.,2026-08-07
Center For Racial & Gender Equity,4,854363239,Lace On Race Center For Racial Equity,3,67.64,854363239,Lace on Race Center for Racial Equity,lace on race center racial equity,manual,0,Identified verifiied match.,2026-08-07
Center For Racial & Gender Equity,4,861314913,Christlike Agro-tourism For Racial Equality Wellness Center &services,3,62.80,,,,manual,0,Identified verifiied match.,2026-08-07
Center For Racial & Gender Equity,4,920715904,Athens Clarke County Center For Racial Justice And Black Futures I,3,55.70,920715904,ATHENS CLARKE COUNTY CENTER FOR RACIAL,athens clarke county center racial,manual,0,Identified verifiied match.,2026-08-07
Center For Racial & Gender Equity,4,393845105,Center For Understanding Slavery An D Racism Inc,3,55.29,,,,manual,0,Identified verifiied match.,2026-08-07
Center For Racial & Gender Equity,4,760314445,Center For The Healing Of Racism Aka Institute For The Healing Of,3,51.04,760314445,Center for the Healing of Racism,center healing racism,manual,0,Identified verifiied match.,2026-08-07
Center for US Voters Abroad,4,,,,,,,,manual,0,Not found in ProPublica's NonProfit Explorer search method. Could not find a close enough EIN via any of the regular channels.,2026-08-07
Center for Voter Information,4,030554750,Center For Voter Information,4,140.63,030554750,CENTER FOR VOTER INFORMATION,center voter information,manual,1,"OpenSecrets link revealed that this was the correct EIN: 
https://www.opensecrets.org/outside-spending/political-nonprofits/summary?id=030554750",2026-08-07
Center Forward,4,272429741,Center Forward,4,82.18,272429741,CENTER FORWARD,center forward,manual,1,"OpenSecrets link revealed that this was the correct EIN: 
https://www.opensecrets.org/outside-spending/political-nonprofits/summary?id=272429741",2026-08-07
Center Forward,4,851095654,Center Forward Foundation,3,73.70,851095654,CENTER FORWARD FOUNDATION,center forward foundation,manual,0,"OpenSecrets link revealed that this was the incorrect EIN/match: 
https://www.opensecrets.org/outside-spending/political-nonprofits/summary?id=272429741
It is possible that this is a related 501c3 to the verified match",2026-08-07
Center Forward,4,237275324,Families Forward Learning Center,3,66.80,237275324,FAMILIES FORWARD LEARNING CENTER,families forward learning center,manual,0,"OpenSecrets link revealed that this was the incorrect EIN/match: 
https://www.opensecrets.org/outside-spending/political-nonprofits/summary?id=272429741",2026-08-07
Center Forward,4,450561173,Spring Forward Learning Center,3,66.80,450561173,SPRING FORWARD LEARNING CENTER,spring forward learning center,manual,0,"OpenSecrets link revealed that this was the incorrect EIN/match: 
https://www.opensecrets.org/outside-spending/political-nonprofits/summary?id=272429741",2026-08-07
Center Forward,4,851454980,Learning Forward Education Center,3,66.80,851454980,Learning Forward Education Cen,learning forward education cen,manual,0,"OpenSecrets link revealed that this was the incorrect EIN/match: 
https://www.opensecrets.org/outside-spending/political-nonprofits/summary?id=272429741",2026-08-07
Center Forward,4,863190561,Forward Flag Wellness Center,3,66.80,,,,manual,0,"OpenSecrets link revealed that this was the incorrect EIN/match: 
https://www.opensecrets.org/outside-spending/political-nonprofits/summary?id=272429741",2026-08-07
Center Forward,4,454842055,Forward Christian Center Inc,3,66.80,,,,manual,0,"OpenSecrets link revealed that this was the incorrect EIN/match: 
https://www.opensecrets.org/outside-spending/political-nonprofits/summary?id=272429741",2026-08-07
Center Forward,4,814850610,Flash Forward Therapy Center Inc,3,63.40,,,,manual,0,"OpenSecrets link revealed that this was the incorrect EIN/match: 
https://www.opensecrets.org/outside-spending/political-nonprofits/summary?id=272429741",2026-08-07
Center Forward,4,203838952,Forward Bound Youth Service Center,3,62.65,,,,manual,0,"OpenSecrets link revealed that this was the incorrect EIN/match: 
https://www.opensecrets.org/outside-spending/political-nonprofits/summary?id=272429741",2026-08-07
Center Forward,4,930670856,Step Forward Activity Center Inc,3,61.09,930670856,STEP FORWARD ACTIVITIES INC,step forward activities,manual,0,"OpenSecrets link revealed that this was the incorrect EIN/match: 
https://www.opensecrets.org/outside-spending/political-nonprofits/summary?id=272429741",2026-08-07
Center Forward,4,263897423,Forward Focus Youth Enrichment Center,3,61.09,,,,manual,0,"OpenSecrets link revealed that this was the incorrect EIN/match: 
https://www.opensecrets.org/outside-spending/political-nonprofits/summary?id=272429741",2026-08-07
Center Forward,4,882057299,Move Forward & Live Center Inc,3,61.09,,,,manual,0,"OpenSecrets link revealed that this was the incorrect EIN/match: 
https://www.opensecrets.org/outside-spending/political-nonprofits/summary?id=272429741",2026-08-07
Center Forward,4,452762259,Forward Church Worship Center Inc,3,61.09,,,,manual,0,"OpenSecrets link revealed that this was the incorrect EIN/match: 
https://www.opensecrets.org/outside-spending/political-nonprofits/summary?id=272429741",2026-08-07
Center Forward,4,934194035,Step Forward Learning Center Inc,3,61.09,,,,manual,0,"OpenSecrets link revealed that this was the incorrect EIN/match: 
https://www.opensecrets.org/outside-spending/political-nonprofits/summary?id=272429741",2026-08-07
Center Forward,4,753094243,Forward Training Center Of Hood County,3,56.28,753094243,Forward Training Center of Hood County,forward training center hood county,manual,0,"OpenSecrets link revealed that this was the incorrect EIN/match: 
https://www.opensecrets.org/outside-spending/political-nonprofits/summary?id=272429741",2026-08-07
Center Forward,4,364765690,Forward Progress Arts & Entertainment Centers Inc,3,53.13,364765690,FORWARD PROGRESS ARTS & ENTERTAINMENT CENTERS INC,forward progress arts entertainment centers,manual,0,"OpenSecrets link revealed that this was the incorrect EIN/match: 
https://www.opensecrets.org/outside-spending/political-nonprofits/summary?id=272429741",2026-08-07
Center Forward,4,834404582,Looking Forward - Life And Job Skills Training Center,3,48.62,,,,manual,0,"OpenSecrets link revealed that this was the incorrect EIN/match: 
https://www.opensecrets.org/outside-spending/political-nonprofits/summary?id=272429741",2026-08-07
Center Forward,4,954793686,Pay It Forward Center For Seniors Developmental Inc,3,48.62,,,,manual,0,"OpenSecrets link revealed that this was the incorrect EIN/match: 
https://www.opensecrets.org/outside-spending/political-nonprofits/summary?id=272429741",2026-08-07
Center Forward,4,820821359,Century Forward,3,48.20,,,,manual,0,"OpenSecrets link revealed that this was the incorrect EIN/match: 
https://www.opensecrets.org/outside-spending/political-nonprofits/summary?id=272429741",2026-08-07
Center Forward,4,834404580,Looking Forward Life And Job Skills Training Center Inc,,45.52,,,,manual,0,"OpenSecrets link revealed that this was the incorrect EIN/match: 
https://www.opensecrets.org/outside-spending/political-nonprofits/summary?id=272429741",2026-08-07
Charter Schools Action Fund,4,472045681,Charter Schools Action Fund,4,115.91,472045681,CHARTER SCHOOLS ACTION FUND,charter schools action fund,auto - reviewed,1,Exact matches across the board,2026-08-07
Charter Schools Action Fund,4,851317117,Nj Public Charter Schools Action Fund Inc,4,90.48,851317117,NJ PUBLIC CHARTER SCHOOLS ACTION FUND,nj public charter schools action fund,auto - reviewed,0,Wrong name,2026-08-07
Chesapeake Climate Action Network,4,113644283,Chesapeake Climate Action Network,3,177.32,113644283,CHESAPEAKE CLIMATE ACTION NETWORK INC,chesapeake climate action network,manual,0,"This is a 501c3 and OpenSecrets indicated that it is supposed to be a 501c4. However, this is likely to be related to the verified match.",2026-08-07
Chesapeake Climate Action Network,4,010879928,Chesapeake Climate Action Network Action Fund Inc,4,151.69,010879928,CHESAPEAKE CLIMATE ACTION NETWORK ACTION,chesapeake climate action network action,manual,1,"Although the name matches more closely with the 501c3, the org type matches correctly here.",2026-08-07
CHIRLA Action Fund,4,,,,,271460237,Californians for Human Immigrant,californians human immigrant,manual,1,"Searching for ""CHIRLA Action Fund"" in the Nonprofit Explorer revealed that CHIRLA likely stood for the much longer name of the matched entity as seen by this filing result:
Search: https://projects.propublica.org/nonprofits/full_text_search?q=CHIRLA+Action+Fund
Filing: https://projects.propublica.org/nonprofits/organizations/271460237/202541339349306734/IRS990
See Part III of return or ctrl+f to find mentions of ""CHIRLA""",2026-08-07
Citizen Action of New York,4,112644562,Citizen Action Of New York Inc,4,124.31,112644562,CITIZEN ACTION OF NEW YORK INC,citizen action new york,auto - reviewed,1,"Exact matches across the board, and only match identified.",2026-08-07
Citizen Action of Wisconsin,4,391424314,Citizen Action Of Wisconsin Inc,4,115.04,391424314,CITIZEN ACTION OF WISCONSIN INC,citizen action wisconsin,auto - reviewed,1,"Exact matches across the board, and likely related to the other match (a 501c3)",2026-08-07
Citizen Action of Wisconsin,4,391520619,Citizen Action Of Wisconsin Education Fund Inc,3,98.24,391520619,CITIZEN ACTION OF WISCONSIN EDUCATION,citizen action wisconsin education,auto - reviewed,0,Wrong org type; likely related to verified match,2026-08-07
Citizen Awareness Project,4,883792977,Citizen Awareness Project,4,125.32,,,,manual,0,"OpenSecrets link revealed that this was the incorrect EIN/match: 
https://www.opensecrets.org/outside-spending/political-nonprofits/summary?id=455542575",2026-08-07
Citizen Awareness Project,4,455542575,Citizen Awareness Project Inc,4,113.60,455542575,CITIZEN AWARENESS PROJECT INC,citizen awareness project,manual,1,"OpenSecrets link revealed that this was the correct EIN: 
https://www.opensecrets.org/outside-spending/political-nonprofits/summary?id=455542575",2026-08-07
CitizenLink,4,,,,,200960855,FAMILY POLICY ALLIANCE,family policy alliance,manual,1,"OpenSecrets link revealed that this was the correct EIN: 
https://docs.google.com/spreadsheets/d/1UpglNqHCqCW86j43c4iFU-qdbmsQOH_EO_GdlxJVHV0/edit?gid=2113693347#gid=2113693347",2026-08-07
Citizens for a Sound Government,4,450924894,Citizens For A Sound Government,4,164.70,450924894,CITIZENS FOR A SOUND GOVERNMENT,citizens sound government,manual,1,"OpenSecrets link revealed that this was the correct EIN: 
https://www.opensecrets.org/outside-spending/political-nonprofits/summary?id=450924894",2026-08-07
Citizens for a Working America,4,270585219,Citizens For A Working America Inc,4,136.32,270585219,CITIZENS FOR A WORKING AMERICA INC,citizens working america,manual,1,"OpenSecrets link revealed that this was the correct EIN: 
https://www.opensecrets.org/outside-spending/political-nonprofits/summary?id=270585219",2026-08-07
Citizens for a Working America,4,900895191,Citizens For A Working America Inc,4,136.32,,,,manual,0,"OpenSecrets link revealed that this was the incorrect EIN/match: 
https://www.opensecrets.org/outside-spending/political-nonprofits/summary?id=270585219",2026-08-07
Citizens for Responsible Energy Solutions,4,460558330,Citizens For Responsible Energy Solutions Inc,4,169.71,460558330,CITIZENS FOR RESPONSIBLE ENERGY,citizens responsible energy,manual,1,"OpenSecrets link revealed that this was the correct EIN: 
https://www.opensecrets.org/outside-spending/political-nonprofits/summary?id=460558330",2026-08-07
Citizens for Responsible Energy Solutions,4,472999520,Citizens For Responsible Energy Solutions Forum,3,162.02,472999520,CITIZENS FOR RESPONSIBLE ENERGY,citizens responsible energy,manual,0,"OpenSecrets link revealed that this was the incorrect EIN/match: 
https://www.opensecrets.org/outside-spending/political-nonprofits/summary?id=460558330
It is possible that it is a related 501c3 of the verified match",2026-08-07
Citizens for the Republic,4,320234718,Citizens For The Republic Inc,4,121.15,,,,manual,1,"Although the OpenSecrets link reveals that ProPublica's match is correct, it primarily filed 990Ns, and its 990s are from 2017 and before, and is on the revocation list.
Here is the OpenSecret link confirming its EIN
https://www.opensecrets.org/outside-spending/political-nonprofits/summary?id=320234718",2026-08-07
Citizens for the Republic,4,264617515,Citizens For The Republic Foundation Inc,4,111.60,,,,manual,0,"OpenSecrets link revealed that this was the incorrect EIN/match: 
https://www.opensecrets.org/outside-spending/political-nonprofits/summary?id=320234718",2026-08-07
Citizens for the Republic,4,814736817,Citizens For The Republic Educational Foundation Inc,3,103.45,,,,manual,0,"OpenSecrets link revealed that this was the incorrect EIN/match: 
https://www.opensecrets.org/outside-spending/political-nonprofits/summary?id=320234718",2026-08-07
Citizens United,4,911433368,Citizens United,4,79.41,911433368,Citizens United,citizens united,auto - reviewed,1,Exact matches across the board,2026-08-07
Citizens United,4,541626748,Citizens United Foundation,3,71.21,541626748,Citizens United Foundation,citizens united foundation,auto - reviewed,0,Wrong org type; Possibly related to verified match,2026-08-07
Citizens United,4,452521317,Arizona Citizens United,4,71.21,452521317,ARIZONA CITIZENS UNITED,arizona citizens united,auto - reviewed,0,Possibly a chapter of verified match,2026-08-07
Citizens United,4,813709919,Berkley Citizens United,3,71.21,,,,auto - reviewed,0,Wrong org type; Possibly a chapter of verified match,2026-08-07
Citizens United,4,464954286,Westside Citizens United,3,71.21,,,,auto - reviewed,0,Wrong org type; Possibly a chapter of verified match,2026-08-07
Citizens United,4,921539556,Shreveport Citizens United Inc,3,67.54,921539556,SHREVEPORT CITIZENS UNITED INC,shreveport citizens united,auto - reviewed,0,Wrong org type; Possibly a chapter of verified match,2026-08-07
Citizens United,4,823876771,Citizen She United,,65.17,823876771,Citizen SHE United,citizen she united,auto - reviewed,0,Already idenfitied verified match.,2026-08-07
Citizens United,4,272289242,United Citizens Foundation Inc,3,64.55,272289242,UNITED CITIZENS FOUNDATION INC,united citizens foundation,auto - reviewed,0,Wrong org type; Possibly a chapter of verified match,2026-08-07
Citizens United,4,832779778,United Citizens Coalition Inc,3,64.55,832779778,UNITED CITIZENS COALITION INC,united citizens coalition,auto - reviewed,0,Wrong org type; Possibly a chapter of verified match,2026-08-07
Citizens United,4,473560510,United Returning Citizens Inc,3,64.55,473560510,UNITED RETURNING CITIZENS INC,united returning citizens,auto - reviewed,0,Wrong org type; Possibly a chapter of verified match,2026-08-07
Citizens United,4,300221167,United Nimba Citizens Council,3,64.55,300221167,United Nimba Citizenss Council,united nimba citizenss council,auto - reviewed,0,Wrong org type; Possibly a chapter of verified match,2026-08-07
Citizens United,4,822170903,Citizens United For Progress,4,64.55,,,,auto - reviewed,0,Possibly a chapter of verified match,2026-08-07
Citizens United,4,911661129,Clark County Citizens United,4,64.55,,,,auto - reviewed,0,Possibly a chapter of verified match,2026-08-07
Citizens United,4,853813454,Madison Heights Citizens United,3,64.55,,,,auto - reviewed,0,Wrong org type; Possibly a chapter of verified match,2026-08-07
Citizens United,4,872548847,Sanford Citizens United Inc,3,64.55,,,,auto - reviewed,0,Wrong org type; Possibly a chapter of verified match,2026-08-07
Citizens United,4,237405207,Senior Citizens United Inc,3,64.55,,,,auto - reviewed,0,Wrong org type; Possibly a chapter of verified match,2026-08-07
Citizens United,4,351371891,United Citizens Association Inc,3,64.55,,,,auto - reviewed,0,Wrong org type; Possibly a chapter of verified match,2026-08-07
Citizens United,4,570742782,United Citizens Community Center,3,64.55,,,,auto - reviewed,0,Wrong org type; Possibly a chapter of verified match,2026-08-07
Citizens United,4,830602023,United Citizens Of Rappahannock,,64.55,,,,auto - reviewed,0,Possibly a chapter of verified match,2026-08-07
Citizens United,4,831083306,Unified Citizens Inc,3,61.56,,,,auto - reviewed,0,Wrong org type; Possibly related to verified match,2026-08-07
Citizens United,4,871423616,United Black Citizen Nation,3,59.07,,,,auto - reviewed,0,Wrong org type; Possibly a chapter of verified match,2026-08-07
Citizens United,4,471723616,United Citizens Of Livingston County,,59.02,471723616,UNITED CITIZENS OF LIVINGSTON COUNTY,united citizens livingston county,auto - reviewed,0,Possibly a chapter of verified match,2026-08-07
Citizens United,4,751898840,Amarillo United Citizens Forum Inc,3,59.02,751898840,AMARILLO UNITED CITIZENS FORUM,amarillo united citizens forum,auto - reviewed,0,Wrong org type; Possibly a chapter of verified match,2026-08-07
Citizens United,4,391490477,Citizens United For Animals Inc,3,59.02,,,,auto - reviewed,0,Wrong org type; Possibly a chapter of verified match,2026-08-07
Citizens United,4,852511133,Citizens United For Rural Protection,3,59.02,,,,auto - reviewed,0,Wrong org type; Possibly a chapter of verified match,2026-08-07
Civic Empowerment Coalition,4,770053480,Civic Empowerment Coalition,4,129.25,770053480,CIVIC EMPOWERMENT COALITION,civic empowerment coalition,auto - reviewed,1,"Exact matches across the board, and only match identified.",2026-08-07
Climate Emergency Advocates,4,,,,,872122911,GOODPOWER INC,goodpower,manual,1,"Although not found in ProPublica's NonProfit Explorer search method, the IRS 990 search revealed the organization, and its name, as it is found in our dataset.
Searching for this name and ein does return results in ProPublica: https://projects.propublica.org/nonprofits/organizations/872122911",2026-08-06
Climate Reality Action Fund,4,680666110,Climate Reality Action Fund,4,170.58,680666110,CLIMATE REALITY ACTION FUND,climate reality action fund,auto - reviewed,1,"Exact matches across the board, and only match identified.",2026-08-07
Club for Growth,4,204681603,Club For Growth,4,98.35,204681603,CLUB FOR GROWTH,club growth,manual,1,"OpenSecrets link revealed that this was the correct EIN: 
https://www.opensecrets.org/outside-spending/political-nonprofits/summary?id=204681603",2026-08-07
Club for Growth,4,261183692,Missouri Club For Growth,4,89.15,261183692,Missouri Club for Growth,missouri club growth,manual,0,"OpenSecrets link revealed that this was the incorrect EIN/match: 
https://www.opensecrets.org/outside-spending/political-nonprofits/summary?id=204681603",2026-08-07
Club for Growth,4,201398896,Kansas Club For Growth,4,89.15,201398896,KANSAS CLUB FOR GROWTH,kansas club growth,manual,0,"OpenSecrets link revealed that this was the incorrect EIN/match: 
https://www.opensecrets.org/outside-spending/political-nonprofits/summary?id=204681603",2026-08-07
Club for Growth,4,113723921,Wisconsin Club For Growth,4,89.15,113723921,Wisconsin Club for Growth Inc,wisconsin club growth,manual,0,"OpenSecrets link revealed that this was the incorrect EIN/match: 
https://www.opensecrets.org/outside-spending/political-nonprofits/summary?id=204681603",2026-08-07
Club for Growth,4,822552404,Club For Growth Foundation Inc,3,81.52,822552404,CLUB FOR GROWTH FOUNDATION INC,club growth foundation,manual,0,"OpenSecrets link revealed that this was the incorrect EIN/match: 
https://www.opensecrets.org/outside-spending/political-nonprofits/summary?id=204681603",2026-08-07
Club for Growth,4,272773433,Sc Club For Growth Foundation,3,81.52,,,,manual,0,"OpenSecrets link revealed that this was the incorrect EIN/match: 
https://www.opensecrets.org/outside-spending/political-nonprofits/summary?id=204681603",2026-08-07
Club For Growth,4,204681603,Club For Growth,4,98.29,204681603,CLUB FOR GROWTH,club growth,manual,0,"OpenSecrets link revealed that this was the incorrect EIN/match: 
https://www.opensecrets.org/outside-spending/political-nonprofits/summary?id=204681603",2026-08-07
Club For Growth,4,261183692,Missouri Club For Growth,4,89.08,261183692,Missouri Club for Growth,missouri club growth,manual,0,"OpenSecrets link revealed that this was the incorrect EIN/match: 
https://www.opensecrets.org/outside-spending/political-nonprofits/summary?id=204681603",2026-08-07
Club For Growth,4,201398896,Kansas Club For Growth,4,89.08,201398896,KANSAS CLUB FOR GROWTH,kansas club growth,manual,0,"OpenSecrets link revealed that this was the incorrect EIN/match: 
https://www.opensecrets.org/outside-spending/political-nonprofits/summary?id=204681603",2026-08-07
Club For Growth,4,113723921,Wisconsin Club For Growth,4,89.08,113723921,Wisconsin Club for Growth Inc,wisconsin club growth,manual,0,"OpenSecrets link revealed that this was the incorrect EIN/match: 
https://www.opensecrets.org/outside-spending/political-nonprofits/summary?id=204681603",2026-08-07
Club For Growth,4,822552404,Club For Growth Foundation Inc,3,81.45,822552404,CLUB FOR GROWTH FOUNDATION INC,club growth foundation,manual,0,"OpenSecrets link revealed that this was the incorrect EIN/match: 
https://www.opensecrets.org/outside-spending/political-nonprofits/summary?id=204681603",2026-08-07
Club For Growth,4,272773433,Sc Club For Growth Foundation,3,81.45,,,,manual,0,"OpenSecrets link revealed that this was the incorrect EIN/match: 
https://www.opensecrets.org/outside-spending/political-nonprofits/summary?id=204681603",2026-08-07
Coalition for Growth & Opportunity,4,200285235,Coalition For Smart Growth,3,104.21,,,,manual,0,Identified verifiied match.,2026-08-07
Coalition for Growth & Opportunity,4,113696037,Coalition For Sound Growth,3,104.21,113696037,COALITION FOR SOUND GROWTH,coalition sound growth,manual,0,Identified verifiied match.,2026-08-07
Coalition for Growth & Opportunity,4,831381367,Up For Growth National Coalition,3,95.29,831381367,UP FOR GROWTH,up growth,manual,0,Identified verifiied match.,2026-08-07
Coalition for Growth & Opportunity,4,991805409,Coalition For Ohio Prosperity And Growth,,87.78,991805409,Coalition for Ohio Prosperity and Growth,coalition ohio prosperity growth,manual,0,Identified verifiied match.,2026-08-07
Coalition for Growth & Opportunity,4,474425291,Coalition For Growth And Opportunity Inc,4,87.78,474425291,Coalition for Growth and Opportunity Inc,coalition growth opportunity,manual,1,"Confirmed in the Nonprofit Explorer that the repoted expense in 2018 matched the reported political expenses in the 2018 schedule C:
https://projects.propublica.org/nonprofits/display_990/474425291/06_2020_prefixes_46-51%2F474425291_201812_990O_2020061117187118",2026-08-07
Coalition for Growth & Opportunity,4,844306037,Guilderland Coalition For Responsible Growth Inc,4,87.78,,,,manual,0,Identified verifiied match.,2026-08-07
Coalition for Growth & Opportunity,4,832134878,Coalition For Responsible Growth In Avon Inc,4,81.36,832134878,Coalition for Responsible Growth in Avon Inc,coalition responsible growth in avon,manual,0,Identified verifiied match.,2026-08-07
Coalition for Growth & Opportunity,4,20715384,Illinois Coalition For Jobs Growth And Prosperity,4,81.36,,,,manual,0,Identified verifiied match.,2026-08-07
Coalition for Growth & Opportunity,4,204812245,Arkansas Coalition Of Housing &neighborhood Growth For Empowerment,3,74.20,204812245,ARKANSAS COALITION OF HOUSING &NEIGHBORHOOD GROWTH FOR EMPOWERMENT,arkansas coalition housing neighborhood growth empowerment,manual,0,Identified verifiied match.,2026-08-07
Coalition for Growth & Opportunity,4,311713681,Smart Growth Coalition For Greater Cincinnati And Northern Kentucky,3,70.99,,,,manual,0,Identified verifiied match.,2026-08-07
Coalition for Growth & Opportunity,4,850427985,Coalition Of Arizona New Mexico Counties For Stable Economic Growt,4,60.58,850427985,COALITION OF ARIZONA NEW MEXICO COUNTIES FOR STABLE ECONOMIC GROWT,coalition arizona new mexico counties stable economic growt,manual,0,Identified verifiied match.,2026-08-07
Coalition to Protect Seniors,4,,,,,,,,manual,0,"Could not find a match anywhere; closest match was ""seniors coalition inc"", but this isn't definitive information to go off of. The 2010 filing of that closest match doesn't include a schedule C, so I cannot compare to the spending amount mentioned in OpenSecret's table.",2026-08-07
Coloradans for Economic Growth,4,,,,,,,,manual,0,Could not find a match anywhere,2026-08-07
Coloradans for Responsible Energy Development,6,463501403,Coloradans For Responsible Energy Development,6,201.71,463501403,COLORADANS FOR RESPONSIBLE ENERGY,coloradans responsible energy,auto - reviewed,1,"Exact matches across the board, and only match identified.",2026-08-07
Colorado Family Action,4,205012920,Colorado Family Action Inc,4,101.47,205012920,COLORADO FAMILY ACTION,colorado family action,manual,1,"OpenSecrets link revealed that this was the correct EIN: 
https://www.opensecrets.org/outside-spending/political-nonprofits/summary?id=205012920",2026-08-07
Common Sense Issues,4,208824036,Common Sense Issues Inc,4,174.37,,,,manual,,"The OpenSecret link confirms that the org that ProPublica returned was correct, but it only has paper filings when using the IRS990 search.
OpenSecret Link:https://www.opensecrets.org/outside-spending/political-nonprofits/summary?id=208824036Example of paper filing: https://apps.irs.gov/pub/epostcard/cor/208824036_201610_990EO_2017062014534743.pdf",2026-08-07
Commonwealth Communications,4,844535961,Commonwealth Communications,4,129.46,844535961,COMMONWEALTH COMMUNICATIONS,commonwealth communications,auto - reviewed,1,Exact matches across the board,2026-08-07
Commonwealth Communications,4,911799610,Communication Workers Of America,5,22.80,,,,auto - reviewed,0,Identified verifiied match.,2026-08-07
Communities for a New California,4,272348747,Communities For A New California,4,135.00,272348747,Communities for A New California,communities new california,manual,0,"The OpenSecret link indicates that none of the matches have the right EIN. Replacing the ein of this link with the matched EINs did not reveal any useful information.
Link: https://www.opensecrets.org/outside-spending/political-nonprofits/summary?id=273431865",2026-08-07
Communities for a New California,4,451636468,Communities For A New California Education Fund,3,115.28,451636468,Communities For A New California Education Fund,communities new california education fund,manual,0,"The OpenSecret link indicates that none of the matches have the right EIN. Replacing the ein of this link with the matched EINs did not reveal any useful information.
Link: https://www.opensecrets.org/outside-spending/political-nonprofits/summary?id=273431865",2026-08-07
Community Water Center Action Fund,4,824259151,Community Water Center Action Fund,4,131.87,824259151,Community Water Center Action Fund,community water center action fund,auto - reviewed,1,"Exact matches across the board, and only match identified.",2026-08-07
Concerned Veterans for America,4,,,,,463508366,THE SEMINAR NETWORK INC,seminar network,manual,1,"A google search for ""Concerned Veterans for America EIN"" returned this website:
https://www.sourcewatch.org/index.php/Concerned_Veterans_for_America
Passing the EIN contained therein into the IRS990 search identified the new name for the organization. The name included in OpenSecrets was included in the list of other names and in previous filings.",2026-08-07
Concerned Women for America Legislative Action,4,953370744,Concerned Women For America Legislative Action Committee,4,180.01,953370744,CONCERNED WOMEN FOR AMERICA,concerned women america,manual,1,"OpenSecrets link revealed that this was the correct EIN: 
https://www.opensecrets.org/outside-spending/political-nonprofits/summary?id=953370744",2026-08-07
Connecticut Citizen Action Group,4,060872695,Connecticut Citizen Action Group Inc,4,138.25,060872695,CONNECTICUT CITIZEN ACTION GROUP INC,connecticut citizen action group,manual,1,"The following pdf of the 2006 filing for this organization confirmed this EIN:
https://projects.propublica.org/nonprofits/display_990/60872695/2007_12_EO%2F06-0872695_990O_200612",2026-08-07
Conservative Leadership Alliance Inc,4,,,,,,,,manual,1,"The OpenSecrets' EIN provided in the associated link does not return results anywhere:
https://www.opensecrets.org/outside-spending/political-nonprofits/summary?id=273004626",2026-08-07
Council for American Job Growth,4,,,,,,,,manual,0,"This Schedule R indicates that this org is an LLC:
https://projects.propublica.org/nonprofits/organizations/462223015/201620209349301002/IRS990ScheduleR",2026-08-07
Credit Union National Assn,6,,,,,237065623,CREDIT UNION NATIONAL ASSOCIATION INC,credit union national association,manual,1,"After searching for the full spelling in the Nonprofit Explorer, it is most likely the Credit Union National Association Inc:
https://projects.propublica.org/nonprofits/organizations/237065623",2026-08-07
Credit Union National Assn,6,541755947,National Assn Of Fed Credit Unions Fndtn For Char Litry Edtnl & Hmtrn,3,74.34,541755947,NAFCU FNDTN FOR CHARITABLE LITERARY,nafcu fndtn charitable literary,manual,0,The match is a 501c3,2026-08-07
Crossroads GPS,4,,,,,272753378,CROSSROADS GRASSROOTS POLICY STRATEGIES,crossroads grassroots policy strategies,manual,1,"OpenSecrets link revealed that this was the correct EIN: 
https://www.opensecrets.org/outside-spending/political-nonprofits/summary?id=272753378",2026-08-07
CSS Action Fund,4,,,,,,,,manual,0,"Could not find the EIN provided anywhere except in the Schedule I of a different org (as a grant recipient).
OpenSecret link w/EIN: https://www.opensecrets.org/outside-spending/political-nonprofits/summary?id=270575325
The full name according to the filing is ""Citizens for Strength and Security Action Fund) on page 54",2026-08-07
CUFI Action Fund,4,,,,,461868892,CHRISTIANS UNITED FOR ISRAEL ACTION FUND,christians united israel action fund,manual,1,"The acronym can be found in the text of one of their filings:
https://projects.propublica.org/nonprofits/organizations/461868892/201602289349301110/IRS990",2026-08-07
Defenders of Wildlife,4,530183181,Defenders Of Wildlife,3,123.46,530183181,Defenders of Wildlife,defenders wildlife,manual,1,"Although the org types are different, the names are a match. It is possible that they did not include Fund, however they did include that as a separate line. Given the closeness of these matches, and the fact that both this and the Action Fund org will have a veriified match is sufficient for our purposes",2026-08-07
Defenders of Wildlife,4,522298744,Defenders Of Wildlife Action Fund,,102.32,,,,manual,0,Found a likely match,2026-08-07
Defenders of Wildlife,4,384043084,Defenders Of Wildlife Action Fund,4,102.32,384043084,Defenders of Wildlife Action Fund,defenders wildlife action fund,manual,0,Found a likely match,2026-08-07
Defenders of Wildlife Action Fund,4,522298744,Defenders Of Wildlife Action Fund,,160.44,,,,manual,1,This EIN does not show up in the IRS990 search for whatever reason.,2026-08-07
Defenders of Wildlife Action Fund,4,384043084,Defenders Of Wildlife Action Fund,4,160.44,384043084,Defenders of Wildlife Action Fund,defenders wildlife action fund,manual,1,Exact match across the board.,2026-08-07
Defending Democracy Together,4,823877328,Defending Democracy Together,4,179.72,823877328,DEFENDING DEMOCRACY TOGETHER,defending democracy together,manual,1,"It is very likely that these matches are related organizations. However, given that the OpenSecrets website did have a hyperlink for one of the records pointed to this EIN (even if the website doesn't return results): https://www.opensecrets.org/outside-spending/political-nonprofits/summary?id=823877328
Additionally, OpenSecrets stated that this org was a 501c4, which matches with this EIN.
",2026-08-06
Defending Democracy Together,4,831567380,Defending Democracy Together Institute,3,162.89,831567380,DEFENDING DEMOCRACY TOGETHER INSTITUTE,defending democracy together institute,manual,0,Wrong org type; Very likely related to verified match,2026-08-06
Demand Justice,4,863689961,Demand Justice,4,135.31,863689961,DEMAND JUSTICE,demand justice,auto - reviewed,1,Exact matches across the board,2026-08-07
Demand Justice,4,863690047,Demand Justice Initiative,3,121.33,863690047,DEMAND JUSTICE INITIATIVE,demand justice initiative,auto - reviewed,0,Wrong org type possible a related 501c3 to verified match,2026-08-07
Demand Justice,4,852032397,Justice On Demand Inc,3,109.98,,,,auto - reviewed,0,Identified verifiied match.,2026-08-07
Demand Justice,4,332265271,Innocent Demand Justice Now,3,109.98,,,,auto - reviewed,0,Identified verifiied match.,2026-08-07
Demand Justice,4,883565170,Justin Demary Foundation For Impacting Athletics,3,61.76,,,,auto - reviewed,0,Identified verifiied match.,2026-08-07
Democracy for All 2021,4,,,,,,,,manual,0,Not found in ProPublica's NonProfit Explorer search method. Could not find a close enough EIN via any of the regular channels.,2026-08-07
Democratic Majority for Israel,4,833298146,Democratic Majority For Israel D/b/a Dmfi,4,142.54,833298146,DEMOCRATIC MAJORITY FOR ISRAEL,democratic majority israel,auto - reviewed,1,Near exact matches across the board and is the only match,2026-08-07
Democratic Socialists of America,4,133109557,Democratic Socialists Of America Inc,4,150.54,133109557,Democratic Socialists of America Inc,democratic socialists america,manual,1,Near exact matches across the board. The rest are likely chapters,2026-08-07
Democratic Socialists of America,4,363552084,Chicago Democratic Socialists Of America,4,150.54,363552084,CHICAGO DEMOCRATIC SOCIALISTS OF AMERICA,chicago democratic socialists america,manual,0,"Likely to be a chapter of the verified match, as this specificies a city whereas the original has no speicification.",2026-08-07
Democratic Socialists of America,4,822119047,Maine Democratic Socialists Of America,4,150.54,822119047,Maine Democratic Socialists of America,maine democratic socialists america,manual,0,"Likely to be a chapter of the verified match, as this specificies a city whereas the original has no speicification.",2026-08-07
Democratic Socialists of America,4,320647625,Birmingham Democratic Socialists Of America,4,150.54,,,,manual,0,"Likely to be a chapter of the verified match, as this specificies a city whereas the original has no speicification.",2026-08-07
Democratic Socialists of America,4,934754468,Columbus Democratic Socialists Of America,4,150.54,,,,manual,0,"Likely to be a chapter of the verified match, as this specificies a city whereas the original has no speicification.",2026-08-07
Democratic Socialists of America,4,332112331,Dayton Democratic Socialists Of America,4,150.54,,,,manual,0,"Likely to be a chapter of the verified match, as this specificies a city whereas the original has no speicification.",2026-08-07
Democratic Socialists of America,4,873152230,Marin Democratic Socialists Of America,4,150.54,,,,manual,0,"Likely to be a chapter of the verified match, as this specificies a city whereas the original has no speicification.",2026-08-07
Democratic Socialists of America,4,814444518,Philadelphia Democratic Socialists Of America,4,150.54,,,,manual,0,"Likely to be a chapter of the verified match, as this specificies a city whereas the original has no speicification.",2026-08-07
Democratic Socialists of America,4,815467698,Pittsburgh Democratic Socialists Of America,4,150.54,,,,manual,0,"Likely to be a chapter of the verified match, as this specificies a city whereas the original has no speicification.",2026-08-07
Democratic Socialists of America,4,883736391,Wilmington Democratic Socialists Of America,4,150.54,,,,manual,0,"Likely to be a chapter of the verified match, as this specificies a city whereas the original has no speicification.",2026-08-07
Democratic Socialists of America,4,333935191,Frederick Democratic Socialists Of America,4,150.54,,,,manual,0,"Likely to be a chapter of the verified match, as this specificies a city whereas the original has no speicification.",2026-08-07
Democratic Socialists of America,4,841871772,Peninsula Democratic Socialists Of America,4,143.27,,,,manual,0,"Likely to be a chapter of the verified match, as this specificies a city whereas the original has no speicification.",2026-08-07
Democratic Socialists of America,4,132893010,Democratic Socialists Of America Fund Inc,3,138.68,132893010,DEMOCRATIC SOCIALISTS OF AMERICA FUND,democratic socialists america fund,manual,0,"Likely to be a chapter of the verified match, as this specificies a city whereas the original has no speicification.",2026-08-07
Democratic Socialists of America,4,825231340,Metro Dc Democratic Socialists Of America,4,138.68,825231340,Metro DC Democratic Socialists of America,metro dc democratic socialists america,manual,0,"Likely to be a chapter of the verified match, as this specificies a city whereas the original has no speicification.",2026-08-07
Democratic Socialists of America,4,832827035,Silicon Valley Democratic Socialists Of America,4,138.68,832827035,SILICON VALLEY DEMOCRATIC SOCIALISTS OF AMERICA,silicon valley democratic socialists america,manual,0,"Likely to be a chapter of the verified match, as this specificies a city whereas the original has no speicification.",2026-08-07
Democratic Socialists of America,4,320818747,Democratic Socialists Of America Fort Worth,4,138.68,,,,manual,0,"Likely to be a chapter of the verified match, as this specificies a city whereas the original has no speicification.",2026-08-07
Democratic Socialists of America,4,384262496,Democratic Socialists Of America San Diego,4,138.68,,,,manual,0,"Likely to be a chapter of the verified match, as this specificies a city whereas the original has no speicification.",2026-08-07
Democratic Socialists of America,4,822636317,Houston Democratic Socialists Of America Inc,4,138.68,,,,manual,0,"Likely to be a chapter of the verified match, as this specificies a city whereas the original has no speicification.",2026-08-07
Democratic Socialists of America,4,822917363,Middle Tennessee Democratic Socialists Of America,4,138.68,,,,manual,0,"Likely to be a chapter of the verified match, as this specificies a city whereas the original has no speicification.",2026-08-07
Democratic Socialists of America,4,834665784,Northeast Tennessee Democratic Socialists Of America,4,138.68,,,,manual,0,"Likely to be a chapter of the verified match, as this specificies a city whereas the original has no speicification.",2026-08-07
Democratic Socialists of America,4,364988658,Orange County Democratic Socialists Of America,4,138.68,,,,manual,0,"Likely to be a chapter of the verified match, as this specificies a city whereas the original has no speicification.",2026-08-07
Democratic Socialists of America,4,842542044,Greater Lansing Democratic Socialists Of America,,138.68,,,,manual,0,"Likely to be a chapter of the verified match, as this specificies a city whereas the original has no speicification.",2026-08-07
Democratic Socialists of America,4,825334158,Central Arkansas Democratic Socialists Of America,4,135.31,,,,manual,0,"Likely to be a chapter of the verified match, as this specificies a city whereas the original has no speicification.",2026-08-07
Democratic Socialists of America,4,843827505,Syracuse Ny Democratic Socialists Of America,4,132.39,,,,manual,0,"Likely to be a chapter of the verified match, as this specificies a city whereas the original has no speicification.",2026-08-07
Democratic Socialists of America,4,841751018,Snohomish County Democratic Socialists Of America,4,132.39,,,,manual,0,"Likely to be a chapter of the verified match, as this specificies a city whereas the original has no speicification.",2026-08-07
Direct Selling Assn,6,,,,,410659918,Direct Selling Association,direct selling association,manual,1,"OpenSecrets link revealed that this was the correct EIN: 
https://www.opensecrets.org/outside-spending/political-nonprofits/summary?id=410659918",2026-08-07
Dolores Huerta Action Fund,4,462478028,Dolores Huerta Action Fund,4,203.39,462478028,Dolores Huerta Action Fund,dolores huerta action fund,auto - reviewed,1,"Exact matches across the board, and only match identified.",2026-08-07
Duty & Honor,4,413203441,Duty & Daughters,3,79.52,,,,manual,0,Identified verified match,2026-08-07
Duty & Honor,4,474987061,Duty Inc,3,79.52,,,,manual,0,Identified verified match,2026-08-07
Duty & Honor,4,831131265,Diaper Duty Inc,3,74.96,,,,manual,0,Identified verified match,2026-08-07
Duty & Honor,4,883170545,Duty And Honor,4,71.31,883170545,DUTY AND HONOR,duty honor,manual,0,Identified verified match,2026-08-07
Duty & Honor,4,883376414,Tours Of Duty,3,71.31,883376414,TOURS OF DUTY,tours duty,manual,0,Identified verified match,2026-08-07
Duty & Honor,4,820728757,Never Off Duty,3,71.31,820728757,NEVER OFF DUTY,never off duty,manual,0,Identified verified match,2026-08-07
Duty & Honor,4,932598025,Collar Of Duty,3,71.31,932598025,COLLAR OF DUTY,collar duty,manual,0,Identified verified match,2026-08-07
Duty & Honor,4,825359967,Duty And Honor,4,71.31,825359967,DUTY AND HONOR,duty honor,manual,1,"The 2018 filing includes a Schedule C with the amount mentioned by OpenSecret in their table:
https://projects.propublica.org/nonprofits/display_990/825359967/06_2020_prefixes_82-87%2F825359967_201812_990O_2020061617191511",2026-08-07
Duty & Honor,4,412953964,Civic Duty Foundation,3,71.31,,,,manual,0,Identified verified match,2026-08-07
Duty & Honor,4,992636125,Duty Rejig Inc,3,71.31,992636125,DUTY REJIG INC,duty rejig,manual,0,Identified verified match,2026-08-07
Duty & Honor,4,994084410,Hood Duty Corp,3,71.31,,,,manual,0,Identified verified match,2026-08-07
Duty & Honor,4,882263152,Officers Off Duty,3,71.31,,,,manual,0,Identified verified match,2026-08-07
Duty & Honor,4,454338621,Our American Duty,3,71.31,454338621,OUR AMERICAN DUTY LTD,our american duty ltd,manual,0,Identified verified match,2026-08-07
Duty & Honor,4,993274448,Our Duty - Usa,3,71.31,993274448,Our Duty-USA,our duty usa,manual,0,Identified verified match,2026-08-07
Duty & Honor,4,853188377,Tour Of Duty,3,71.31,,,,manual,0,Identified verified match,2026-08-07
Duty & Honor,4,830543716,United After Duty,19,71.31,,,,manual,0,Identified verified match,2026-08-07
Duty & Honor,4,872663028,American Duty Inc,3,71.31,,,,manual,0,Identified verified match,2026-08-07
Duty & Honor,4,812632085,Civic Duty Corporation,,71.31,,,,manual,0,Identified verified match,2026-08-07
Duty & Honor,4,881014122,Fit 4 Duty,3,71.31,,,,manual,0,Identified verified match,2026-08-07
Duty & Honor,4,991616240,Life On Duty,3,71.31,,,,manual,0,Identified verified match,2026-08-07
Duty & Honor,4,332357616,Light Duty Ministry,3,71.31,,,,manual,0,Identified verified match,2026-08-07
Duty & Honor,4,831751785,Line Of Duty,3,71.31,,,,manual,0,Identified verified match,2026-08-07
Duty & Honor,4,392269111,Paw Of Duty,3,71.31,,,,manual,0,Identified verified match,2026-08-07
Duty & Honor,4,334904675,Paws Of Duty,3,71.31,,,,manual,0,Identified verified match,2026-08-07
Duty & Honor,4,874383758,Catz Of Duty Llc,3,67.64,,,,manual,0,Identified verified match,2026-08-07
EarthJustice Action,4,821981944,Earthjustice Action,4,152.20,821981944,EARTHJUSTICE ACTION,earthjustice action,auto - reviewed,1,"Exact matches across the board, and only match identified.",2026-08-07
Eastern Carolina Conservative Fund,4,,,,,,,,manual,0,"This is a 527:
https://projects.propublica.org/527-explorer/orgs/810977155",2026-08-07
Economic Security Project Action,4,832050594,Economic Security Project Action Inc,4,142.88,832050594,ECONOMIC SECURITY PROJECT ACTION INC,economic security project action,auto - reviewed,1,"Near exact matches, and only match identified.",2026-08-07
Education Reform Now Advocacy,,260596684,Education Reform Now Advocacy Inc,4,148.69,260596684,EDUCATION REFORM NOW ADVOCACY INC,education reform now advocacy,auto - reviewed,1,"Near exact matches, and only match identified.",2026-08-07
Emergency Cmte for Israel,4,,,,,272572894,COMMITTEE FOR ISRAEL,committee israel,manual,1,"OpenSecrets link revealed that this was the correct EIN: 
https://www.opensecrets.org/outside-spending/political-nonprofits/summary?id=272572894",2026-08-07
Emerging Voters Inc,4,883084482,Emerging Voters Inc,4,127.43,883084482,EMERGING VOTERS INC,emerging voters,auto - reviewed,1,"Exact matches, and only match identified.",2026-08-07
Ending Spending,4,272189012,Ending Spending Inc,4,135.78,272189012,ENDING SPENDING INC,ending spending,manual,1,"OpenSecrets link revealed that this was the correct EIN: 
https://www.opensecrets.org/outside-spending/political-nonprofits/summary?id=272189012",2026-08-07
Engage Miami,4,474435189,Engage Miami Inc,4,111.19,474435189,ENGAGE MIAMI INC,engage miami,auto - reviewed,1,Near exact matches,2026-08-07
Engage Miami,4,811019007,Hearts Of Miami Engaged,3,91.55,,,,auto - reviewed,0,Wrong org type; Possibly related to verified match,2026-08-07
Enterprise Freedom Action Cmte,4,,,,,260563406,ENTERPRISE ACTION COMMITTEE,enterprise action committee,manual,1,"OpenSecrets link revealed that this was the correct EIN: 
https://www.opensecrets.org/outside-spending/political-nonprofits/summary?id=260563406",2026-08-07
Environment America,4,205355252,Environment America Inc,4,77.34,205355252,ENVIRONMENT AMERICA INC,environment america,manual,1,"OpenSecrets link revealed that this was the correct EIN: 
https://www.opensecrets.org/outside-spending/political-nonprofits/summary?id=205355252",2026-08-07
Environment America,4,541621128,American Environment Foundation,3,73.61,,,,manual,0,"OpenSecrets link revealed that this was the incorrect EIN/match: 
https://www.opensecrets.org/outside-spending/political-nonprofits/summary?id=205355252",2026-08-07
Environment America,4,810492844,Save Americas Visual Environment,3,66.72,,,,manual,0,"OpenSecrets link revealed that this was the incorrect EIN/match: 
https://www.opensecrets.org/outside-spending/political-nonprofits/summary?id=205355252",2026-08-07
Environment America,4,464950562,American Creative Environment Inc,3,61.91,464950562,AMERICAN CREATIVE ENVIRONMENT INC,american creative environment,manual,0,"OpenSecrets link revealed that this was the incorrect EIN/match: 
https://www.opensecrets.org/outside-spending/political-nonprofits/summary?id=205355252",2026-08-07
Environment America,4,205844470,Environment For The Americas Inc,3,61.01,205844470,ENVIRONMENT FOR THE AMERICAS INC,environment americas,manual,0,"OpenSecrets link revealed that this was the incorrect EIN/match: 
https://www.opensecrets.org/outside-spending/political-nonprofits/summary?id=205355252",2026-08-07
Environment America,4,275548684,American Canines For The Environment,3,61.01,,,,manual,0,"OpenSecrets link revealed that this was the incorrect EIN/match: 
https://www.opensecrets.org/outside-spending/political-nonprofits/summary?id=205355252",2026-08-07
Environment America,4,510185266,American Environmental Health Found,3,58.27,510185266,American Environmental Health Found,american environmental health found,manual,0,"OpenSecrets link revealed that this was the incorrect EIN/match: 
https://www.opensecrets.org/outside-spending/political-nonprofits/summary?id=205355252",2026-08-07
Environment America,4,201135038,Ukrainian American Environmental Association,3,58.27,,,,manual,0,"OpenSecrets link revealed that this was the incorrect EIN/match: 
https://www.opensecrets.org/outside-spending/political-nonprofits/summary?id=205355252",2026-08-07
Environment America,4,921581198,American Environmental Intervention Services,3,58.27,921581198,AMERICAN ENVIRONMENTAL INTERVENTION SERVICES,american environmental intervention services,manual,0,"OpenSecrets link revealed that this was the incorrect EIN/match: 
https://www.opensecrets.org/outside-spending/political-nonprofits/summary?id=205355252",2026-08-07
Environment America,4,422250932,American Coalition For Educational Environments,3,57.15,422250932,,,manual,0,"OpenSecrets link revealed that this was the incorrect EIN/match: 
https://www.opensecrets.org/outside-spending/political-nonprofits/summary?id=205355252",2026-08-07
Environment America,4,881086042,Environmental Innovators Of America Inc,3,56.38,,,,manual,0,"OpenSecrets link revealed that this was the incorrect EIN/match: 
https://www.opensecrets.org/outside-spending/political-nonprofits/summary?id=205355252",2026-08-07
Environment America,4,371552329,North American Environment Protection Association Inc,3,54.84,371552329,NORTH AMERICAN MARINE ENVIRONMENT,north american marine environment,manual,0,"OpenSecrets link revealed that this was the incorrect EIN/match: 
https://www.opensecrets.org/outside-spending/political-nonprofits/summary?id=205355252",2026-08-07
Environment America,4,134339865,Environment America Research And Policy Center Inc,3,54.73,134339865,ENVIRONMENT AMERICA RESEARCH AND POLICY,environment america research policy,manual,0,"OpenSecrets link revealed that this was the incorrect EIN/match: 
https://www.opensecrets.org/outside-spending/political-nonprofits/summary?id=205355252",2026-08-07
Environment America,4,330743220,Native American Environmental Protection Coalition,3,53.29,330743220,NATIVE AMERICAN ENVIRONMENTAL,native american environmental,manual,0,"OpenSecrets link revealed that this was the incorrect EIN/match: 
https://www.opensecrets.org/outside-spending/political-nonprofits/summary?id=205355252",2026-08-07
Environment America,4,840960966,American Society For Environmental History,3,53.29,840960966,AMERICAN SOCIETY FOR ENVIRONMENTAL HISTORY,american society environmental history,manual,0,"OpenSecrets link revealed that this was the incorrect EIN/match: 
https://www.opensecrets.org/outside-spending/political-nonprofits/summary?id=205355252",2026-08-07
Environment America,4,680366936,Chinese-american Environmental Protection Association,3,53.29,,,,manual,0,"OpenSecrets link revealed that this was the incorrect EIN/match: 
https://www.opensecrets.org/outside-spending/political-nonprofits/summary?id=205355252",2026-08-07
Environment America,4,431629481,Mid America Assn Of Environmental Professionals,3,51.93,,,,manual,0,"OpenSecrets link revealed that this was the incorrect EIN/match: 
https://www.opensecrets.org/outside-spending/political-nonprofits/summary?id=205355252",2026-08-07
Environment America,4,452154817,New Environmental Leaders Of America Inc,3,51.93,,,,manual,0,"OpenSecrets link revealed that this was the incorrect EIN/match: 
https://www.opensecrets.org/outside-spending/political-nonprofits/summary?id=205355252",2026-08-07
Environment America,4,474099236,American Association Of Multi-sensory Environments,3,51.37,,,,manual,0,"OpenSecrets link revealed that this was the incorrect EIN/match: 
https://www.opensecrets.org/outside-spending/political-nonprofits/summary?id=205355252",2026-08-07
Environment America,4,237379946,American Israel Environmental Council,3,51.33,,,,manual,0,"OpenSecrets link revealed that this was the incorrect EIN/match: 
https://www.opensecrets.org/outside-spending/political-nonprofits/summary?id=205355252",2026-08-07
Environment America,4,237158061,North American Association For Environmental Education,3,49.09,237158061,NORTH AMERICAN ASSOCIATION FOR ENVIRONMENTAL EDUCA,north american association environmental educa,manual,0,"OpenSecrets link revealed that this was the incorrect EIN/match: 
https://www.opensecrets.org/outside-spending/political-nonprofits/summary?id=205355252",2026-08-07
Environment America,4,621599535,American Environmental Health Studies Project Inc,3,49.09,621599535,AMERICAN ENVIRONMENTAL HEALTH STUDIES PR,american environmental health studies pr,manual,0,"OpenSecrets link revealed that this was the incorrect EIN/match: 
https://www.opensecrets.org/outside-spending/political-nonprofits/summary?id=205355252",2026-08-07
Environment America,4,201867780,Central American Education And Environmental Fund,3,49.09,201867780,Central American Education &,central american education,manual,0,"OpenSecrets link revealed that this was the incorrect EIN/match: 
https://www.opensecrets.org/outside-spending/political-nonprofits/summary?id=205355252",2026-08-07
Environment America,4,731317565,American Board Of Environmental Medicine Inc,6,49.09,,,,manual,0,"OpenSecrets link revealed that this was the incorrect EIN/match: 
https://www.opensecrets.org/outside-spending/political-nonprofits/summary?id=205355252",2026-08-07
Environment America,4,932164243,American Environmental Research Organization Aero Inc,3,49.09,,,,manual,0,"OpenSecrets link revealed that this was the incorrect EIN/match: 
https://www.opensecrets.org/outside-spending/political-nonprofits/summary?id=205355252",2026-08-07
Environment Colorado,4,841157145,Colorado Environmental Partnership,3,84.93,841157145,Colorado Environmental Partnership,colorado environmental partnership,manual,0,Could not find an reliable match,2026-08-07
Environment Colorado,4,431963981,Colorado Environmental Film Festival,3,76.98,431963981,COLORADO ENVIRONMENTAL FILM FESTIVAL,colorado environmental film festival,manual,0,Could not find an reliable match,2026-08-07
Environment Colorado,4,237029393,Colorado Environmental Health Association,3,76.98,237029393,COLORADO ENVIRONMENTAL HEALTH ASSOC,colorado environmental health assoc,manual,0,Could not find an reliable match,2026-08-07
Environment Colorado,4,841229898,Colorado Environmental Professionals Association,6,76.98,841229898,COLORADO ENVIRONMENTAL PROFESSIONALS,colorado environmental professionals,manual,0,Could not find an reliable match,2026-08-07
Environment Colorado,4,840688880,Upper Colorado Environmental Plant Center,3,70.40,840688880,UPPER COLORADO ENVIRONMENTAL PLANT CENTER,upper colorado environmental plant center,manual,0,Could not find an reliable match,2026-08-07
Environment Colorado,4,841134814,Colorado Alliance For Environmental Education,3,70.40,841134814,COLORADO ALLIANCE FOR ENVIRONMENTAL EDUCATION INC,colorado alliance environmental education,manual,0,Could not find an reliable match,2026-08-07
Environment Colorado,4,841569469,Colorado Environmental Certification & Training Inc,3,70.40,841569469,COLORADO ENVIRONMENTAL CERTIFICATION,colorado environmental certification,manual,0,Could not find an reliable match,2026-08-07
Environment Colorado,4,571151227,Environment Colorado Research And Policy Center Inc,3,66.71,571151227,ENVIRONMENT COLORADO RESEARCH AND POLICY CENTER INC,environment colorado research policy center,manual,0,Could not find an reliable match,2026-08-07
Environment Colorado,4,383922906,Protecting Colorados Environment Economy And Energy Independence,4,62.90,383922906,PROTECTING COLORADOS ENVIRONMENT ECONOMY,protecting colorados environment economy,manual,0,Could not find an reliable match,2026-08-07
Environmental Defense Action Fund,4,900080500,Environmental Defense Action Fund,4,159.40,900080500,ENVIRONMENTAL DEFENSE ACTION FUND,environmental defense action fund,auto - reviewed,1,"Exact matches, and only match identified.",2026-08-07
Equality Florida Action,4,471338104,Equality Florida Action Inc,4,120.22,471338104,EQUALITY FLORIDA ACTION INC,equality florida action,auto - reviewed,1,Near exact matches,2026-08-07
Equality Pennsylvania,4,270860185,Equality Pennsylvania,4,108.90,270860185,EQUALITY PENNSYLVANIA,equality pennsylvania,auto - reviewed,1,"Exact matches, and only match identified.",2026-08-07
Equality Pennsylvania,4,842156266,Pennsylvania Equality Project Inc,3,92.59,,,,auto - reviewed,0,Wrong org type,2026-08-07
Equality Pennsylvania,4,232848883,Equality Pennsylvania Education Fund,3,88.50,232848883,EQUALITY PENNSYLVANIA EDUCATION FUND,equality pennsylvania education fund,auto - reviewed,0,Wrong org type,2026-08-07
Equality Pennsylvania,4,926619497,Pennsylvania Social Equity Land Tr,3,60.63,,,,auto - reviewed,0,Wrong org type,2026-08-07
Equality Pennsylvania,4,233013870,Pennsylvania Private Equity Network Dba Wharton Private Equity Partner,6,56.07,233013870,Pennsyvania Private Equity Network,pennsyvania private equity network,auto - reviewed,0,Wrong org type,2026-08-07
Equality Pennsylvania,4,230559974,Free & Accepted Masons Of Pennsylvania,10,18.37,,,,auto - reviewed,0,Wrong org type,2026-08-07
Everytown for Gun Safety Action Fund,4,208802884,Everytown For Gun Safety Action Fund Inc,4,197.35,208802884,EVERYTOWN FOR GUN SAFETY ACTION FUND,everytown gun safety action fund,manual,1,"OpenSecrets link revealed that this was the correct EIN: 
https://www.opensecrets.org/outside-spending/political-nonprofits/summary?id=208802884",2026-08-07
Everytown for Gun Safety Action Fund,4,471251965,Everytown For Gun Safety Action Fund For I-594,,179.49,,,,manual,0,"OpenSecrets link revealed that this was the incorrect EIN/match: 
https://www.opensecrets.org/outside-spending/political-nonprofits/summary?id=208802884",2026-08-07
Extraordinary America,4,474096636,Extraordinary America,,105.58,,,,manual,0,"Although present in the Nonprofit Explorer and IRS990 search, it is likely too old for our database.",2026-08-07
Extraordinary America,4,863933047,Extraordinary America Foundation Inc,3,91.55,,,,manual,0,"Although present in the Nonprofit Explorer and IRS990 search, it is likely too old for our database.",2026-08-07
Extraordinary America,4,994523415,League Of Extraordinary Americans,3,79.04,,,,manual,0,Diverges too much from the original search string,2026-08-07
Extraordinary America,4,461143000,Latin American Childrens Extraordinary Support,3,73.41,,,,manual,0,Diverges too much from the original search string,2026-08-07
Fair Election Fund,4,831649609,Fair & Transparent Elections Research & Education Fund,3,101.38,,,,manual,0,Could not identify a confident match,2026-08-08
Fair Election Fund,4,931870447,Foundation For Accountability Integrity & Research In Elections,3,32.94,931870447,Foundation for Accountability Integrity & Research in Elections Fund,foundation accountability integrity research in elections fund,manual,0,Could not identify a confident match,2026-08-08
Fair Future North Carolina,4,,,,,843038674,Fair Future NC,fair future nc,manual,1,"The shortening of ""North Carolina"" is a reasonable stretch for matching.",2026-08-07
Fair Share Alliance,4,,,,,261525298,FAIR SHARE INC,fair share,manual,1,"OpenSecrets link revealed that this was the correct EIN: 
https://www.opensecrets.org/outside-spending/political-nonprofits/summary?id=261525298",2026-08-07
Fair Wisconsin,4,391785179,Fair Wisconsin Inc,4,91.42,391785179,FAIR WISCONSIN INC,fair wisconsin,manual,1,"OpenSecrets link revealed that this was the correct EIN: 
https://www.opensecrets.org/outside-spending/political-nonprofits/summary?id=391785179",2026-08-07
Fair Wisconsin,4,824723623,Play Fair Wisconsin Inc,3,82.86,,,,manual,0,"OpenSecrets link revealed that this was the incorrect EIN/match: 
https://www.opensecrets.org/outside-spending/political-nonprofits/summary?id=391785179",2026-08-07
Fair Wisconsin,4,20559730,Fair Wisconsin Education Fund Inc,3,75.76,,,,manual,0,"OpenSecrets link revealed that this was the incorrect EIN/match: 
https://www.opensecrets.org/outside-spending/political-nonprofits/summary?id=391785179",2026-08-07
Fair Wisconsin,4,392012987,Wisconsin Fair Housing Foundation Inc,3,75.76,392012987,WISCONSIN FAIR HOUSING FOUNDATION INC,wisconsin fair housing foundation,manual,0,"OpenSecrets link revealed that this was the incorrect EIN/match: 
https://www.opensecrets.org/outside-spending/political-nonprofits/summary?id=391785179",2026-08-07
Fair Wisconsin,4,391488298,Wisconsin Education Fairs Inc,3,71.97,391488298,WISCONSIN EDUCATION FAIRS INC,wisconsin education fairs,manual,0,"OpenSecrets link revealed that this was the incorrect EIN/match: 
https://www.opensecrets.org/outside-spending/political-nonprofits/summary?id=391785179",2026-08-07
Fair Wisconsin,4,391842999,Northern Wisconsin State Fair Association Inc,3,69.79,391842999,NORTHERN WISCONSIN STATE FAIR ASSOC,northern wisconsin state fair assoc,manual,0,"OpenSecrets link revealed that this was the incorrect EIN/match: 
https://www.opensecrets.org/outside-spending/political-nonprofits/summary?id=391785179",2026-08-07
Fair Wisconsin,4,391840248,Wisconsin State Fair Park Foundation Inc,3,69.79,391840248,Wisconsin State Fair Park Foundation,wisconsin state fair park foundation,manual,0,"OpenSecrets link revealed that this was the incorrect EIN/match: 
https://www.opensecrets.org/outside-spending/political-nonprofits/summary?id=391785179",2026-08-07
Fair Wisconsin,4,472854052,Fair Rates For Wisconsin Dairyland Inc,4,69.79,472854052,FAIR RATES FOR WISCONSIN'S DAIRYLAND,fair rates wisconsin s dairyland,manual,0,"OpenSecrets link revealed that this was the incorrect EIN/match: 
https://www.opensecrets.org/outside-spending/political-nonprofits/summary?id=391785179",2026-08-07
Fair Wisconsin,4,391583019,Wisconsin State Fair Dairy Promotion Fund Inc,6,64.69,391583019,WISCONSIN STATE FAIR DAIRY PROMOTION FUND INC,wisconsin state fair dairy promotion fund,manual,0,"OpenSecrets link revealed that this was the incorrect EIN/match: 
https://www.opensecrets.org/outside-spending/political-nonprofits/summary?id=391785179",2026-08-07
Fair Wisconsin,4,390796251,Central Wisconsin State Fair Association Of Marshfield Ltd,3,60.29,390796251,CENTRAL WISCONSIN STATE FAIR,central wisconsin state fair,manual,0,"OpenSecrets link revealed that this was the incorrect EIN/match: 
https://www.opensecrets.org/outside-spending/political-nonprofits/summary?id=391785179",2026-08-07
Fair Wisconsin,4,364016275,Wisconsin Illinois Senior Housing Inc,3,18.55,364016275,WISCONSIN ILLINOIS SENIOR HOUSING INC,wisconsin illinois senior housing,manual,0,"OpenSecrets link revealed that this was the incorrect EIN/match: 
https://www.opensecrets.org/outside-spending/political-nonprofits/summary?id=391785179",2026-08-07
Fair Wisconsin,4,320221543,Board Of Regents Of The University Of Wisconsin System,3,15.82,,,,manual,0,"OpenSecrets link revealed that this was the incorrect EIN/match: 
https://www.opensecrets.org/outside-spending/political-nonprofits/summary?id=391785179",2026-08-07
Fair Wisconsin,4,371607380,Board Of Regents Of The University Of Wisconsin System,3,14.40,,,,manual,0,"OpenSecrets link revealed that this was the incorrect EIN/match: 
https://www.opensecrets.org/outside-spending/political-nonprofits/summary?id=391785179",2026-08-07
Fair Wisconsin,4,371555378,Board Of Regents Of The University Of Wisconsin System,3,14.40,,,,manual,0,"OpenSecrets link revealed that this was the incorrect EIN/match: 
https://www.opensecrets.org/outside-spending/political-nonprofits/summary?id=391785179",2026-08-07
Fair Wisconsin,4,113826659,Board Of Regents Of The University Of Wisconsin System,3,13.78,,,,manual,0,"OpenSecrets link revealed that this was the incorrect EIN/match: 
https://www.opensecrets.org/outside-spending/political-nonprofits/summary?id=391785179",2026-08-07
Faith & Freedom Coalition,4,,,,,270182697,FAITH AND FREEDOM COALITION INC,faith freedom coalition,manual,1,"OpenSecrets link revealed that this was the correct EIN: 
https://www.opensecrets.org/outside-spending/political-nonprofits/summary?id=270182697",2026-08-07
Faith & Freedom Coalition,4,861604260,Faith Arts Council,3,49.21,,,,manual,0,"OpenSecrets link revealed that this was the incorrect EIN/match: 
https://www.opensecrets.org/outside-spending/political-nonprofits/summary?id=270182697",2026-08-07
Faith & Freedom Coalition,4,464742503,Faith 2 Faith,3,47.42,,,,manual,0,"OpenSecrets link revealed that this was the incorrect EIN/match: 
https://www.opensecrets.org/outside-spending/political-nonprofits/summary?id=270182697",2026-08-07
Faith & Freedom Coalition,4,863230604,Faith Area Community Foundation,3,45.81,863230604,FAITH AREA COMMUNITY FOUNDATION,faith area community foundation,manual,0,"OpenSecrets link revealed that this was the incorrect EIN/match: 
https://www.opensecrets.org/outside-spending/political-nonprofits/summary?id=270182697",2026-08-07
Faith & Freedom Coalition,4,824161647,Faith Community Endowment Inc,3,45.81,,,,manual,0,"OpenSecrets link revealed that this was the incorrect EIN/match: 
https://www.opensecrets.org/outside-spending/political-nonprofits/summary?id=270182697",2026-08-07
Faith & Freedom Coalition,4,237086540,Faith,3,45.75,,,,manual,0,"OpenSecrets link revealed that this was the incorrect EIN/match: 
https://www.opensecrets.org/outside-spending/political-nonprofits/summary?id=270182697",2026-08-07
Faith & Freedom Coalition,4,450351173,Faith,3,45.75,,,,manual,0,"OpenSecrets link revealed that this was the incorrect EIN/match: 
https://www.opensecrets.org/outside-spending/political-nonprofits/summary?id=270182697",2026-08-07
Faith & Freedom Coalition,4,456038532,Faith,3,45.75,,,,manual,0,"OpenSecrets link revealed that this was the incorrect EIN/match: 
https://www.opensecrets.org/outside-spending/political-nonprofits/summary?id=270182697",2026-08-07
Faith & Freedom Coalition,4,840751266,Faith,3,45.75,,,,manual,0,"OpenSecrets link revealed that this was the incorrect EIN/match: 
https://www.opensecrets.org/outside-spending/political-nonprofits/summary?id=270182697",2026-08-07
Faith & Freedom Coalition,4,916193259,Faith,3,45.75,,,,manual,0,"OpenSecrets link revealed that this was the incorrect EIN/match: 
https://www.opensecrets.org/outside-spending/political-nonprofits/summary?id=270182697",2026-08-07
Faith & Freedom Coalition,4,930495196,Faith,3,45.75,,,,manual,0,"OpenSecrets link revealed that this was the incorrect EIN/match: 
https://www.opensecrets.org/outside-spending/political-nonprofits/summary?id=270182697",2026-08-07
Faith & Freedom Coalition,4,263820181,Faith To Faith Minstry,3,44.42,263820181,FAITH TO FAITH MINISTRY,faith to faith ministry,manual,0,"OpenSecrets link revealed that this was the incorrect EIN/match: 
https://www.opensecrets.org/outside-spending/political-nonprofits/summary?id=270182697",2026-08-07
Faith & Freedom Coalition,4,261615337,Faith 2 Faith Ministries,3,44.42,,,,manual,0,"OpenSecrets link revealed that this was the incorrect EIN/match: 
https://www.opensecrets.org/outside-spending/political-nonprofits/summary?id=270182697",2026-08-07
Faith & Freedom Coalition,4,383040894,Faith To Faith Church,3,44.42,,,,manual,0,"OpenSecrets link revealed that this was the incorrect EIN/match: 
https://www.opensecrets.org/outside-spending/political-nonprofits/summary?id=270182697",2026-08-07
Faith & Freedom Coalition,4,272183685,Faith To Faith Ministries,3,44.42,,,,manual,0,"OpenSecrets link revealed that this was the incorrect EIN/match: 
https://www.opensecrets.org/outside-spending/political-nonprofits/summary?id=270182697",2026-08-07
Faith & Freedom Coalition,4,372061344,Faith To Faith Ministries,3,44.42,,,,manual,0,"OpenSecrets link revealed that this was the incorrect EIN/match: 
https://www.opensecrets.org/outside-spending/political-nonprofits/summary?id=270182697",2026-08-07
Faith & Freedom Coalition,4,710888503,Faith Fourth Of July Committee,3,43.00,710888503,FAITH FOURTH OF JULY COMMITTEE INC,faith fourth july committee,manual,0,"OpenSecrets link revealed that this was the incorrect EIN/match: 
https://www.opensecrets.org/outside-spending/political-nonprofits/summary?id=270182697",2026-08-07
Faith & Freedom Coalition,4,753262681,Faith Community Action Team Inc,3,43.00,,,,manual,0,"OpenSecrets link revealed that this was the incorrect EIN/match: 
https://www.opensecrets.org/outside-spending/political-nonprofits/summary?id=270182697",2026-08-07
Faith & Freedom Coalition,4,742788399,Faith Tabernacle,3,41.85,,,,manual,0,"OpenSecrets link revealed that this was the incorrect EIN/match: 
https://www.opensecrets.org/outside-spending/political-nonprofits/summary?id=270182697",2026-08-07
Faith & Freedom Coalition,4,912046490,Faith Tabernacle,3,41.85,,,,manual,0,"OpenSecrets link revealed that this was the incorrect EIN/match: 
https://www.opensecrets.org/outside-spending/political-nonprofits/summary?id=270182697",2026-08-07
Faith & Freedom Coalition,4,208370780,Faith 2 Faith Ministries International,3,41.78,208370780,FAITH 2 FAITH MINISTRIES INC,faith 2 faith ministries,manual,0,"OpenSecrets link revealed that this was the incorrect EIN/match: 
https://www.opensecrets.org/outside-spending/political-nonprofits/summary?id=270182697",2026-08-07
Faith & Freedom Coalition,4,205390461,Faith To Faith Ministry Inc,3,41.78,,,,manual,0,"OpenSecrets link revealed that this was the incorrect EIN/match: 
https://www.opensecrets.org/outside-spending/political-nonprofits/summary?id=270182697",2026-08-07
Faith & Freedom Coalition,4,300741532,Faith To Faith Christian Center,3,41.78,,,,manual,0,"OpenSecrets link revealed that this was the incorrect EIN/match: 
https://www.opensecrets.org/outside-spending/political-nonprofits/summary?id=270182697",2026-08-07
Faith & Freedom Coalition,4,800666902,Faith To Faith Fellowship Ministries,3,41.78,,,,manual,0,"OpenSecrets link revealed that this was the incorrect EIN/match: 
https://www.opensecrets.org/outside-spending/political-nonprofits/summary?id=270182697",2026-08-07
Faith & Freedom Coalition,4,450541602,Faith To Faith International Inc,3,41.78,,,,manual,0,"OpenSecrets link revealed that this was the incorrect EIN/match: 
https://www.opensecrets.org/outside-spending/political-nonprofits/summary?id=270182697",2026-08-07
Faith & Freedom Coalition,4,232989401,Faith To Faith Ministry Inc,3,41.78,,,,manual,0,"OpenSecrets link revealed that this was the incorrect EIN/match: 
https://www.opensecrets.org/outside-spending/political-nonprofits/summary?id=270182697",2026-08-07
Faith 2020,4,,,,,851602627,Faith Forward,faith forward,manual,1,"Searching google for Faith 2020 Inc returned this filing:
https://pdf.guidestar.org/PDF_Images/2020/474/596/2020-474596232-202133159349301998-9O.pdf
This filing included Faith 2020 Inc and its EIN, which did exist in our database, but under its newer name",2026-08-07
Faith In Public Life Action Fund,4,263827419,Faith In Public Life Action Fund,4,157.52,263827419,FAITH IN PUBLIC LIFE ACTION FUND,faith in public life action fund,auto - reviewed,1,"Exact matches, and only match identified.",2026-08-07
Faith Voters for Good,4,923060032,Faith Voters For Good,4,141.83,,,,manual,0,"Found in the Nonprofit Explorer and IRS990 searhc, but only has filed the 990N once, which is not collected by our database",2026-08-07
Family Friendly Action Fund,4,,,,,831806898,FORWARD ACTION FUND,forward action fund,manual ,0,"Although it doesn't show up in the Nonprofit Explorer, and example of one of its filings can be found here:
https://projects.propublica.org/nonprofits/organizations/831806898/202233189349301738/IRS990",2026-08-07
Family Policy Alliance,4,200960855,Family Policy Alliance,4,101.49,200960855,FAMILY POLICY ALLIANCE,family policy alliance,auto - reviewed,1,Exact matches,2026-08-07
Family Policy Alliance,4,464577178,Family Policy Alliance Foundation,3,91.98,464577178,FAMILY POLICY ALLIANCE FOUNDATION,family policy alliance foundation,auto - reviewed,0,Wrong org type; Possibly related to verified match,2026-08-07
Family Policy Alliance,4,850867337,Clay Family Policy Alliance,3,91.98,,,,auto - reviewed,0,Could be a chapter or completely unrelated,2026-08-07
Federation of American Hospitals,6,136226549,Federation Of American Hospitals Inc,6,95.69,136226549,FEDERATION OF AMERICAN HOSPITALS,federation american hospitals,auto - reviewed,1,near exact matches,2026-08-07
Federation of American Hospitals,6,136106984,American Federation Of State County Lo420ny Nyc Dept Of Hospitals Emp,5,65.85,136106984,AMERICAN FEDERATION OF STATE COUNTY LO420NY NYC DEPT OF HOSPITALS EMP,american federation state county lo420ny nyc dept hospitals emp,auto - reviewed,0,Wrong org type and identified verified match,2026-08-07
Federation of American Hospitals,6,862705225,American Federation Of Teachers,5,23.84,,,,auto - reviewed,0,Wrong org type and identified verified match,2026-08-07
Federation of American Hospitals,6,237102225,American Federation Of State County & Municipal Employees,5,22.46,,,,auto - reviewed,0,Wrong org type and identified verified match,2026-08-07
Federation of American Hospitals,6,416039634,American Federation Of State County & Municipal Employees,5,21.24,,,,auto - reviewed,0,Wrong org type and identified verified match,2026-08-07
Federation of American Hospitals,6,381349623,American Federation Of State County & Municipal Employees,5,21.24,,,,auto - reviewed,0,Wrong org type and identified verified match,2026-08-07
Federation of American Hospitals,6,416164814,American Federation Of State County & Municipal Employees,5,21.24,,,,auto - reviewed,0,Wrong org type and identified verified match,2026-08-07
Federation of American Hospitals,6,770641843,American Federation Of State County & Municipal Employees,5,21.24,,,,auto - reviewed,0,Wrong org type and identified verified match,2026-08-07
Federation of American Hospitals,6,237297350,American Federation Of State County & Municipal Employees,5,21.24,,,,auto - reviewed,0,Wrong org type and identified verified match,2026-08-07
Federation of American Hospitals,6,300798649,American Federation Of State County & Municipal Employees,5,21.24,,,,auto - reviewed,0,Wrong org type and identified verified match,2026-08-07
Federation of American Hospitals,6,341383867,American Federation Of State County & Municipal Employees,5,21.24,,,,auto - reviewed,0,Wrong org type and identified verified match,2026-08-07
Federation of American Hospitals,6,382646110,American Federation Of State County & Municipal Employees,5,21.24,,,,auto - reviewed,0,Wrong org type and identified verified match,2026-08-07
Federation of American Hospitals,6,382990181,American Federation Of State County & Municipal Employees,5,21.24,382990181,STATE COUNTY & MUNICIPAL EMPLYS AFL-CIO LOCAL 3695,state county municipal emplys afl cio local 3695,auto - reviewed,0,Wrong org type and identified verified match,2026-08-07
Federation of American Hospitals,6,316049834,American Federation Of State County & Municipal Employees,5,20.14,,,,auto - reviewed,0,Wrong org type and identified verified match,2026-08-07
Federation of American Hospitals,6,382280054,American Federation Of State County & Municipal Employees,5,20.14,,,,auto - reviewed,0,Wrong org type and identified verified match,2026-08-07
Federation of American Hospitals,6,237452922,American Federation Of State County & Municipal Employees,5,20.14,,,,auto - reviewed,0,Wrong org type and identified verified match,2026-08-07
Federation of American Hospitals,6,411922634,American Federation Of State County & Municipal Employees,5,20.14,,,,auto - reviewed,0,Wrong org type and identified verified match,2026-08-07
Federation of American Hospitals,6,237058956,American Federation Of State County & Municipal Employees,5,20.14,,,,auto - reviewed,0,Wrong org type and identified verified match,2026-08-07
Federation of American Hospitals,6,46111868,American Federation Of State County & Municipal Employees,5,20.14,,,,auto - reviewed,0,Wrong org type and identified verified match,2026-08-07
Federation of American Hospitals,6,46190211,American Federation Of State County & Municipal Employees,5,20.14,,,,auto - reviewed,0,Wrong org type and identified verified match,2026-08-07
Federation of American Hospitals,6,521244476,American Federation Of State County & Municipal Employees,5,20.14,,,,auto - reviewed,0,Wrong org type and identified verified match,2026-08-07
Federation of American Hospitals,6,46190202,American Federation Of State County & Municipal Employees,5,20.14,,,,auto - reviewed,0,Wrong org type and identified verified match,2026-08-07
Federation of American Hospitals,6,237118453,American Federation Of State County & Municipal Employees,5,20.14,,,,auto - reviewed,0,Wrong org type and identified verified match,2026-08-07
Federation of American Hospitals,6,363345371,American Federation Of State County & Municipal Employees,5,20.14,,,,auto - reviewed,0,Wrong org type and identified verified match,2026-08-07
Federation of American Hospitals,6,510242118,American Federation Of State County & Municipal Employees,5,20.14,,,,auto - reviewed,0,Wrong org type and identified verified match,2026-08-07
Fellow Americans,4,843474204,Fellow Americans,4,86.38,843474204,Fellow Americans,fellow americans,auto - reviewed,1,"Exact matches, and only match identified.",2026-08-07
Fellow Americans,4,884184028,North American Imams Fellow,3,67.25,,,,auto - reviewed,0,Seemingly completely unrelated,2026-08-07
Fellow Americans,4,814073819,My Fellow Americans Housing Foundation Inc,3,59.13,,,,auto - reviewed,0,Seemingly completely unrelated,2026-08-07
Fellow Americans,4,862200253,American Association Of Resident And Fellow Physicians,6,52.51,,,,auto - reviewed,0,Seemingly completely unrelated,2026-08-07
Fellow Americans,4,954480097,College Of Fellows Of The American Theatre,3,46.45,954480097,THE COLLEGE OF FELLOWS OF THE AMERICAN T,college fellows american t,auto - reviewed,0,Seemingly completely unrelated,2026-08-07
Fellow Americans,4,830413067,African American Teaching Fellows Of Charlottesville-albemarle Inc,3,43.29,830413067,AFRICAN AMERICAN TEACHING FELLOWS,african american teaching fellows,auto - reviewed,0,Seemingly completely unrelated,2026-08-07
Fellow Americans,4,710887547,American Institute Of Architects College Of Fellows Fund Inc,3,40.53,710887547,AMERICAN INSTITUTE OF ARCHITECTS COLLEGE,american institute architects college,auto - reviewed,0,Seemingly completely unrelated,2026-08-07
Fellow Americans,4,994002689,American Institute Of Architects College Of Fellows Western Mountai,3,40.53,994002689,American Inst of Architects College of Fellows,american inst architects college fellows,auto - reviewed,0,Seemingly completely unrelated,2026-08-07
Fellow Americans,4,133173767,Society Of Fellows Of The American Academy In Rome,3,40.53,,,,auto - reviewed,0,Seemingly completely unrelated,2026-08-07
Fellow Americans,4,936090977,Oregon Chapter Of The Fellows Of The American College Of Surgeons,6,35.95,936090977,THE OREGON CHAPTER OF THE FELLOWS,oregon chapter fellows,auto - reviewed,0,Seemingly completely unrelated,2026-08-07
Fellow Americans,4,201008016,Fell Pony Society And Conservancy Of The Americas,3,31.99,,,,auto - reviewed,0,Seemingly completely unrelated,2026-08-07
Fellow Americans,4,956196607,American Legion,19,20.53,,,,auto - reviewed,0,Seemingly completely unrelated,2026-08-07
Fellow Americans,4,30177380,American Legion,19,17.46,,,,auto - reviewed,0,Seemingly completely unrelated,2026-08-07
Fellow Americans,4,30319403,American Legion Auxiliary,19,17.46,,,,auto - reviewed,0,Seemingly completely unrelated,2026-08-07
Fellow Americans,4,832575428,American Legion Auxiliary,19,17.22,,,,auto - reviewed,0,Seemingly completely unrelated,2026-08-07
Fellow Americans,4,930766824,American Federation Of Teachers,5,14.26,930766824,GRADUATE TEACHING FELLOWS,graduate teaching fellows,auto - reviewed,0,Seemingly completely unrelated,2026-08-07
Fellow Americans,4,946069815,Independent Order Of Odd Fellows,8,14.26,946069815,FRANCO AMERICAN LODGE NO 207,franco american lodge no 207,auto - reviewed,0,Seemingly completely unrelated,2026-08-07
Fellow Americans,4,412225994,American Federation Of Teachers,5,12.40,,,,auto - reviewed,0,Seemingly completely unrelated,2026-08-07
Fellow Americans,4,237027494,National Society Of The Daughters Of The American Revolution,3,12.05,,,,auto - reviewed,0,Seemingly completely unrelated,2026-08-07
Fellow Americans,4,237027760,National Society Of The Daughters Of The American Revolution,3,12.05,,,,auto - reviewed,0,Seemingly completely unrelated,2026-08-07
Fellow Americans,4,237371124,National Society Of The Daughters Of The American Revolution,3,11.46,,,,auto - reviewed,0,Seemingly completely unrelated,2026-08-07
Fellow Americans,4,251323417,American Federation Of State County & Municipal Employees,5,10.92,,,,auto - reviewed,0,Seemingly completely unrelated,2026-08-07
Fellow Americans,4,464449668,National Society Of The Daughters Of The American Revolution,3,8.91,,,,auto - reviewed,0,Seemingly completely unrelated,2026-08-07
Feminist Majority,4,541426441,Feminist Majority,4,168.68,541426441,FEMINIST MAJORITY,feminist majority,manual,1,"OpenSecrets link revealed that this was the correct EIN: 
https://www.opensecrets.org/outside-spending/political-nonprofits/summary?id=541426441",2026-08-07
Feminist Majority,4,541426440,Feminist Majority Foundation,3,151.26,541426440,FEMINIST MAJORITY FOUNDATION,feminist majority foundation,manual,0,"OpenSecrets link revealed that this was the incorrect EIN/match: 
https://www.opensecrets.org/outside-spending/political-nonprofits/summary?id=541426441
However, this is likely a related 501c3, as seen by the fact that OpenSecrets lists it as the parent of the verified 501c4",2026-08-07
Fight Corporate Monopolies,4,825097446,Fight Corporate Monopolies,4,210.97,825097446,FIGHT CORPORATE MONOPOLIES,fight corporate monopolies,auto - reviewed,1,"Exact matches, and only match identified.",2026-08-07
Filangieri Society for Justice & Good Government,4,,,,,,,,manual,0,Could not identify a reasonable match,2026-08-07
FLIC Votes,4,812185907,Flic Votes Inc,4,130.33,812185907,FLIC VOTES INC,flic votes,auto - reviewed,1,"Near exact matches, and only match identified.",2026-08-07
Florida New Majority,4,,,,,270167620,FLORIDA RISING INC,florida rising,manual,1,"OpenSecrets link revealed that this was the correct EIN: 
https://www.opensecrets.org/outside-spending/political-nonprofits/summary?id=270167620",2026-08-07
Floridians for a Fair Shake,4,,,,,264486735,SIXTEEN THIRTY FUND,sixteen thirty fund,manual,1,"Included in the Sixteen Thirty Fund's Schedule O as trade names (doing business as names):
https://projects.propublica.org/nonprofits/organizations/264486735/201903169349302565/IRS990ScheduleO",2026-08-07
Focus on the Family,4,,,,,200960855,FAMILY POLICY ALLIANCE,family policy alliance,manual,1,"OpenSecrets link revealed that this was the correct EIN: 
https://www.opensecrets.org/outside-spending/political-nonprofits/summary?id=200960855",2026-08-07
Focus on the Family,4,953188150,Focus On The Family,3,128.79,953188150,FOCUS ON THE FAMILY,focus on family,manual,0,"OpenSecrets link revealed that this was the incorrect EIN/match: 
https://www.opensecrets.org/outside-spending/political-nonprofits/summary?id=200960855",2026-08-07
Focus on the Family,4,721433941,Focus On The Family Community Services,3,108.50,,,,manual,0,"OpenSecrets link revealed that this was the incorrect EIN/match: 
https://www.opensecrets.org/outside-spending/political-nonprofits/summary?id=200960855",2026-08-07
Focus on the Family,4,823964347,Focus On The Heart Family Ministry,3,108.50,,,,manual,0,"OpenSecrets link revealed that this was the incorrect EIN/match: 
https://www.opensecrets.org/outside-spending/political-nonprofits/summary?id=200960855",2026-08-07
Food & Water Action,4,,,,,320160436,FOOD & WATER ACTION FUND,food water action fund,manual,1,"This is the closest match found. It is likely that the ampersand threw off ProPublica's API search, as that has happened a couple times. The matched EIN can be found in all sources.",2026-08-07
Food & Water Action,4,311581053,Food On Foot Inc,3,66.33,311581053,FOOD ON FOOT,food on foot,manual,0,Verified other match,2026-08-07
Food & Water Action,4,921279854,Terre Foods Community Food Initiative,3,60.66,921279854,TERRE FOODS COMMUNITY INITIATIVE CORPORATION,terre foods community initiative,manual,0,Verified other match,2026-08-07
Food & Water Action,4,300690336,Big Foot Emergency Food Pantry,3,60.66,300690336,BIG FOOT EMERGENCY FOOD PANTRY INC,big foot emergency food pantry,manual,0,Verified other match,2026-08-07
Food & Water Action,4,223969109,Tennessee Food On Foot Foundation Inc,3,55.88,223969109,TENNESSEE FOOD ON FOOT FOUNDATION INC,tennessee food on foot foundation,manual,0,Verified other match,2026-08-07
Food & Water Action,4,20738229,Food Share Food Bank,3,51.17,,,,manual,0,Verified other match,2026-08-07
Food & Water Action,4,421866644,Sheep Food,3,48.21,,,,manual,0,Verified other match,2026-08-07
Food & Water Action,4,311020198,Food Finders Food Bank Inc,3,48.13,311020198,FOOD FINDERS FOOD BANK INC,food finders food bank,manual,0,Verified other match,2026-08-07
Food & Water Action,4,871522121,Soul Food Food Pantry,3,47.86,,,,manual,0,Verified other match,2026-08-07
Food & Water Action,4,992866661,Food Horizons,3,47.24,,,,manual,0,Verified other match,2026-08-07
Food & Water Action,4,911090450,Food Lifeline,3,46.63,911090450,FOOD LIFELINE,food lifeline,manual,0,Verified other match,2026-08-07
Food & Water Action,4,382853858,Food Gatherers,3,46.63,382853858,FOOD GATHERERS,food gatherers,manual,0,Verified other match,2026-08-07
Food & Water Action,4,850416803,Food Depot,3,46.63,850416803,THE FOOD DEPOT,food depot,manual,0,Verified other match,2026-08-07
Food & Water Action,4,232939247,Food Helpers,3,46.63,232939247,FOOD HELPERS,food helpers,manual,0,Verified other match,2026-08-07
Food & Water Action,4,462372533,Food Connects,3,46.63,462372533,FOOD CONNECTS,food connects,manual,0,Verified other match,2026-08-07
Food & Water Action,4,611762787,Food Group,3,46.63,611762787,THE FOOD GROUP INC,food group,manual,0,Verified other match,2026-08-07
Food & Water Action,4,831580187,Food Strong,3,46.63,831580187,FOOD STRONG,food strong,manual,0,Verified other match,2026-08-07
Food & Water Action,4,263662215,Food Works,3,46.63,263662215,FOOD WORKS,food works,manual,0,Verified other match,2026-08-07
Food & Water Action,4,752911547,Food Foundation,3,46.63,752911547,THE FOOD FOUNDATION,food foundation,manual,0,Verified other match,2026-08-07
Food & Water Action,4,270656350,Fair Food,3,46.63,270656350,FAIR FOOD,fair food,manual,0,Verified other match,2026-08-07
Food & Water Action,4,911747155,Food Alliance,3,46.63,911747155,The Food Alliance,food alliance,manual,0,Verified other match,2026-08-07
Food & Water Action,4,205371832,Food Roots,3,46.63,205371832,FOOD ROOTS,food roots,manual,0,Verified other match,2026-08-07
Food & Water Action,4,814736864,Food Fort,3,46.63,814736864,FOOD FORT,food fort,manual,0,Verified other match,2026-08-07
Food & Water Action,4,852479963,Rockwood Food,3,46.63,852479963,ROCKWOOD FOOD,rockwood food,manual,0,Verified other match,2026-08-07
Food & Water Action,4,862522790,Food Hugs,3,46.63,862522790,FOOD HUGS,food hugs,manual,0,Verified other match,2026-08-07
Food & Water Action,4,883409814,Food Leads,3,46.63,883409814,Food Leads Inc,food leads,manual,0,Verified other match,2026-08-07
Food Policy Action,4,460862496,Food Policy Action,4,123.17,460862496,FOOD POLICY ACTION,food policy action,manual,1,"OpenSecrets link revealed that this was the correct EIN: 
https://www.opensecrets.org/outside-spending/political-nonprofits/summary?id=460862496",2026-08-07
Food Policy Action,4,833074522,Louisiana Food Policy Action Council Inc,3,94.03,833074522,NEW ORLEANS FOOD POLICY ADVISORY COMMITTEE,new orleans food policy advisory committee,manual,0,"OpenSecrets link revealed that this was the incorrect EIN/match: 
https://www.opensecrets.org/outside-spending/political-nonprofits/summary?id=460862496",2026-08-07
Foundation For A Secure & Prosperous America,4,260555169,Foundation For A Secure Andprosperous America,4,101.32,,,,manual,1,"OpenSecrets link revealed that this was the correct EIN: 
https://www.opensecrets.org/outside-spending/political-nonprofits/summary?id=260555169
",2026-08-07
Foundation for Economic Prosperity,4,465333489,Foundation For Economic Prosperity Inc,4,111.13,465333489,FOUNDATION FOR ECONOMIC PROSPERITY INC,foundation economic prosperity,manual,1,"OpenSecrets link revealed that this was the correct EIN: 
https://www.opensecrets.org/outside-spending/political-nonprofits/summary?id=465333489",2026-08-07
Freedom Action Now,4,843944949,Freedom Action Now Inc,4,122.71,843944949,Freedom Action Now,freedom action now,auto - reviewed,1,"near exact matches, and only match identified.",2026-08-07
Freedom Partners Chamber Of Commerce,6,,,,,453732750,STAND TOGETHER CHAMBER OF COMMERCE INC,stand together chamber commerce,manual,1,"OpenSecrets link revealed that this was the correct EIN: 
https://www.opensecrets.org/outside-spending/political-nonprofits/summary?id=453732750",2026-08-07
Freedom Partners Chamber of Commerce,6,,,,,,,,auto,0,duplicate,2026-08-07
Freedom Path,4,900648831,Freedom Path,,109.20,,,,manual,1,"Although the OpenSecret confirms this EIN is correct, the only non-990Ns this org has filed are paper filings, which is likely why it doesn't shod up in our database.
OpenSecret link: https://www.opensecrets.org/outside-spending/political-nonprofits/summary?id=900648831
Paper filing example: https://apps.irs.gov/pub/epostcard/cor/900648831_201912_990EO_2021111619150549.pdf",2026-08-07
Freedom Path,4,300991241,Freedoms Path,3,102.15,,,,manual,0,"OpenSecrets link revealed that this was the incorrect EIN/match: 
https://www.opensecrets.org/outside-spending/political-nonprofits/summary?id=900648831",2026-08-07
Freedom Path,4,871169750,Freedom Path 307,4,97.92,871169750,FREEDOM PATH 307,freedom path 307,manual,0,"OpenSecrets link revealed that this was the incorrect EIN/match: 
https://www.opensecrets.org/outside-spending/political-nonprofits/summary?id=900648831",2026-08-07
Freedom Path,4,455474048,Freedom Path Inc,3,97.92,455474048,FREEDOM PATH INC,freedom path,manual,0,"OpenSecrets link revealed that this was the incorrect EIN/match: 
https://www.opensecrets.org/outside-spending/political-nonprofits/summary?id=900648831",2026-08-07
Freedom Path,4,332907189,Freedom Path Initiative,3,97.92,,,,manual,0,"OpenSecrets link revealed that this was the incorrect EIN/match: 
https://www.opensecrets.org/outside-spending/political-nonprofits/summary?id=900648831",2026-08-07
Freedom Path,4,832210496,Freedom Path Counseling Inc,3,88.76,832210496,FREEDOM PATH COUNSELING INC,freedom path counseling,manual,0,"OpenSecrets link revealed that this was the incorrect EIN/match: 
https://www.opensecrets.org/outside-spending/political-nonprofits/summary?id=900648831",2026-08-07
Freedom Path,4,333160071,Path To Freedom Foundation,3,88.76,,,,manual,0,"OpenSecrets link revealed that this was the incorrect EIN/match: 
https://www.opensecrets.org/outside-spending/political-nonprofits/summary?id=900648831",2026-08-07
Freedom Path,4,872277407,Syria Freedom Path Inc,3,88.76,872277407,SYRIA FREEDOM PATH INC,syria freedom path,manual,0,"OpenSecrets link revealed that this was the incorrect EIN/match: 
https://www.opensecrets.org/outside-spending/political-nonprofits/summary?id=900648831",2026-08-07
Freedom Path,4,341986892,Freedom Path Min Inc,,88.76,,,,manual,0,"OpenSecrets link revealed that this was the incorrect EIN/match: 
https://www.opensecrets.org/outside-spending/political-nonprofits/summary?id=900648831",2026-08-07
Freedom Path,4,414474789,Path To Freedom Project,3,88.76,,,,manual,0,"OpenSecrets link revealed that this was the incorrect EIN/match: 
https://www.opensecrets.org/outside-spending/political-nonprofits/summary?id=900648831",2026-08-07
Freedom Path,4,874029399,Paths To Freedom,3,84.51,874029399,PATHS TO FREEDOM,paths to freedom,manual,0,"OpenSecrets link revealed that this was the incorrect EIN/match: 
https://www.opensecrets.org/outside-spending/political-nonprofits/summary?id=900648831",2026-08-07
Freedom Path,4,812109011,Texas Freedoms Path Inc,3,83.03,812109011,Texas Freedoms Path,texas freedoms path,manual,0,"OpenSecrets link revealed that this was the incorrect EIN/match: 
https://www.opensecrets.org/outside-spending/political-nonprofits/summary?id=900648831",2026-08-07
Freedom Path,4,414932806,Freedom Path Veteran Housing Inc,3,81.17,,,,manual,0,"OpenSecrets link revealed that this was the incorrect EIN/match: 
https://www.opensecrets.org/outside-spending/political-nonprofits/summary?id=900648831",2026-08-07
Freedom Path,4,852676264,Sure Path To Freedom Now Cdc,3,74.77,,,,manual,0,"OpenSecrets link revealed that this was the incorrect EIN/match: 
https://www.opensecrets.org/outside-spending/political-nonprofits/summary?id=900648831",2026-08-07
Freedom Vote,4,273004397,Freedom Vote Inc,4,106.78,,,,manual,0,"OpenSecrets link revealed that this was the incorrect EIN/match: 
https://www.opensecrets.org/outside-spending/political-nonprofits/summary?id=900648831",2026-08-07
Freedom's Future Fund,4,874598460,Freedom's Future Fund Inc,4,105.14,874598460,FREEDOM'S FUTURE FUND INC,freedom s future fund,auto - reviewed,1,"Exact matches, and only match identified.",2026-08-07
Freedom's Watch,4,260540871,Freedoms Watch,4,106.66,,,,manual,1,"This is the most likely match given the name and org type, but it likely does not exist in our database because it is too old",2026-08-07
Freedom's Watch,4,521948015,Freedom Watch Inc,3,88.53,521948015,FREEDOM WATCH INC,freedom watch,manual,0,Too different from search string,2026-08-07
Freedom's Watch,4,852577501,Freedom Watch Usa Inc,3,80.25,852577501,AMERICAS SHERIFF INC,americas sheriff,manual,0,Too different from search string,2026-08-07
Freedom's Watch,4,812617766,Freedom Watch International Inc,3,80.25,,,,manual,0,Too different from search string,2026-08-07
Freedom's Watch,4,274667697,Human Rights Watch For Lao Religious Freedom,3,62.67,,,,manual,0,Too different from search string,2026-08-07
Friends of the Earth Action,4,,,,,237420660,FRIENDS OF THE EARTH,friends earth,manual,1,"OpenSecrets link revealed that this was the correct EIN: 
https://www.opensecrets.org/outside-spending/political-nonprofits/summary?id=237420660",2026-08-07
Friends of the Earth Action,4,132644641,Friends Of The Earth-action-inc,4,117.99,132644641,FRIENDS OF THE EARTH (ACTION) INC,friends earth action,manual,0,"OpenSecrets link revealed that this was the incorrect EIN/match: 
https://www.opensecrets.org/outside-spending/political-nonprofits/summary?id=237420660",2026-08-07
Fuels America,6,460991009,Fuels America,4,102.99,,,,manual,1,"OpenSecrets link revealed that this was the correct EIN: 
https://www.opensecrets.org/outside-spending/political-nonprofits/summary?id=460991009
However, it only has two paper filings in the IRS990 search, which is likely why it doesn't show up in our database:
https://apps.irs.gov/pub/epostcard/cor/460991009_201606_990O_2017061914531929.pdf",2026-08-07
Fuels America,6,431623643,The Clean Fuels Alliance America,6,76.53,431623643,CLEAN FUELS ALLIANCE AMERICA,clean fuels alliance america,manual,0,"OpenSecrets link revealed that this was the incorrect EIN/match: 
https://www.opensecrets.org/outside-spending/political-nonprofits/summary?id=460991009",2026-08-07
Fuels America,6,811596257,Latin America Clean Fuels Association,6,76.53,811596257,LATIN AMERICAN CLEAN FUELS ASSOCIATION,latin american clean fuels association,manual,0,"OpenSecrets link revealed that this was the incorrect EIN/match: 
https://www.opensecrets.org/outside-spending/political-nonprofits/summary?id=460991009",2026-08-07
Fuels America,6,933905664,Americans For Clean Aviation Fuels,4,70.35,933905664,AMERICANS FOR CLEAN AVIATION FUELS,americans clean aviation fuels,manual,0,"OpenSecrets link revealed that this was the incorrect EIN/match: 
https://www.opensecrets.org/outside-spending/political-nonprofits/summary?id=460991009",2026-08-07
Fuels America,6,223117578,American Ref-fuel Preston,3,65.31,,,,manual,0,"OpenSecrets link revealed that this was the incorrect EIN/match: 
https://www.opensecrets.org/outside-spending/political-nonprofits/summary?id=460991009",2026-08-07
Fuels America,6,530115970,American Fuel And Petrochemical Manufacturers,6,59.72,530115970,AMERICAN FUEL AND PETROCHEMICAL,american fuel petrochemical,manual,0,"OpenSecrets link revealed that this was the incorrect EIN/match: 
https://www.opensecrets.org/outside-spending/political-nonprofits/summary?id=460991009",2026-08-07
Fuels America,6,923316884,American Fuel And Petrochemical Initiative,3,59.72,,,,manual,0,"OpenSecrets link revealed that this was the incorrect EIN/match: 
https://www.opensecrets.org/outside-spending/political-nonprofits/summary?id=460991009",2026-08-07
Fuels America,6,526054150,American Chemical Society,3,23.56,526054150,Division of Energy & Fuels of The American Chemical Society,division energy fuels american chemical society,manual,0,"OpenSecrets link revealed that this was the incorrect EIN/match: 
https://www.opensecrets.org/outside-spending/political-nonprofits/summary?id=460991009",2026-08-07
Fund for Economic Growth,4,611579521,Fund For Economic Growth,,136.59,,,,manual,1,"OpenSecrets link revealed that this was the correct EIN: 
https://www.opensecrets.org/outside-spending/political-nonprofits/summary?id=611579521
However, it only has two paper filings in the IRS990 search, which is likely why it doesn't show up in our database:
https://apps.irs.gov/pub/epostcard/cor/611579521_201808_990O_2019040216203853.pdf",2026-08-07
Fuse Washington,4,260573960,Fuse Washington,4,131.81,260573960,Fuse Washington,fuse washington,auto - reviewed,1,"Exact matches, and only match identified.",2026-08-07
Georgia Credit Union League,6,580255610,Georgia Credit Union League Inc,6,129.62,,,,manual,1,"OpenSecrets link revealed that this was the correct EIN: 
https://www.opensecrets.org/outside-spending/political-nonprofits/summary?id=580255610
However, it only has two paper filings in the IRS990 search, which is likely why it doesn't show up in our database:
https://apps.irs.gov/pub/epostcard/cor/580255610_201512_990O_2016121514005731.pdf",2026-08-07
Georgia Credit Union League,6,311799057,Georgia Credit Union League Inc,14,123.41,,,,manual,0,"OpenSecrets link revealed that this was the incorrect EIN/match: 
https://www.opensecrets.org/outside-spending/political-nonprofits/summary?id=580255610",2026-08-07
Georgia Credit Union League,6,884108170,Middle Georgia Chapter Of The League Of Southeastern Credit Unio,6,85.84,,,,manual,0,"OpenSecrets link revealed that this was the incorrect EIN/match: 
https://www.opensecrets.org/outside-spending/political-nonprofits/summary?id=580255610",2026-08-07
Georgia Credit Union League,6,920287457,Southeast Georgia Chapter Of The League Of Southeastern Credit Unio,6,85.84,,,,manual,0,"OpenSecrets link revealed that this was the incorrect EIN/match: 
https://www.opensecrets.org/outside-spending/political-nonprofits/summary?id=580255610",2026-08-07
Georgia Credit Union League,6,920237657,South Georgia Chapter Of The League Of Southeastern Credit Unions Inc,6,81.93,920237657,SOUTH GEORGIA CHAPTER OF THE LEAGUE,south georgia chapter league,manual,0,"OpenSecrets link revealed that this was the incorrect EIN/match: 
https://www.opensecrets.org/outside-spending/political-nonprofits/summary?id=580255610",2026-08-07
Georgia Credit Union League,6,363304223,Illinois Credit Union League,6,34.97,,,,manual,0,"OpenSecrets link revealed that this was the incorrect EIN/match: 
https://www.opensecrets.org/outside-spending/political-nonprofits/summary?id=580255610",2026-08-07
Georgia's Not Buying It,4,853056693,Georgia's Not Buying It Inc,,187.38,853056693,GEORGIA'S NOT BUYING IT INC,georgia s not buying it,auto - reviewed,1,"Nearly exact matches, and only match identified.",2026-08-07
Giffords,4,465592432,Giffords,4,95.99,465592432,GIFFORDS,giffords,manual,1,"OpenSecrets link revealed that this was the correct EIN: 
https://www.opensecrets.org/outside-spending/political-nonprofits/summary?id=465592432",2026-08-07
Giffords,4,820704447,Gifford Little League,3,76.49,,,,manual,0,"OpenSecrets link revealed that this was the incorrect EIN/match: 
https://www.opensecrets.org/outside-spending/political-nonprofits/summary?id=465592432",2026-08-07
Giffords,4,943303273,Gifford Foundation,3,72.78,943303273,The Gifford Foundation Inc,gifford foundation,manual,0,"OpenSecrets link revealed that this was the incorrect EIN/match: 
https://www.opensecrets.org/outside-spending/political-nonprofits/summary?id=465592432",2026-08-07
Giffords,4,832984719,Gifford Workforce,2,72.78,832984719,GIFFORD WORKFORCE LLC,gifford workforce,manual,0,"OpenSecrets link revealed that this was the incorrect EIN/match: 
https://www.opensecrets.org/outside-spending/political-nonprofits/summary?id=465592432",2026-08-07
Giffords,4,226924787,Gordon W Gifford & Orene L Gifford Foundation,3,67.13,226924787,GORDON W GIFFORD & ORENE L GIFFORD FOUNDATION,gordon w gifford orene l gifford foundation,manual,0,"OpenSecrets link revealed that this was the incorrect EIN/match: 
https://www.opensecrets.org/outside-spending/political-nonprofits/summary?id=465592432",2026-08-07
Giffords,4,208041146,Gifford Family Foundation,3,65.26,208041146,GIFFORD FAMILY FOUNDATION,gifford family foundation,manual,0,"OpenSecrets link revealed that this was the incorrect EIN/match: 
https://www.opensecrets.org/outside-spending/political-nonprofits/summary?id=465592432",2026-08-07
Giffords,4,526044015,Gifford Memorial Fund,3,65.26,526044015,GIFFORD MEMORIAL TRUST,gifford memorial trust,manual,0,"OpenSecrets link revealed that this was the incorrect EIN/match: 
https://www.opensecrets.org/outside-spending/political-nonprofits/summary?id=465592432",2026-08-07
Giffords,4,476025084,Gifford Foundation Inc,3,65.26,476025084,GIFFORD FOUNDATION INC,gifford foundation,manual,0,"OpenSecrets link revealed that this was the incorrect EIN/match: 
https://www.opensecrets.org/outside-spending/political-nonprofits/summary?id=465592432",2026-08-07
Giffords,4,596495147,Gifford Cemetery Association,13,65.26,,,,manual,0,"OpenSecrets link revealed that this was the incorrect EIN/match: 
https://www.opensecrets.org/outside-spending/political-nonprofits/summary?id=465592432",2026-08-07
Giffords,4,136992402,The Gifford Family Foundation,3,59.78,136992402,The Gifford Family Foundation,gifford family foundation,manual,0,"OpenSecrets link revealed that this was the incorrect EIN/match: 
https://www.opensecrets.org/outside-spending/political-nonprofits/summary?id=465592432",2026-08-07
Giffords,4,30179418,Gifford Medical Center Inc,3,59.14,,,,manual,0,"OpenSecrets link revealed that this was the incorrect EIN/match: 
https://www.opensecrets.org/outside-spending/political-nonprofits/summary?id=465592432",2026-08-07
Giffords,4,460938716,Gifford Health Care Inc,3,59.14,460938716,Gifford Health Care Inc,gifford health care,manual,0,"OpenSecrets link revealed that this was the incorrect EIN/match: 
https://www.opensecrets.org/outside-spending/political-nonprofits/summary?id=465592432",2026-08-07
Giffords,4,463593492,Gifford Retirement Community Inc,3,59.14,463593492,Gifford Retirement Community Inc,gifford retirement community,manual,0,"OpenSecrets link revealed that this was the incorrect EIN/match: 
https://www.opensecrets.org/outside-spending/political-nonprofits/summary?id=465592432",2026-08-07
Giffords,4,42381515,Margaret Gifford School Inc,3,59.14,,,,manual,0,"OpenSecrets link revealed that this was the incorrect EIN/match: 
https://www.opensecrets.org/outside-spending/political-nonprofits/summary?id=465592432",2026-08-07
Giffords,4,150572881,Rosamond Gifford Charitable Corporation,3,59.14,150572881,THE ROSAMOND GIFFORD CHARITABLE,rosamond gifford charitable,manual,0,"OpenSecrets link revealed that this was the incorrect EIN/match: 
https://www.opensecrets.org/outside-spending/political-nonprofits/summary?id=465592432",2026-08-07
Giffords,4,26046966,Adele Gifford Residuary Trust,3,59.14,,,,manual,0,"OpenSecrets link revealed that this was the incorrect EIN/match: 
https://www.opensecrets.org/outside-spending/political-nonprofits/summary?id=465592432",2026-08-07
Giffords,4,237375850,Gifford Rudin Foundation Inc,3,59.14,237375850,GIFFORD RUDIN FOUNDATION,gifford rudin foundation,manual,0,"OpenSecrets link revealed that this was the incorrect EIN/match: 
https://www.opensecrets.org/outside-spending/political-nonprofits/summary?id=465592432",2026-08-07
Giffords,4,462752714,Gifford Pier Club Ltd,7,59.14,462752714,GIFFORD PIER CLUB LTD,gifford pier club ltd,manual,0,"OpenSecrets link revealed that this was the incorrect EIN/match: 
https://www.opensecrets.org/outside-spending/political-nonprofits/summary?id=465592432",2026-08-07
Giffords,4,741977400,Kenneth P Gifford Foundation,3,59.14,741977400,KENNETH P GIFFORD FOUNDATION,kenneth p gifford foundation,manual,0,"OpenSecrets link revealed that this was the incorrect EIN/match: 
https://www.opensecrets.org/outside-spending/political-nonprofits/summary?id=465592432",2026-08-07
Giffords,4,46208360,Hazel Chase Gifford Fund,3,59.14,,,,manual,0,"OpenSecrets link revealed that this was the incorrect EIN/match: 
https://www.opensecrets.org/outside-spending/political-nonprofits/summary?id=465592432",2026-08-07
Giffords,4,363224105,Gifford Park Association Inc,4,59.14,363224105,GIFFORD PARK ASSOCIATION INC,gifford park association,manual,0,"OpenSecrets link revealed that this was the incorrect EIN/match: 
https://www.opensecrets.org/outside-spending/political-nonprofits/summary?id=465592432",2026-08-07
Giffords,4,363983463,Gifford Park Neighborhood Assn,3,59.14,,,,manual,0,"OpenSecrets link revealed that this was the incorrect EIN/match: 
https://www.opensecrets.org/outside-spending/political-nonprofits/summary?id=465592432",2026-08-07
Giffords,4,222690252,Gifford Pinchot Audubon Society,3,59.14,,,,manual,0,"OpenSecrets link revealed that this was the incorrect EIN/match: 
https://www.opensecrets.org/outside-spending/political-nonprofits/summary?id=465592432",2026-08-07
Giffords,4,431088163,Gifford Christian Church Inc,3,59.14,,,,manual,0,"OpenSecrets link revealed that this was the incorrect EIN/match: 
https://www.opensecrets.org/outside-spending/political-nonprofits/summary?id=465592432",2026-08-07
Giffords,4,351403199,Gifford Church Of God,3,59.14,,,,manual,0,"OpenSecrets link revealed that this was the incorrect EIN/match: 
https://www.opensecrets.org/outside-spending/political-nonprofits/summary?id=465592432",2026-08-07
Governing Majority Education Fund,4,850549304,Governing Majority Education Fund,4,191.14,850549304,GOVERNING MAJORITY EDUCATION FUND,governing majority education fund,auto - reviewed,1,"Exact matches, and only match identified.",2026-08-07
Granite State Progress,4,264489456,Granite State Progress,4,136.05,264489456,GRANITE STATE PROGRESS,granite state progress,auto - reviewed,1,"Exact matches, and only match identified.",2026-08-07
Granite State Progress,4,710569634,National Association Of State Scholarship And Grant Programs,3,63.75,710569634,National Association of State Student,national association state student,auto - reviewed,0,Seemingly completely unrelated,2026-08-07
Granite State Progress,4,237517770,Pennsylvania State Grange Of Patrons Of Husbandry,8,25.70,,,,auto - reviewed,0,Seemingly completely unrelated,2026-08-07
Great America Alliance,4,,,,,462767395,RECLAIMING AMERICANS FREEDOM,reclaiming americans freedom,manual,1,"Google search for ""Great America Alliance ein"" revealed the EIN  from this link:
https://apps.irs.gov/pub/epostcard/cor/462767395_201712_990O_2019030816161208.pdf
The associated EIN returned results in the IRS990 search under a different name, but the ""Other Names"" section included Great American Alliance",2026-08-07
Greenpeace,4,521541501,Greenpeace Inc,4,89.35,521541501,GREENPEACE INC,greenpeace,auto - reviewed,1,"Near exact matches, and only match identified.",2026-08-07
Greenpeace,4,990175939,Greenpeace Foundation,3,89.35,990175939,GREENPEACE FOUNDATION,greenpeace foundation,auto - reviewed,0,Wrong org type; Possibly related to verified match,2026-08-07
Greenpeace,4,874205390,Greenteach,3,80.79,,,,auto - reviewed,0,Seemingly completely unrelated,2026-08-07
Greenpeace,4,842167884,Greenpeach Foundation,3,80.42,,,,auto - reviewed,0,Seemingly completely unrelated,2026-08-07
Greenpeace,4,953313195,Greenpeace Fund Inc,3,80.13,953313195,GREENPEACE FUND INC,greenpeace fund,auto - reviewed,0,Seemingly completely unrelated,2026-08-07
Greenpeace,4,203398696,Greenspace Dallas,3,71.48,203398696,Greenspace Dallas,greenspace dallas,auto - reviewed,0,Seemingly completely unrelated,2026-08-07
Greenpeace,4,237419940,Greenspace Inc,3,71.48,237419940,GREENSPACE INC,greenspace,auto - reviewed,0,Seemingly completely unrelated,2026-08-07
Greenpeace,4,851747011,Greenpeas Inc,3,69.50,,,,auto - reviewed,0,Seemingly completely unrelated,2026-08-07
Greenpeace,4,522141752,Greenspace Ncr Inc,3,64.10,,,,auto - reviewed,0,Seemingly completely unrelated,2026-08-07
Greenpeace,4,993807259,Coastal Greenspace Guardians,3,64.10,,,,auto - reviewed,0,Seemingly completely unrelated,2026-08-07
Greenpeace,4,883829374,Concord Greenspace Coalition,3,64.10,,,,auto - reviewed,0,Seemingly completely unrelated,2026-08-07
Greenpeace,4,311374344,Northside Greenspace Incorporated,3,64.10,,,,auto - reviewed,0,Seemingly completely unrelated,2026-08-07
Greenpeace,4,882432768,Mason Brook Greenspace,3,64.10,,,,auto - reviewed,0,Seemingly completely unrelated,2026-08-07
Greenpeace,4,822980233,Memphis Greenspace Inc,3,64.10,,,,auto - reviewed,0,Seemingly completely unrelated,2026-08-07
Greenpeace,4,392093692,Public Greenspace Initiative,3,64.10,,,,auto - reviewed,0,Seemingly completely unrelated,2026-08-07
Greenpeace,4,932958062,Temple Greenspace Project,3,64.10,,,,auto - reviewed,0,Seemingly completely unrelated,2026-08-07
Greenpeace,4,43021928,Brookline Greenspace Alliance Inc,3,58.10,,,,auto - reviewed,0,Seemingly completely unrelated,2026-08-07
Greenpeace,4,844605021,Colonial Beach Greenspace Inc,3,58.10,,,,auto - reviewed,0,Seemingly completely unrelated,2026-08-07
Greenpeace,4,993693759,Greenspace Water Alliance Inc,3,58.10,,,,auto - reviewed,0,Seemingly completely unrelated,2026-08-07
Greenpeace,4,883259575,Hidden Hills Greenspace Inc,3,58.10,,,,auto - reviewed,0,Seemingly completely unrelated,2026-08-07
Greenpeace,4,260723484,Niagara Greenspace Consortium Inc,3,58.10,,,,auto - reviewed,0,Seemingly completely unrelated,2026-08-07
Greenpeace,4,203566361,Manlius Greenspace Coalition,3,56.94,,,,auto - reviewed,0,Seemingly completely unrelated,2026-08-07
Greenpeace,4,760685448,Willow Waterhole Greenspace Conservancy Inc,3,53.13,760685448,Willow Waterhole Greenspace Conservancy,willow waterhole greenspace conservancy,auto - reviewed,0,Seemingly completely unrelated,2026-08-07
Greenpeace,4,770219622,Greenspace The Cambria Land Trust,3,53.13,770219622,GREENSPACE - THE CAMBRIA LAND TRUST,greenspace cambria land trust,auto - reviewed,0,Seemingly completely unrelated,2026-08-07
Greenpeace,4,412890217,Francisville Garden And Greenspace Collective,3,53.13,,,,auto - reviewed,0,Seemingly completely unrelated,2026-08-07
Gun Owners of America,4,521256643,Gun Owners Of America Inc,4,113.74,521256643,GUN OWNERS OF AMERICA INC,gun owners america,manual,1,"OpenSecrets link revealed that this was the correct EIN: 
https://www.opensecrets.org/outside-spending/political-nonprofits/summary?id=521256643",2026-08-07
Gun Owners of America,4,815196966,Gun Owners Of America Ny Inc,4,104.78,815196966,GUN OWNERS OF AMERICA NY INC,gun owners america ny,manual,0,"OpenSecrets link revealed that this was the incorrect EIN/match: 
https://www.opensecrets.org/outside-spending/political-nonprofits/summary?id=521256643",2026-08-07
Health Care for America Now,4,,,,,,,,auto,0,"After googling ""Health Care for America Now EIN"", I found the following filing that includes its EIN (35-3223813):
https://990s.foundationcenter.org/990_pdf_archive/510/510198509/510198509_200912_990.pdf
However, that doesn't seem to show up in the IRS990 search, the Nonprofit explorer, or our database",2026-08-07
Health Care Voter,4,,,,,264486735,SIXTEEN THIRTY FUND,sixteen thirty fund,manual,1,"Another doing business as name of 1630 fund:
https://projects.propublica.org/nonprofits/organizations/264486735/201903169349302565/IRS990ScheduleO",2026-08-07
Health Coalition on Liability & Access,4,521878313,Health Coalition On Liability And Access,6,140.16,521878313,HEALTH COALITION ON LIABILITY AND ACCESS,health coalition on liability access,auto - reviewed,0,"It seems that this org was a 501c4 at some point, and then became a 501c6, or OpenSecret incorrect labeled it as a 501c4",2026-08-07
Health Coalition on Liability & Access,6,521878313,Health Coalition On Liability And Access,6,140.16,521878313,HEALTH COALITION ON LIABILITY AND ACCESS,health coalition on liability access,auto - reviewed,1,"Exact matches, and only match identified.",2026-08-07
Heritage Action For America,4,272244700,Heritage Action For America,4,120.87,272244700,HERITAGE ACTION FOR AMERICA,heritage action america,auto - reviewed,1,"Exact matches, and only match identified.",2026-08-07
Heritage Action for America,4,272244700,Heritage Action For America,4,120.87,272244700,HERITAGE ACTION FOR AMERICA,heritage action america,auto - reviewed,0,duplicate,2026-08-07
Hispanic Leadership Fund,4,262383617,Hispanic Leadership Fund Inc,4,112.80,262383617,The Hispanic Leadership Fund Inc,hispanic leadership fund,manual,1,"OpenSecrets link revealed that this was the correct EIN: 
https://www.opensecrets.org/outside-spending/political-nonprofits/summary?id=262383617",2026-08-07
House Majority Forward,4,834185105,House Majority Forward,4,157.54,834185105,HOUSE MAJORITY FORWARD,house majority forward,manual,1,"OpenSecrets link revealed that this was the correct EIN: 
https://www.opensecrets.org/outside-spending/political-nonprofits/summary?id=834185105",2026-08-07
HSLDA Action,4,541719605,Hslda Action,4,157.46,541719605,HSLDA ACTION,hslda action,auto - reviewed,1,"Exact matches, and only match identified.",2026-08-07
Human Rights Campaign,,521243457,Human Rights Campaign Inc,4,143.87,521243457,HUMAN RIGHTS CAMPAIGN INC,human rights campaign,manual,0,duplicate,2026-08-07
Human Rights Campaign,,521481896,Human Rights Campaign Foundation,3,143.87,521481896,HUMAN RIGHTS CAMPAIGN FOUNDATION,human rights campaign foundation,manual,0,duplicate,2026-08-07
Human Rights Campaign,,934683421,Palestine Human Rights Campaign,3,143.87,,,,manual,0,duplicate,2026-08-07
Human Rights Campaign,,874741889,Human Rights Campaign For Iran,3,131.57,,,,manual,0,duplicate,2026-08-07
Human Rights Campaign,,275305580,Campaign For Human Rights Inc,3,128.79,275305580,CAMPAIGN FOR HUMAN RIGHTS INC,campaign human rights,manual,0,duplicate,2026-08-07
Human Rights Campaign,,832771682,Aging People In Prison Human Rights Campaign,3,109.80,,,,manual,0,duplicate,2026-08-07
Human Rights Campaign,4,521243457,Human Rights Campaign Inc,4,143.87,521243457,HUMAN RIGHTS CAMPAIGN INC,human rights campaign,manual,1,"OpenSecrets link revealed that this was the correct EIN: 
https://www.opensecrets.org/outside-spending/political-nonprofits/summary?id=521243457",2026-08-07
Human Rights Campaign,4,521481896,Human Rights Campaign Foundation,3,143.87,521481896,HUMAN RIGHTS CAMPAIGN FOUNDATION,human rights campaign foundation,manual,0,"OpenSecrets link revealed that this was the incorrect EIN/match: 
https://www.opensecrets.org/outside-spending/political-nonprofits/summary?id=521243457
However, it is possible that this is related 501c3",2026-08-07
Human Rights Campaign,4,934683421,Palestine Human Rights Campaign,3,143.87,,,,manual,0,"OpenSecrets link revealed that this was the incorrect EIN/match: 
https://www.opensecrets.org/outside-spending/political-nonprofits/summary?id=521243457",2026-08-07
Human Rights Campaign,4,874741889,Human Rights Campaign For Iran,3,131.57,,,,manual,0,"OpenSecrets link revealed that this was the incorrect EIN/match: 
https://www.opensecrets.org/outside-spending/political-nonprofits/summary?id=521243457",2026-08-07
Human Rights Campaign,4,275305580,Campaign For Human Rights Inc,3,128.79,275305580,CAMPAIGN FOR HUMAN RIGHTS INC,campaign human rights,manual,0,"OpenSecrets link revealed that this was the incorrect EIN/match: 
https://www.opensecrets.org/outside-spending/political-nonprofits/summary?id=521243457",2026-08-07
Human Rights Campaign,4,832771682,Aging People In Prison Human Rights Campaign,3,109.80,,,,manual,0,"OpenSecrets link revealed that this was the incorrect EIN/match: 
https://www.opensecrets.org/outside-spending/political-nonprofits/summary?id=521243457",2026-08-07
Humane Society Legislative Fund,4,,,,,593786428,Humane World Action Fund,humane world action fund,manual,1,"OpenSecrets link revealed that this was the correct EIN: 
https://www.opensecrets.org/outside-spending/political-nonprofits/summary?id=593786428",2026-08-07
iAmerica Action,4,474489515,Iamerica Action,,152.00,,,,manual,0,"Can't find it in our database, likelye because it has only filed paper filings or 990Ns (searching for the EIN in irs990 search)",2026-08-07
Illinois AFL-CIO,,371280824,Illinois Afl-cio Outreach,4,148.75,371280824,ILLINOIS AFL-CIO OUTREACH,illinois afl cio outreach,manual,0,"The return below indicates that the org should be a 501c5 and not a 501c4 (see Schedule R):
https://projects.propublica.org/nonprofits/display_990/371280824/2011_06_EO%2F37-1280824_990O_201006",2026-08-07
Illinois AFL-CIO,,362388785,American Federation Of Labor & Congress Of Industrial Orgs,5,29.45,362388785,AMERICAN FEDERATION OF LABOR AND,american federation labor,manual,1,"The return below indicates that the org should be a 501c5 and not a 501c4 (see Schedule R):
https://projects.propublica.org/nonprofits/display_990/371280824/2011_06_EO%2F37-1280824_990O_201006",2026-08-07
Illinois Chamber of Commerce,6,370159790,Central Illinois Chamber Of Commerce,6,103.79,370159790,CENTRAL ILLINOIS CHAMBER OF,central illinois chamber,manual,0,"OpenSecrets link revealed that this was the incorrect EIN/match: 
https://www.opensecrets.org/outside-spending/political-nonprofits/summary?id=361254650",2026-08-07
Illinois Chamber of Commerce,6,361254650,Illinois State Chamber Of Commerce,6,102.79,361254650,ILLINOIS CHAMBER OF COMMERCE,illinois chamber commerce,manual,1,"OpenSecrets link revealed that this was the correct EIN: 
https://www.opensecrets.org/outside-spending/political-nonprofits/summary?id=361254650",2026-08-07
Illinois Chamber of Commerce,6,611948438,Illinois Muslim Chamber Of Commerce,3,102.79,611948438,Illinois Muslim Chamber of Commerce,illinois muslim chamber commerce,manual,0,"OpenSecrets link revealed that this was the incorrect EIN/match: 
https://www.opensecrets.org/outside-spending/political-nonprofits/summary?id=361254650",2026-08-07
Illinois Chamber of Commerce,6,872159779,Rosemont Illinois Chamber Of Commerce,6,102.79,872159779,ROSEMONT ILLINOIS CHAMBER OF,rosemont illinois chamber,manual,0,"OpenSecrets link revealed that this was the incorrect EIN/match: 
https://www.opensecrets.org/outside-spending/political-nonprofits/summary?id=361254650",2026-08-07
Illinois Chamber of Commerce,6,510162406,Nashville Illinois Chamber Of Commerce,6,102.79,510162406,NASHVILLE CHAMBER OF COMMERCE,nashville chamber commerce,manual,0,"OpenSecrets link revealed that this was the incorrect EIN/match: 
https://www.opensecrets.org/outside-spending/political-nonprofits/summary?id=361254650",2026-08-07
Illinois Chamber of Commerce,6,930827956,Illinois Valley Chamber Of Commerce,6,102.79,,,,manual,0,"OpenSecrets link revealed that this was the incorrect EIN/match: 
https://www.opensecrets.org/outside-spending/political-nonprofits/summary?id=361254650",2026-08-07
Illinois Chamber of Commerce,6,842554841,Illinois Veterans Chamber Of Commerce,6,102.79,,,,manual,0,"OpenSecrets link revealed that this was the incorrect EIN/match: 
https://www.opensecrets.org/outside-spending/political-nonprofits/summary?id=361254650",2026-08-07
Illinois Chamber of Commerce,6,812614131,Black Chamber Of Commerce Of Illinois,6,98.57,,,,manual,0,"OpenSecrets link revealed that this was the incorrect EIN/match: 
https://www.opensecrets.org/outside-spending/political-nonprofits/summary?id=361254650",2026-08-07
Illinois Chamber of Commerce,6,521150411,Lithuanian Chamber Of Commerce Of Illinois,6,98.57,,,,manual,0,"OpenSecrets link revealed that this was the incorrect EIN/match: 
https://www.opensecrets.org/outside-spending/political-nonprofits/summary?id=361254650",2026-08-07
Illinois Chamber of Commerce,6,352417992,Illinois Hispanic Chamber Of Commerce Foundation,3,94.68,352417992,ILLINOIS HISPANIC CC FOUNDATION,illinois hispanic cc foundation,manual,0,"OpenSecrets link revealed that this was the incorrect EIN/match: 
https://www.opensecrets.org/outside-spending/political-nonprofits/summary?id=361254650",2026-08-07
Illinois Chamber of Commerce,6,474904171,Chicago Illinois Korean Chamber Of Commerce,6,92.48,,,,manual,0,"OpenSecrets link revealed that this was the incorrect EIN/match: 
https://www.opensecrets.org/outside-spending/political-nonprofits/summary?id=361254650",2026-08-07
Illinois Chamber of Commerce,6,852737629,Asian American Chamber Of Commerce Of Illinois,3,91.63,852737629,ASIAN AMERICAN CHAMBER OF COMMERCE OF ILLINOIS,asian american chamber commerce illinois,manual,0,"OpenSecrets link revealed that this was the incorrect EIN/match: 
https://www.opensecrets.org/outside-spending/political-nonprofits/summary?id=361254650",2026-08-07
Illinois Chamber of Commerce,6,366166429,Illinois Association Of Chamber Of Commerce Executives,6,91.63,366166429,Illinois Association Chamber Commerce Executives,illinois association chamber commerce executives,manual,0,"OpenSecrets link revealed that this was the incorrect EIN/match: 
https://www.opensecrets.org/outside-spending/political-nonprofits/summary?id=361254650",2026-08-07
Illinois Chamber of Commerce,6,813433718,Native American Chamber Of Commerce Of Illinois,3,91.63,,,,manual,0,"OpenSecrets link revealed that this was the incorrect EIN/match: 
https://www.opensecrets.org/outside-spending/political-nonprofits/summary?id=361254650",2026-08-07
Illinois Chamber of Commerce,6,363778777,Mexican American Chamber Of Commerce Of Illinois Inc,6,90.74,363778777,MEXICAN AMERICAN CHAMBER OF COMMERC,mexican american chamber commerc,manual,0,"OpenSecrets link revealed that this was the incorrect EIN/match: 
https://www.opensecrets.org/outside-spending/political-nonprofits/summary?id=361254650",2026-08-07
Illinois Chamber of Commerce,6,364478202,Illinois State Black Chamber Of Commerce Inc,6,87.75,364478202,Illinois State Black Chamber of Commerce Inc,illinois state black chamber commerce,manual,0,"OpenSecrets link revealed that this was the incorrect EIN/match: 
https://www.opensecrets.org/outside-spending/political-nonprofits/summary?id=361254650",2026-08-07
Illinois Chamber of Commerce,6,931411601,Illinois Valley Area Chamber Of Commerce Foundation,3,87.75,,,,manual,0,"OpenSecrets link revealed that this was the incorrect EIN/match: 
https://www.opensecrets.org/outside-spending/political-nonprofits/summary?id=361254650",2026-08-07
Illinois Chamber of Commerce,6,364778202,Illinois State Black Chamber Of Commerce Inc,,87.75,,,,manual,0,"OpenSecrets link revealed that this was the incorrect EIN/match: 
https://www.opensecrets.org/outside-spending/political-nonprofits/summary?id=361254650",2026-08-07
Illinois Chamber of Commerce,6,392405423,Illinois Black American Chamber Of Commerce Inc,6,85.84,,,,manual,0,"OpenSecrets link revealed that this was the incorrect EIN/match: 
https://www.opensecrets.org/outside-spending/political-nonprofits/summary?id=361254650",2026-08-07
Illinois Chamber of Commerce,6,361352170,Illinois Valley Area Chamber Of Commerce And Economic Development,6,76.56,361352170,ILLINOIS VALLEY AREA CHAMBER OF COMMERCE,illinois valley area chamber commerce,manual,0,"OpenSecrets link revealed that this was the incorrect EIN/match: 
https://www.opensecrets.org/outside-spending/political-nonprofits/summary?id=361254650",2026-08-07
Illinois Chamber of Commerce,6,370704631,United States Junior Chamber Of Commerce,4,27.46,370704631,UNITED STATES JUNIOR CHAMBER OF COMMERCE,united states junior chamber commerce,manual,0,"OpenSecrets link revealed that this was the incorrect EIN/match: 
https://www.opensecrets.org/outside-spending/political-nonprofits/summary?id=361254650",2026-08-07
Illinois Coalition for Immigrant & Refugee Rights,4,363783551,Illinois Coalition For Immigrant And Refugee Rights,3,115.93,363783551,ILLINOIS COALITION FOR IMMIGRANT,illinois coalition immigrant,manual,1,"Given the exact name match in the IRS990 search, and the exemption type included in the example filing below, this is the correct matching, but it seems that OpenSecret mislabeled the exemption type:
https://apps.irs.gov/pub/epostcard/cor/363783551_202406_990_2025051623436599.pdf",2026-08-07
Illinois Immigrant Action,4,263187498,Illinois Immigrant Action,4,143.15,263187498,ILLINOIS IMMIGRANT ACTION INC,illinois immigrant action,manual,1,"OpenSecrets link revealed that this was the correct EIN: 
https://www.opensecrets.org/outside-spending/political-nonprofits/summary?id=263187498",2026-08-07
Immigrants' List Civic Action,4,352317275,Immigrants List Civic Action Inc,4,175.54,352317275,IMMIGRANTS' LIST CIVIC ACTION,immigrants list civic action,manual,1,"Refers to itself without the INC in Part III of one of its filing:
https://projects.propublica.org/nonprofits/organizations/352317275/202133199349330658/IRS990",2026-08-07
In Union USA Action,4,851983868,In Union Usa Action,4,125.77,851983868,In Union USA Action,in union usa action,auto - reviewed,1,"Exact matches, and only match identified.",2026-08-07
Independent Insurance Agents & Brokers of America,,,,,,135665571,INDEPENDENT INSURANCE AGENTS AND BROKERS,independent insurance agents brokers,manual,1,"OpenSecrets link revealed that this was the correct EIN: 
https://www.opensecrets.org/outside-spending/political-nonprofits/summary?id=135665571",2026-08-07
Independent Insurance Agents & Brokers of America,6,880072961,Nevada Independent Insurance Agents,6,130.10,880072961,NEVADA INDEPENDENT INSURANCE AGENTS,nevada independent insurance agents,manual,0,"OpenSecrets link revealed that this was the incorrect EIN/match: 
https://www.opensecrets.org/outside-spending/political-nonprofits/summary?id=135665571",2026-08-07
Independent Insurance Agents & Brokers of America,6,940489857,Independent Insurance Agents Association,6,130.10,940489857,Independent Insurance Agents & Brokers,independent insurance agents brokers,manual,0,"OpenSecrets link revealed that this was the incorrect EIN/match: 
https://www.opensecrets.org/outside-spending/political-nonprofits/summary?id=135665571",2026-08-07
Independent Insurance Agents & Brokers of America,6,160754800,Independent Insurance Agents Assn,6,130.10,160754800,Independent Insurance Agents' Association of WNY Inc,independent insurance agents association wny,manual,0,"OpenSecrets link revealed that this was the incorrect EIN/match: 
https://www.opensecrets.org/outside-spending/political-nonprofits/summary?id=135665571",2026-08-07
Independent Insurance Agents & Brokers of America,6,356042478,Richmond Independent Insurance Agents,6,130.10,,,,manual,0,"OpenSecrets link revealed that this was the incorrect EIN/match: 
https://www.opensecrets.org/outside-spending/political-nonprofits/summary?id=135665571",2026-08-07
Independent Insurance Agents & Brokers of America,6,741286506,Independent Insurance Agents Of Texas,6,118.98,741286506,INDEPENDENT INSURANCE AGENTS OF TEXAS,independent insurance agents texas,manual,0,"OpenSecrets link revealed that this was the incorrect EIN/match: 
https://www.opensecrets.org/outside-spending/political-nonprofits/summary?id=135665571",2026-08-07
Independent Insurance Agents & Brokers of America,6,371301916,Independent Insurance Agents Of Illinois,6,118.98,371301916,INDEPENDENT INSURANCE AGENTS OF ILLINOIS,independent insurance agents illinois,manual,0,"OpenSecrets link revealed that this was the incorrect EIN/match: 
https://www.opensecrets.org/outside-spending/political-nonprofits/summary?id=135665571",2026-08-07
Independent Insurance Agents & Brokers of America,6,620379523,Independent Insurance Agents Of Tennessee,6,118.98,620379523,INDEPENDENT INSURANCE AGENTS OF TENNESSEE INC,independent insurance agents tennessee,manual,0,"OpenSecrets link revealed that this was the incorrect EIN/match: 
https://www.opensecrets.org/outside-spending/political-nonprofits/summary?id=135665571",2026-08-07
Independent Insurance Agents & Brokers of America,6,420650404,Independent Insurance Agents Of Iowa,6,118.98,420650404,INDEPENDENT INSURANCE AGENTS OF,independent insurance agents,manual,0,"OpenSecrets link revealed that this was the incorrect EIN/match: 
https://www.opensecrets.org/outside-spending/political-nonprofits/summary?id=135665571",2026-08-07
Independent Insurance Agents & Brokers of America,6,390711474,Independent Insurance Agents Of Wisconsin,6,118.98,390711474,INDEPENDENT INSURANCE AGENTS OF,independent insurance agents,manual,0,"OpenSecrets link revealed that this was the incorrect EIN/match: 
https://www.opensecrets.org/outside-spending/political-nonprofits/summary?id=135665571",2026-08-07
Independent Insurance Agents & Brokers of America,6,221151205,Independent Insurance Agents Of Nj,6,118.98,221151205,Independent Insurance Agents of NJ,independent insurance agents nj,manual,0,"OpenSecrets link revealed that this was the incorrect EIN/match: 
https://www.opensecrets.org/outside-spending/political-nonprofits/summary?id=135665571",2026-08-07
Independent Insurance Agents & Brokers of America,6,710038990,Independent Insurance Agents Of Arkansas,6,118.98,710038990,INDEPENDENT INSURANCE AGENTS OF AR,independent insurance agents ar,manual,0,"OpenSecrets link revealed that this was the incorrect EIN/match: 
https://www.opensecrets.org/outside-spending/political-nonprofits/summary?id=135665571",2026-08-07
Independent Insurance Agents & Brokers of America,6,630001943,Alabama Independent Insurance Agents Incorporated,6,118.98,630001943,ALABAMA INDEPENDENT INSURANCE,alabama independent insurance,manual,0,"OpenSecrets link revealed that this was the incorrect EIN/match: 
https://www.opensecrets.org/outside-spending/political-nonprofits/summary?id=135665571",2026-08-07
Independent Insurance Agents & Brokers of America,6,411757272,Minnesota Independent Insurance Agents & Brokers,6,118.98,411757272,MINNESOTA INDEPENDENT INSURANCE AGENTS &,minnesota independent insurance agents,manual,0,"OpenSecrets link revealed that this was the incorrect EIN/match: 
https://www.opensecrets.org/outside-spending/political-nonprofits/summary?id=135665571",2026-08-07
Independent Insurance Agents & Brokers of America,6,640204857,Independent Insurance Agents Of Mississippi,6,118.98,640204857,INDEPENDENT INSURANCE AGENTS,independent insurance agents,manual,0,"OpenSecrets link revealed that this was the incorrect EIN/match: 
https://www.opensecrets.org/outside-spending/political-nonprofits/summary?id=135665571",2026-08-07
Independent Insurance Agents & Brokers of America,6,470248193,Independent Insurance Agents Of Nebraska,6,118.98,470248193,INDEPENDENT INSURANCE AGENTS OF,independent insurance agents,manual,0,"OpenSecrets link revealed that this was the incorrect EIN/match: 
https://www.opensecrets.org/outside-spending/political-nonprofits/summary?id=135665571",2026-08-07
Independent Insurance Agents & Brokers of America,6,750224100,Independent Insurance Agents Of Dallas,6,118.98,750224100,Independent Insurance Agents of Dallas,independent insurance agents dallas,manual,0,"OpenSecrets link revealed that this was the incorrect EIN/match: 
https://www.opensecrets.org/outside-spending/political-nonprofits/summary?id=135665571",2026-08-07
Independent Insurance Agents & Brokers of America,6,930241594,Independent Insurance Agents Of Oregon,6,118.98,930241594,INDEPENDENT INSURANCE AGENTS AND BROKERS,independent insurance agents brokers,manual,0,"OpenSecrets link revealed that this was the incorrect EIN/match: 
https://www.opensecrets.org/outside-spending/political-nonprofits/summary?id=135665571",2026-08-07
Independent Insurance Agents & Brokers of America,6,916033271,Independent Insurance Agents Of Washington,6,118.98,916033271,Independent Insurance Agents & Broker,independent insurance agents broker,manual,0,"OpenSecrets link revealed that this was the incorrect EIN/match: 
https://www.opensecrets.org/outside-spending/political-nonprofits/summary?id=135665571",2026-08-07
Independent Insurance Agents & Brokers of America,6,990265328,Hawaii Independent Insurance Agents Association,6,118.98,990265328,HAWAII INDEPENDENT INSURANCE AGENTS ASSO,hawaii independent insurance agents asso,manual,0,"OpenSecrets link revealed that this was the incorrect EIN/match: 
https://www.opensecrets.org/outside-spending/political-nonprofits/summary?id=135665571",2026-08-07
Independent Insurance Agents & Brokers of America,6,741469837,Independent Insurance Agents Of Austin,6,118.98,741469837,INDEPENDENT INSURANCE AGENTS,independent insurance agents,manual,0,"OpenSecrets link revealed that this was the incorrect EIN/match: 
https://www.opensecrets.org/outside-spending/political-nonprofits/summary?id=135665571",2026-08-07
Independent Insurance Agents & Brokers of America,6,756035761,Independent Insurance Agents Of Amarillo,6,118.98,,,,manual,0,"OpenSecrets link revealed that this was the incorrect EIN/match: 
https://www.opensecrets.org/outside-spending/political-nonprofits/summary?id=135665571",2026-08-07
Independent Insurance Agents & Brokers of America,6,237111780,Independent Insurance Agents Of Tyler,6,118.98,,,,manual,0,"OpenSecrets link revealed that this was the incorrect EIN/match: 
https://www.opensecrets.org/outside-spending/political-nonprofits/summary?id=135665571",2026-08-07
Independent Insurance Agents & Brokers of America,6,470346003,Independent Insurance Agents Of Omaha,6,118.98,,,,manual,0,"OpenSecrets link revealed that this was the incorrect EIN/match: 
https://www.opensecrets.org/outside-spending/political-nonprofits/summary?id=135665571",2026-08-07
Independent Insurance Agents & Brokers of America,6,205886251,Independent Insurance Agents Oftexas Foundation,3,113.24,,,,manual,0,"OpenSecrets link revealed that this was the incorrect EIN/match: 
https://www.opensecrets.org/outside-spending/political-nonprofits/summary?id=135665571",2026-08-07
Independent Insurance Agents & Brokers of America,6,580254843,Independent Insurance Agents Of Georgia Inc,6,109.60,580254843,Independent Insurance Agents of GA Inc,independent insurance agents ga,manual,0,"OpenSecrets link revealed that this was the incorrect EIN/match: 
https://www.opensecrets.org/outside-spending/political-nonprofits/summary?id=135665571",2026-08-07
Independent Veterans of America,4,993614737,Independent Veterans Of America Action,4,96.25,993614737,Independent Veterans of America Action,independent veterans america action,auto - reviewed,1,"Exact matches, and only match identified.",2026-08-07
Independent Women's Voice,4,364534086,Independent Womens Voice,4,125.72,364534086,Independent Women's Voice,independent women s voice,manual,1,"OpenSecrets link revealed that this was the correct EIN: 
https://www.opensecrets.org/outside-spending/political-nonprofits/summary?id=364534086",2026-08-07
Indiana Chamber of Commerce,6,350411610,Indiana Chamber Of Commerce Inc,6,103.83,350411610,Indiana Chamber of Commerce Inc,indiana chamber commerce,manual,1,"OpenSecrets link revealed that this was the correct EIN: 
https://www.opensecrets.org/outside-spending/political-nonprofits/summary?id=350411610",2026-08-07
Indiana Chamber of Commerce,6,250567060,Indiana County Chamber Of Commerce,6,103.83,250567060,INDIANA COUNTY CHAMBER OF COMMERCE,indiana county chamber commerce,manual,0,"OpenSecrets link revealed that this was the incorrect EIN/match: 
https://www.opensecrets.org/outside-spending/political-nonprofits/summary?id=350411610",2026-08-07
Indiana Chamber of Commerce,6,812975927,Indiana Rainbow Chamber Of Commerce,6,103.83,,,,manual,0,"OpenSecrets link revealed that this was the incorrect EIN/match: 
https://www.opensecrets.org/outside-spending/political-nonprofits/summary?id=350411610",2026-08-07
Indiana Chamber of Commerce,6,420890125,Indianola Chamber Of Commerce,6,102.30,420890125,INDIANOLA CHAMBER OF COMMERCE,indianola chamber commerce,manual,0,"OpenSecrets link revealed that this was the incorrect EIN/match: 
https://www.opensecrets.org/outside-spending/political-nonprofits/summary?id=350411610",2026-08-07
Indiana Chamber of Commerce,6,231916950,Indian Valley Chamber Of Commerce,6,97.83,231916950,INDIAN VALLEY CHAMBER OF COMMERCE,indian valley chamber commerce,manual,0,"OpenSecrets link revealed that this was the incorrect EIN/match: 
https://www.opensecrets.org/outside-spending/political-nonprofits/summary?id=350411610",2026-08-07
Indiana Chamber of Commerce,6,731687852,Indian Wells Chamber Of Commerce,,97.83,,,,manual,0,"OpenSecrets link revealed that this was the incorrect EIN/match: 
https://www.opensecrets.org/outside-spending/political-nonprofits/summary?id=350411610",2026-08-07
Indiana Chamber of Commerce,6,942745953,Indian Valley Chamber Of Commerce,6,97.83,,,,manual,0,"OpenSecrets link revealed that this was the incorrect EIN/match: 
https://www.opensecrets.org/outside-spending/political-nonprofits/summary?id=350411610",2026-08-07
Indiana Chamber of Commerce,6,993775617,Utah Indian Chamber Of Commerce,6,97.83,,,,manual,0,"OpenSecrets link revealed that this was the incorrect EIN/match: 
https://www.opensecrets.org/outside-spending/political-nonprofits/summary?id=350411610",2026-08-07
Indiana Chamber of Commerce,6,270788667,India Chamber Of Commerce,,97.80,,,,manual,0,"OpenSecrets link revealed that this was the incorrect EIN/match: 
https://www.opensecrets.org/outside-spending/political-nonprofits/summary?id=350411610",2026-08-07
Indiana Chamber of Commerce,6,640273846,Chamber Of Commerce Of Indianola,6,97.42,640273846,CHAMBER OF COMMERCE OF INDIANOLA,chamber commerce indianola,manual,0,"OpenSecrets link revealed that this was the incorrect EIN/match: 
https://www.opensecrets.org/outside-spending/political-nonprofits/summary?id=350411610",2026-08-07
Indiana Chamber of Commerce,6,351097792,Rush County Indiana Chamber Of Commerce,6,95.65,351097792,Rush County Indiana Chamber of Commerce,rush county indiana chamber commerce,manual,0,"OpenSecrets link revealed that this was the incorrect EIN/match: 
https://www.opensecrets.org/outside-spending/political-nonprofits/summary?id=350411610",2026-08-07
Indiana Chamber of Commerce,6,842265966,Indian American Chamber Of Commerce,6,93.32,,,,manual,0,"OpenSecrets link revealed that this was the incorrect EIN/match: 
https://www.opensecrets.org/outside-spending/political-nonprofits/summary?id=350411610",2026-08-07
Indiana Chamber of Commerce,6,311010164,Indiana State Chamber Of Commerce Foundation Inc,3,92.09,311010164,Indiana Chamber of Commerce Foundation Inc,indiana chamber commerce foundation,manual,0,"OpenSecrets link revealed that this was the incorrect EIN/match: 
https://www.opensecrets.org/outside-spending/political-nonprofits/summary?id=350411610",2026-08-07
Indiana Chamber of Commerce,6,593697193,Indian-american Chamber Of Commerce Inc,6,90.11,593697193,INDIAN-AMERICAN CHAMBER OF COMMERCE INC,indian american chamber commerce,manual,0,"OpenSecrets link revealed that this was the incorrect EIN/match: 
https://www.opensecrets.org/outside-spending/political-nonprofits/summary?id=350411610",2026-08-07
Indiana Chamber of Commerce,6,344469508,Indian Lake Chamber Of Commerce Inc,6,90.11,344469508,INDIAN LAKE CHAMBER OF COMMERCE INC,indian lake chamber commerce,manual,0,"OpenSecrets link revealed that this was the incorrect EIN/match: 
https://www.opensecrets.org/outside-spending/political-nonprofits/summary?id=350411610",2026-08-07
Indiana Chamber of Commerce,6,411563420,Minnesota American Indian Chamber Of Commerce,3,90.11,411563420,Minnesota American Indian Chamber of,minnesota american indian chamber,manual,0,"OpenSecrets link revealed that this was the incorrect EIN/match: 
https://www.opensecrets.org/outside-spending/political-nonprofits/summary?id=350411610",2026-08-07
Indiana Chamber of Commerce,6,992386658,North American Indian Chamber Of Commerce,6,90.11,992386658,NORTH AMERICAN INDIAN CHAMBER OF COMMERCE,north american indian chamber commerce,manual,0,"OpenSecrets link revealed that this was the incorrect EIN/match: 
https://www.opensecrets.org/outside-spending/political-nonprofits/summary?id=350411610",2026-08-07
Indiana Chamber of Commerce,6,841280207,Rocky Mountain Indian Chamber Of Commerce,6,90.11,841280207,ROCKY MOUNTAIN INDIAN CHAMBER OF COMMERCE,rocky mountain indian chamber commerce,manual,0,"OpenSecrets link revealed that this was the incorrect EIN/match: 
https://www.opensecrets.org/outside-spending/political-nonprofits/summary?id=350411610",2026-08-07
Indiana Chamber of Commerce,6,842798364,Indian American International Chamber Of Commerce,6,90.11,842798364,INDIAN AMERICAN INTERNATIONAL CHAMBER OF COMMERCE,indian american international chamber commerce,manual,0,"OpenSecrets link revealed that this was the incorrect EIN/match: 
https://www.opensecrets.org/outside-spending/political-nonprofits/summary?id=350411610",2026-08-07
Indiana Chamber of Commerce,6,223343220,Asian Indian Chamber Of Commerce Inc,6,90.11,223343220,ASIAN INDIAN CHAMBER OF COMMERCE,asian indian chamber commerce,manual,0,"OpenSecrets link revealed that this was the incorrect EIN/match: 
https://www.opensecrets.org/outside-spending/political-nonprofits/summary?id=350411610",2026-08-07
Indiana Chamber of Commerce,6,431743327,Indian Point Chamber Of Commerce Inc,6,90.11,431743327,Indian Point Chamber of Commerce,indian point chamber commerce,manual,0,"OpenSecrets link revealed that this was the incorrect EIN/match: 
https://www.opensecrets.org/outside-spending/political-nonprofits/summary?id=350411610",2026-08-07
Indiana Chamber of Commerce,6,200848187,Indian-us Chamber Of Commerce Incorporated,6,90.11,,,,manual,0,"OpenSecrets link revealed that this was the incorrect EIN/match: 
https://www.opensecrets.org/outside-spending/political-nonprofits/summary?id=350411610",2026-08-07
Indiana Chamber of Commerce,6,923941779,American Indian Chamber Of Commerce Michigan,6,90.11,,,,manual,0,"OpenSecrets link revealed that this was the incorrect EIN/match: 
https://www.opensecrets.org/outside-spending/political-nonprofits/summary?id=350411610",2026-08-07
Indiana Chamber of Commerce,6,461228066,South Indian Us Chamber Of Commerce,3,90.11,,,,manual,0,"OpenSecrets link revealed that this was the incorrect EIN/match: 
https://www.opensecrets.org/outside-spending/political-nonprofits/summary?id=350411610",2026-08-07
Indiana Chamber of Commerce,6,300921926,Us India Chamber Of Commerce,6,89.42,300921926,US INDIA CHAMBER OF COMMERCE,us india chamber commerce,manual,0,"OpenSecrets link revealed that this was the incorrect EIN/match: 
https://www.opensecrets.org/outside-spending/political-nonprofits/summary?id=350411610",2026-08-07
Indivisible Kentucky,4,,,,,,,,auto,1,"Although it shows up in the IRS990 search, it only has three 990N filings, which is likely why it doesn't show up in our database",2026-08-07
Indivisible Project,4,814944067,Indivisible Project,4,122.07,814944067,INDIVISIBLE PROJECT,indivisible project,auto - reviewed,1,"Exact matches, and only match identified.",2026-08-07
Iowa Citizens for Community Improvement Action,4,453279620,Iowa Citizens For Community Improvement Action Fund,4,158.41,453279620,IOWA CITIZENS FOR COMMUNITY IMPROVEMENT,iowa citizens community improvement,manual,1,"OpenSecrets link revealed that this was the correct EIN: 
https://www.opensecrets.org/outside-spending/political-nonprofits/summary?id=453279620",2026-08-07
Iowa Credit Union League,6,830494970,Iowa Credit Union League,6,143.91,830494970,IOWA CREDIT UNION LEAGUE,iowa credit union league,manual,1,"OpenSecrets link revealed that this was the correct EIN: 
https://www.opensecrets.org/outside-spending/political-nonprofits/summary?id=830494970",2026-08-07
Issue One Action,4,460792299,Issue One Action,4,151.46,460792299,ISSUE ONE ACTION,issue one action,auto - reviewed,1,"Exact matches, and only match identified.",2026-08-07
J Street,4,261507828,J Street,4,93.92,261507828,J STREET,j street,manual,1,"OpenSecrets link revealed that this was the correct EIN: 
https://www.opensecrets.org/outside-spending/political-nonprofits/summary?id=261507828",2026-08-07
J Street,4,204561025,J Street Cup Inc,3,76.32,204561025,J STREET CUP,j street cup,manual,0,"OpenSecrets link revealed that this was the incorrect EIN/match: 
https://www.opensecrets.org/outside-spending/political-nonprofits/summary?id=261507828",2026-08-07
J Street,4,202777557,J Street Education Fund Inc,3,69.78,202777557,J STREET EDUCATION FUND INC,j street education fund,manual,0,"OpenSecrets link revealed that this was the incorrect EIN/match: 
https://www.opensecrets.org/outside-spending/political-nonprofits/summary?id=261507828",2026-08-07
J Street,4,141916129,Main Street Burlington N J,3,69.78,141916129,MAIN STREET BURLINGTON NJ,main street burlington nj,manual,0,"OpenSecrets link revealed that this was the incorrect EIN/match: 
https://www.opensecrets.org/outside-spending/political-nonprofits/summary?id=261507828",2026-08-07
J Street,4,260682440,Susan J Streeter Scholarship Fund,3,57.83,,,,manual,0,"OpenSecrets link revealed that this was the incorrect EIN/match: 
https://www.opensecrets.org/outside-spending/political-nonprofits/summary?id=261507828",2026-08-07
J Street,4,455441135,Memphis Street Academy Charter School At J P Jones,3,51.98,455441135,Memphis Street Academy Charter School,memphis street academy charter school,manual,0,"OpenSecrets link revealed that this was the incorrect EIN/match: 
https://www.opensecrets.org/outside-spending/political-nonprofits/summary?id=261507828",2026-08-07
J Street,4,946074476,Alfred J Strei Trust U W,3,51.07,946074476,ALFRED J STREI TRUST,alfred j strei trust,manual,0,"OpenSecrets link revealed that this was the incorrect EIN/match: 
https://www.opensecrets.org/outside-spending/political-nonprofits/summary?id=261507828",2026-08-07
J Street,4,415359231,West Street J T Barber High School Alumni Association Inc,3,48.87,,,,manual,0,"OpenSecrets link revealed that this was the incorrect EIN/match: 
https://www.opensecrets.org/outside-spending/political-nonprofits/summary?id=261507828",2026-08-07
J Street,4,223526089,J William And Kathleen M Strott Family Foundation Inc,3,43.08,223526089,STROTT FAMILY FDN-DIMA,strott family fdn dima,manual,0,"OpenSecrets link revealed that this was the incorrect EIN/match: 
https://www.opensecrets.org/outside-spending/political-nonprofits/summary?id=261507828",2026-08-07
J Street,4,223550693,Sunrise Field And Stream Club Of Metuchen N J,7,43.08,,,,manual,0,"OpenSecrets link revealed that this was the incorrect EIN/match: 
https://www.opensecrets.org/outside-spending/political-nonprofits/summary?id=261507828",2026-08-07
J Street,4,610734695,Fifth Street Highrise Inc,3,19.06,610734695,FIFTH STREET HIGHRISE INC,fifth street highrise,manual,0,"OpenSecrets link revealed that this was the incorrect EIN/match: 
https://www.opensecrets.org/outside-spending/political-nonprofits/summary?id=261507828",2026-08-07
J Street,4,454895207,1026 East Center Street Llc,3,17.90,454895207,1026 EAST CENTER STREET LLC,1026 east center street,manual,0,"OpenSecrets link revealed that this was the incorrect EIN/match: 
https://www.opensecrets.org/outside-spending/political-nonprofits/summary?id=261507828",2026-08-07
J Street,4,137425331,King Street Charitable Tr,3,16.87,137425331,The King Street Charitable Trust,king street charitable trust,manual,0,"OpenSecrets link revealed that this was the incorrect EIN/match: 
https://www.opensecrets.org/outside-spending/political-nonprofits/summary?id=261507828",2026-08-07
J Street,4,813646338,Bright Beginnings On Market Street Llc,3,16.87,813646338,BRIGHT BEGINNINGS ON MARKET ST LLC,bright beginnings on market st,manual,0,"OpenSecrets link revealed that this was the incorrect EIN/match: 
https://www.opensecrets.org/outside-spending/political-nonprofits/summary?id=261507828",2026-08-07
J Street,4,481234071,J I T A Inc,3,15.13,,,,manual,0,"OpenSecrets link revealed that this was the incorrect EIN/match: 
https://www.opensecrets.org/outside-spending/political-nonprofits/summary?id=261507828",2026-08-07
Jewish Democratic Council of America,4,821919054,Jewish Democratic Council Of America,4,151.46,821919054,JEWISH DEMOCRATIC COUNCIL OF AMERICA,jewish democratic council america,auto - reviewed,1,"Exact matches, and only match identified.",2026-08-07
Jobs With Justice,4,450518844,Jobs With Justice,4,145.67,450518844,Jobs with Justice,jobs with justice,auto - reviewed,1,"Exact matches, and only match identified.",2026-08-07
Jobs With Justice,4,431864844,Missouri Jobs With Justice,3,132.03,431864844,MISSOURI JOBS WITH JUSTICE,missouri jobs with justice,auto - reviewed,0,Potentially a chapter of the verified match,2026-08-07
Jobs With Justice,4,800111994,Chicago Jobs With Justice,3,132.03,800111994,CHICAGO JOBS WITH JUSTICE,chicago jobs with justice,auto - reviewed,0,Potentially a chapter of the verified match,2026-08-07
Jobs With Justice,4,341850535,Cleveland Jobs With Justice,3,132.03,341850535,CLEVELAND JOBS WITH JUSTICE,cleveland jobs with justice,auto - reviewed,0,Potentially a chapter of the verified match,2026-08-07
Jobs With Justice,4,611309181,Kentucky Jobs With Justice,3,132.03,,,,auto - reviewed,0,Potentially a chapter of the verified match,2026-08-07
Jobs With Justice,4,931120523,Portland Jobs With Justice,4,132.03,931120523,PORTLAND JOBS WITH JUSTICE,portland jobs with justice,auto - reviewed,0,Potentially a chapter of the verified match,2026-08-07
Jobs With Justice,4,233006952,Philadelphia Area Jobs With Justice,3,128.09,233006952,PHILADELPHIA AREA JOBS WITH JUSTICE,philadelphia area jobs with justice,auto - reviewed,0,Potentially a chapter of the verified match,2026-08-07
Jobs With Justice,4,260038632,Jobs With Justice Education Fund,3,125.86,260038632,JOBS WITH JUSTICE EDUCATION FUND,jobs with justice education fund,auto - reviewed,0,Potentially a chapter of the verified match or a related 501c3,2026-08-07
Jobs With Justice,4,260901792,Jobs With Justice Education Fund,3,125.86,260901792,PORTLAND JOBS WITH JUSTICE EDUCATION,portland jobs with justice education,auto - reviewed,0,Potentially a chapter of the verified match or a related 501c3,2026-08-07
Jobs With Justice,4,202794280,Jobs With Justice Education Fund,3,123.82,202794280,JOBS WITH JUSTICE EDUCATION FUND,jobs with justice education fund,auto - reviewed,0,Potentially a chapter of the verified match or a related 501c3,2026-08-07
Jobs With Justice,4,270085901,Jobs With Justice Education Fund,3,123.82,270085901,LONG ISLAND JOBS WITH JUSTICE INC,long island jobs with justice,auto - reviewed,0,Potentially a chapter of the verified match or a related 501c3,2026-08-07
Jobs With Justice,4,352196064,Jobs With Justice Education Fund,3,123.82,,,,auto - reviewed,0,Potentially a chapter of the verified match or a related 501c3,2026-08-07
Jobs With Justice,4,201803272,Jobs With Justice Education Fund,3,123.82,201803272,JOBS WITH JUSTICE EDUCATION FUND,jobs with justice education fund,auto - reviewed,0,Potentially a chapter of the verified match or a related 501c3,2026-08-07
Jobs With Justice,4,200163176,Jobs With Justice Inc,3,122.53,200163176,Jobs With Justice Inc,jobs with justice,auto - reviewed,0,Potentially a chapter of the verified match or a related 501c3,2026-08-07
Jobs With Justice,4,270565468,Jobs With Justice Education Fund,3,121.95,270565468,FOOD AND MEDICINE - JOBS WITH,food medicine jobs with,auto - reviewed,0,Potentially a chapter of the verified match or a related 501c3,2026-08-07
Jobs With Justice,4,521865575,Jobs With Justice Education Fund,3,120.73,521865575,Jobs with Justice Education Fund,jobs with justice education fund,auto - reviewed,0,Potentially a chapter of the verified match or a related 501c3,2026-08-07
Jobs With Justice,4,522082139,Colorado Jobs With Justice Inc,3,120.73,522082139,COLORADO JOBS WITH JUSTICE INC,colorado jobs with justice,auto - reviewed,0,Potentially a chapter of the verified match or a related 501c3,2026-08-07
Jobs With Justice,4,711005588,Southern Oregon Jobs With Justice,3,120.73,711005588,SOUTHERN OREGON JOBS WITH JUSTICE,southern oregon jobs with justice,auto - reviewed,0,Potentially a chapter of the verified match or a related 501c3,2026-08-07
Jobs With Justice,4,352578928,Jobs With Justice Ballot Fund,4,120.73,352578928,JOBS WITH JUSTICE BALLOT FUND,jobs with justice ballot fund,auto - reviewed,0,Potentially related to the verified match,2026-08-07
Jobs With Justice,4,201449852,Central Florida Jobs With Justice Corp,3,115.56,201449852,CENTRAL FLORIDA JOBS WITH JUSTICE CORP,central florida jobs with justice,auto - reviewed,0,Potentially a chapter of the verified match or a related 501c3,2026-08-07
Jobs With Justice,4,811374240,North Bay Jobs With Justice,3,112.56,811374240,North Bay Jobs With Justice,north bay jobs with justice,auto - reviewed,0,Potentially a chapter of the verified match or a related 501c3,2026-08-07
Jobs With Justice,4,463985290,Missouri Jobs With Justice Voter Action,4,111.21,463985290,MISSOURI JOBS WITH JUSTICE VOTER ACTION,missouri jobs with justice voter action,auto - reviewed,0,Potentially related to the verified match,2026-08-07
Jobs With Justice,4,811607876,Toledo Area Jobs With Justice Inc,3,111.21,,,,auto - reviewed,0,Potentially a chapter of the verified match,2026-08-07
Jobs With Justice,4,813561658,Massachusetts Jobs With Justice Action Fund Inc,4,103.09,,,,auto - reviewed,0,Potentially a chapter of the verified match,2026-08-07
Jobs With Justice,4,465342315,Texas New Era Center-jobs With Justice,3,103.09,465342315,TEXAS NEW ERA CENTER JOBS WITH JUSTICE,texas new era center jobs with justice,auto - reviewed,0,Potentially a chapter of the verified match,2026-08-07
Jordan Credit Union,,934944761,Jordan Credit Union Foundation,3,124.49,934944761,JORDAN CREDIT UNION FOUNDATION,jordan credit union foundation,manual,1,"Reasonably close match, and it's the only option that comes up in the IRS990 search",2026-08-07
Jordan Credit Union,,870238380,Credit Unions Chartered In The State Of Utah,1,34.51,,,,manual,0,Seemingly completely unrelated,2026-08-07
Judicial Confirmation Network,4,,,,,,,,manual,0,"This name does not show up in the IRS or ProPublica's datasets. 
Although Wikipedia specifically mentions this name, the cited source does not actually include this name in the referenced article. It is possible the article was edited after wikipedia cited it, but as a result we cannot conclude if this has a verifiable match.
https://en.wikipedia.org/wiki/Concord_Fund
Wikipedia's cited source missing the potential match: https://www.theguardian.com/us-news/2023/jun/23/concord-fund-republican-attorneys-general",2026-08-07
Judicial Crisis Network,4,,,,,202303252,The Concord Fund,concord fund,manual,1,"Googling for ""Judicial Confirmation Network EIN"" revealed that the EIN:
https://en.wikipedia.org/wiki/Concord_Fund
Searching the IRS 990 search for the ein (202303252) returned the filings for this org and included this older name.",2026-08-07
Kentucky Opportunity Coalition,4,263722621,Kentucky Opportunity Coalition,4,137.27,263722621,KENTUCKY OPPORTUNITY COALITION INC,kentucky opportunity coalition,manual,1,"OpenSecrets link revealed that this was the correct EIN: 
https://www.opensecrets.org/outside-spending/political-nonprofits/summary?id=263722621",2026-08-08
KRC in Action,4,,,,,831199688,KIWA Action,kiwa action,manual,1,"OpenSecret's name had a direct match in the IRS990 search, but we can see from its filings that our database's name is what they provided:
https://apps.irs.gov/pub/epostcard/cor/831199688_202407_990EO_2025071723552768.pdf",2026-08-08
Latino Victory Project,4,464651149,Latino Victory Project,4,135.61,464651149,LATINO VICTORY PROJECT,latino victory project,manual,1,"OpenSecrets link revealed that this was the correct EIN: 
https://www.opensecrets.org/outside-spending/political-nonprofits/summary?id=464651149",2026-08-08
Leaders Igniting Transformation,4,823151192,Leaders Igniting Transformation Education Fund Inc,3,134.27,823151192,LEADERS IGNITING TRANSFORMATION EDUCATION FUND INC,leaders igniting transformation education fund,manual,0,OpenSecret's indicates that it should be a 501c4 and not a 501c3. It is possible that it is related to the verified match.,2026-08-08
Leaders Igniting Transformation,4,823166802,Leaders Igniting Transformation Action Fund Inc,4,134.27,823166802,LEADERS IGNITING TRANSFORMATION ACTION FUND INC,leaders igniting transformation action fund,auto - reviewed,1,These are more closely matched. It is possible that the two options are related,2026-08-08
League of Conservation Voters,4,521733698,League Of Conservation Voters Inc,4,122.21,521733698,LEAGUE OF CONSERVATION VOTERS INC,league conservation voters,manual,1,"OpenSecrets link revealed that this was the correct EIN: 
https://www.opensecrets.org/outside-spending/political-nonprofits/summary?id=521733698",2026-08-08
League of Conservation Voters,4,521379661,League Of Conservation Voters Education Fund,3,112.59,521379661,LEAGUE OF CONSERVATION VOTERS EDUCATION,league conservation voters education,manual,0,"OpenSecrets link revealed that this was the incorrect EIN/match: 
https://www.opensecrets.org/outside-spending/political-nonprofits/summary?id=521733698
Potentially related to the verified match",2026-08-08
League of Conservation Voters,4,931176721,The Oregon League Of Conservation Voters,4,112.59,931176721,THE OREGON LEAGUE OF CONSERVATION,oregon league conservation,manual,0,"OpenSecrets link revealed that this was the incorrect EIN/match: 
https://www.opensecrets.org/outside-spending/political-nonprofits/summary?id=521733698
Potentially a chapter of the verified match",2026-08-08
League of Conservation Voters,4,541973929,Federation Of State Conservation Voters League Inc,4,109.75,541973929,VIRGINIA LEAGUE OF CONSERVATION VOTERS,virginia league conservation voters,manual,0,"OpenSecrets link revealed that this was the incorrect EIN/match: 
https://www.opensecrets.org/outside-spending/political-nonprofits/summary?id=521733698
Potentially a chapter of the verified match",2026-08-08
League of Conservation Voters,4,383481677,Federation Of State Conservation Voter Leagues Inc,4,106.44,383481677,MICHIGAN LEAGUE OF CONSERVATION,michigan league conservation,manual,0,"OpenSecrets link revealed that this was the incorrect EIN/match: 
https://www.opensecrets.org/outside-spending/political-nonprofits/summary?id=521733698
Potentially a chapter of the verified match",2026-08-08
League of Conservation Voters,4,522122715,Federation Of State Conservation Voter Leagues Inc,4,106.44,522122715,MARYLAND LEAGUE OF CONSERVATION VOTERS,maryland league conservation voters,manual,0,"OpenSecrets link revealed that this was the incorrect EIN/match: 
https://www.opensecrets.org/outside-spending/political-nonprofits/summary?id=521733698
Potentially a chapter of the verified match",2026-08-08
League of Conservation Voters,4,61525526,Federation Of State Conservation Voter Leagues Inc,4,106.44,,,,manual,0,"OpenSecrets link revealed that this was the incorrect EIN/match: 
https://www.opensecrets.org/outside-spending/political-nonprofits/summary?id=521733698",2026-08-08
League of Conservation Voters,4,582525235,Federation Of State Conservation Voters Leagues Inc,4,104.89,582525235,GEORGIA LEAGUE OF CONSERVATION VOTERS,georgia league conservation voters,manual,0,"OpenSecrets link revealed that this was the incorrect EIN/match: 
https://www.opensecrets.org/outside-spending/political-nonprofits/summary?id=521733698
Potentially a chapter of the verified match",2026-08-08
League of Conservation Voters,4,560991894,North Carolina League Of Conservation Voters Inc,4,104.37,560991894,NORTH CAROLINA LEAGUE OF,north carolina league,manual,0,"OpenSecrets link revealed that this was the incorrect EIN/match: 
https://www.opensecrets.org/outside-spending/political-nonprofits/summary?id=521733698
Potentially a chapter of the verified match",2026-08-08
League of Conservation Voters,4,113095033,New York League Of Conservation Voters Inc,4,104.37,113095033,NEW YORK LEAGUE OF CONSERVATION VOTERS,new york league conservation voters,manual,0,"OpenSecrets link revealed that this was the incorrect EIN/match: 
https://www.opensecrets.org/outside-spending/political-nonprofits/summary?id=521733698
Potentially a chapter of the verified match",2026-08-08
League of Conservation Voters,4,371430158,Michigan League Of Conservation Voters Education Fund,3,104.37,371430158,MICHIGAN LEAGUE OF CONSERVATION,michigan league conservation,manual,0,"OpenSecrets link revealed that this was the incorrect EIN/match: 
https://www.opensecrets.org/outside-spending/political-nonprofits/summary?id=521733698
Potentially a chapter of the verified match",2026-08-08
League of Conservation Voters,4,522210858,Maryland League Of Conservation Voters Education Fund,3,104.37,522210858,MARYLAND LEAGUE OF CONSERVATION VOTERS,maryland league conservation voters,manual,0,"OpenSecrets link revealed that this was the incorrect EIN/match: 
https://www.opensecrets.org/outside-spending/political-nonprofits/summary?id=521733698
Potentially a chapter of the verified match",2026-08-08
League of Conservation Voters,4,311777101,Virgina League Of Conservation Voters Education Fund,3,104.37,311777101,Virginia League of Conservation Voters,virginia league conservation voters,manual,0,"OpenSecrets link revealed that this was the incorrect EIN/match: 
https://www.opensecrets.org/outside-spending/political-nonprofits/summary?id=521733698
Potentially a chapter of the verified match",2026-08-08
League of Conservation Voters,4,931177957,Oregon League Of Conservation Voters Education Fund,3,104.37,931177957,THE OREGON LEAGUE OF CONSERVATION,oregon league conservation,manual,0,"OpenSecrets link revealed that this was the incorrect EIN/match: 
https://www.opensecrets.org/outside-spending/political-nonprofits/summary?id=521733698
Potentially a chapter of the verified match",2026-08-08
League of Conservation Voters,4,810521030,Federation Of State Conservation Voter Leagues Inc,4,103.13,810521030,MONTANA CONSERVATION VOTERS INC,montana conservation voters,manual,0,"OpenSecrets link revealed that this was the incorrect EIN/match: 
https://www.opensecrets.org/outside-spending/political-nonprofits/summary?id=521733698
Potentially a chapter of the verified match",2026-08-08
League of Conservation Voters,4,10536008,Federation Of State Conservation Voter Leagues Inc,4,103.13,,,,manual,0,"OpenSecrets link revealed that this was the incorrect EIN/match: 
https://www.opensecrets.org/outside-spending/political-nonprofits/summary?id=521733698",2026-08-08
League of Conservation Voters,4,270800179,Federation Of State Conservation Voter Leagues Inc,4,102.20,270800179,Conservation Voters of Pennsylvania,conservation voters pennsylvania,manual,0,"OpenSecrets link revealed that this was the incorrect EIN/match: 
https://www.opensecrets.org/outside-spending/political-nonprofits/summary?id=521733698
Potentially a chapter of the verified match",2026-08-08
League of Conservation Voters,4,392018854,Federation Of State Conservation Voter Leagues Inc,4,100.98,392018854,WISCONSIN CONSERVATION VOTERS INC,wisconsin conservation voters,manual,0,"OpenSecrets link revealed that this was the incorrect EIN/match: 
https://www.opensecrets.org/outside-spending/political-nonprofits/summary?id=521733698
Potentially a chapter of the verified match",2026-08-08
League of Conservation Voters,4,200016255,Federation Of State Conservation Voter Leagues Inc,4,100.98,200016255,CONSERVATION VOTERS NEW MEXICO,conservation voters new mexico,manual,0,"OpenSecrets link revealed that this was the incorrect EIN/match: 
https://www.opensecrets.org/outside-spending/political-nonprofits/summary?id=521733698
Potentially a chapter of the verified match",2026-08-08
League of Conservation Voters,4,222543128,Federation Of State Conservation Voter Leagues Inc,4,100.98,222543128,FEDERATION OF STATE CONSERVATION,federation state conservation,manual,0,"OpenSecrets link revealed that this was the incorrect EIN/match: 
https://www.opensecrets.org/outside-spending/political-nonprofits/summary?id=521733698
Potentially a chapter of the verified match",2026-08-08
League of Conservation Voters,4,721599019,Federation Of State Conservation Voter Leagues Inc,4,99.04,721599019,CONSERVATION VOTERS FOR IDAHO INC,conservation voters idaho,manual,0,"OpenSecrets link revealed that this was the incorrect EIN/match: 
https://www.opensecrets.org/outside-spending/political-nonprofits/summary?id=521733698
Potentially a chapter of the verified match",2026-08-08
League of Conservation Voters,4,880497866,Federation Of State Conservation Voter Leagues Inc,4,98.86,880497866,Nevada Conservation League,nevada conservation league,manual,0,"OpenSecrets link revealed that this was the incorrect EIN/match: 
https://www.opensecrets.org/outside-spending/political-nonprofits/summary?id=521733698
Potentially a chapter of the verified match",2026-08-08
League of Conservation Voters,4,237206810,North Carolina League Of Conservation Voters Foundation Inc,3,97.27,237206810,NORTH CAROLINA LEAGUE OF CONSERVATION,north carolina league conservation,manual,0,"OpenSecrets link revealed that this was the incorrect EIN/match: 
https://www.opensecrets.org/outside-spending/political-nonprofits/summary?id=521733698
Potentially a chapter of the verified match",2026-08-08
League of Conservation Voters,4,452995824,New Jersey League Of Conservation Voters Education Fund,3,97.27,452995824,NEW JERSEY LEAGUE OF CONSERVATION VOTERS,new jersey league conservation voters,manual,0,"OpenSecrets link revealed that this was the incorrect EIN/match: 
https://www.opensecrets.org/outside-spending/political-nonprofits/summary?id=521733698
Potentially a chapter of the verified match",2026-08-08
League of Conservation Voters,4,61582273,Connecticut League Of Conservation Voters Education Fund Inc,3,97.27,,,,manual,0,"OpenSecrets link revealed that this was the incorrect EIN/match: 
https://www.opensecrets.org/outside-spending/political-nonprofits/summary?id=521733698",2026-08-08
Legacy Foundation Action Fund,4,452711332,The Legacy Foundation Action Fund,4,104.79,452711332,THE LEGACY FOUNDATION ACTION FUND,legacy foundation action fund,manual,1,"OpenSecrets link revealed that this was the correct EIN: 
https://www.opensecrets.org/outside-spending/political-nonprofits/summary?id=452711332",2026-08-08
Let Freedom Ring,4,320175290,Let Freedom Ring,3,169.27,,,,manual,0,"OpenSecrets link revealed that this was the incorrect EIN/match: 
https://www.opensecrets.org/outside-spending/political-nonprofits/summary?id=061719990",2026-08-08
Let Freedom Ring,4,831053673,Let Freedom Ring Foundation,3,153.43,831053673,LET FREEDOM RING FOUNDATION,let freedom ring foundation,manual,0,"OpenSecrets link revealed that this was the incorrect EIN/match: 
https://www.opensecrets.org/outside-spending/political-nonprofits/summary?id=061719990",2026-08-08
Let Freedom Ring,4,061719990,Let Freedom Ring Inc,4,153.43,,,,manual,1,"OpenSecrets link revealed that this was the correct EIN: 
https://www.opensecrets.org/outside-spending/political-nonprofits/summary?id=061719990",2026-08-08
Libre Initiative,4,452686411,Libre Initiative Trust,,114.01,,,,manual,1,"Given the link below it seems like this is the correct match given the same org type, however, it doesn't exist in our database, likely due to the fact that the latest filing is a 2016 paper return
https://projects.propublica.org/nonprofits/display_990/452686411/08_2018_prefixes_43-45%2F452686411_201706_990O_2018080215560053",2026-08-08
Libre Initiative,4,454123383,Libre Initiative Institute Inc,3,103.34,,,,manual,0,Does not match org type,2026-08-08
Living United for Change in Arizona,4,271398645,Living United For Change In Arizona,4,157.94,271398645,LIVING UNITED FOR CHANGE IN ARIZONA,living united change in arizona,auto - reviewed,1,"Exact matches, and only match identified.",2026-08-08
Living United For Change In Arizona,4,271398645,Living United For Change In Arizona,4,157.99,271398645,LIVING UNITED FOR CHANGE IN ARIZONA,living united change in arizona,auto - reviewed,0,duplicate,2026-08-08
Louisiana Conservative Action Network,4,262142900,Louisiana Conservative Action Network,4,151.51,,,,manual,1,"Although this seems like a legitimate match, the IRS990 search reveals they've only ever file 990Ns, which is likely why it didn't end up in our database",2026-08-08
LUPE Votes,4,852786747,Lupe Votes,4,154.94,852786747,LUPE VOTES,lupe votes,auto - reviewed,1,"Exact matches, and only match identified.",2026-08-08
Main Street Advocacy,4,270273223,Main Street Advocacy Fund,4,127.53,270273223,MAIN STREET ADVOCACY FUND,main street advocacy fund,manual,1,"OpenSecrets link revealed that this was the correct EIN: 
https://www.opensecrets.org/outside-spending/political-nonprofits/summary?id=270273223",2026-08-08
Majority Forward,4,833690373,Majority Forward,4,137.36,833690373,MAJORITY FORWARD,majority forward,manual,0,"OpenSecrets link revealed that this was the incorrect EIN/match: 
https://www.opensecrets.org/outside-spending/political-nonprofits/summary?id=474368320",2026-08-08
Majority Forward,4,474368320,Majority Forward,4,137.36,474368320,MAJORITY FORWARD,majority forward,manual,1,"OpenSecrets link revealed that this was the correct EIN: 
https://www.opensecrets.org/outside-spending/political-nonprofits/summary?id=474368320",2026-08-08
Majority Forward,4,834185105,House Majority Forward,4,123.18,834185105,HOUSE MAJORITY FORWARD,house majority forward,manual,0,"OpenSecrets link revealed that this was the incorrect EIN/match: 
https://www.opensecrets.org/outside-spending/political-nonprofits/summary?id=474368320",2026-08-08
Majority Forward,4,334299505,Majority Forward Foundation Inc,4,111.65,,,,manual,0,"OpenSecrets link revealed that this was the incorrect EIN/match: 
https://www.opensecrets.org/outside-spending/political-nonprofits/summary?id=474368320",2026-08-08
Make the Road Action,4,271408443,Make The Road Action Fund Inc,4,122.79,271408443,MAKE THE ROAD ACTION INC,make road action,auto - reviewed,1,"Exact matches, and only match identified.",2026-08-08
March for Our Lives Action Fund,4,824535615,March For Our Lives Action Fund,4,189.26,824535615,MARCH FOR OUR LIVES ACTION FUND,march our lives action fund,auto - reviewed,1,"Exact matches, and only match identified.",2026-08-08
March On,4,823045346,March On,4,115.67,823045346,MARCH ON,march on,auto - reviewed,1,Exact matches,2026-08-08
March On,4,820958114,March On Maryland Inc,3,98.34,820958114,MARCH ON MARYLAND,march on maryland,auto - reviewed,0,Potentially related to the verified org,2026-08-08
March On,4,465622473,Church On The March,3,94.01,465622473,CHURCH ON THE MARCH,church on march,auto - reviewed,0,Seemingly completely unrelated,2026-08-08
March On,4,873191384,March On Foundation Inc,3,94.01,,,,auto - reviewed,0,Potentially related to the verified org,2026-08-08
March On,4,994132591,March On Mission Inc,3,94.01,,,,auto - reviewed,0,Potentially related to the verified org,2026-08-08
March On,4,464604132,March On Washington Film Festival,3,85.97,464604132,MARCH ON WASHINGTON FILM FESTIVAL,march on washington film festival,auto - reviewed,0,Potentially related to the verified org,2026-08-08
March On,4,823441517,We March On Chicago Nfp,4,85.97,823441517,We March On Chicago,we march on chicago,auto - reviewed,0,Seemingly completely unrelated,2026-08-08
March On,4,850791124,March On Harrisburg Education Fund,3,85.97,850791124,MARCH ON HARRISBURG EDUCATION FUND,march on harrisburg education fund,auto - reviewed,0,Potentially related to the verified org,2026-08-08
March On,4,862750081,I March On Foundation Inc,3,85.97,,,,auto - reviewed,0,Seemingly completely unrelated,2026-08-08
March On,4,823898805,Womens March On Washington Indiana Incorporated,3,75.64,,,,auto - reviewed,0,Seemingly completely unrelated,2026-08-08
March On,4,581298241,St Andrews On The Marsh Inc,3,69.23,581298241,ST ANDREWS ON THE MARSH INC,st andrews on marsh,auto - reviewed,0,Seemingly completely unrelated,2026-08-08
March On,4,833617279,Tower On The Marsh Foundation Inc,3,69.23,,,,auto - reviewed,0,Seemingly completely unrelated,2026-08-08
March On,4,815278035,Womens March Alliance Corp,3,30.61,815278035,WOMENS MARCH ALLIANCE CORP,womens march alliance,auto - reviewed,0,Seemingly completely unrelated,2026-08-08
March On,4,901504053,Toastmasters International,3,25.40,,,,auto - reviewed,0,Seemingly completely unrelated,2026-08-08
Marylanders for Marriage Equality,4,,,,,,,,auto,0,"The Nonprofit Explorer included a filing that referenced this potential match:
https://projects.propublica.org/nonprofits/display_990/900554218/2013_12_EO%2F90-0554218_990O_201212
However, it doesn't seem to exist in the IRS or ProPublica databases",2026-08-08
Mayors Against Illegal Guns,4,,,,,208802884,EVERYTOWN FOR GUN SAFETY ACTION FUND,everytown gun safety action fund,manual,1,"OpenSecrets link revealed that this was the correct EIN: 
https://www.opensecrets.org/outside-spending/political-nonprofits/summary?id=208802884",2026-08-08
Mi Familia Vota,4,810668995,Mi Familia Vota,4,144.40,810668995,MI FAMILIA VOTA,mi familia vota,auto - reviewed,1,"Exact matches, and only match identified.",2026-08-08
Mi Familia Vota,4,200182824,Mi Familia Vota Education Fund,3,119.68,200182824,MI FAMILIA EN ACCION,mi familia en accion,auto - reviewed,0,Wrong org type; Possibly related to verified match,2026-08-08
MI Poder,4,881133984,Mi Poder,4,131.79,881133984,MI PODER,mi poder,auto - reviewed,1,"Exact matches, and only match identified.",2026-08-08
Michigan Chamber of Commerce,6,381626029,Michigan State Chamber Of Commerce,6,100.90,381626029,MICHIGAN CHAMBER OF COMMERCE,michigan chamber commerce,manual,1,"OpenSecrets link revealed that this was the correct EIN: 
https://www.opensecrets.org/outside-spending/political-nonprofits/summary?id=381626029",2026-08-08
Michigan Chamber of Commerce,6,382872956,Michigan Hispanic Chamber Of Commerce,6,100.90,382872956,MICHIGAN HISPANIC CHAMBER OF,michigan hispanic chamber,manual,0,"OpenSecrets link revealed that this was the incorrect EIN/match: 
https://www.opensecrets.org/outside-spending/political-nonprofits/summary?id=381626029
Potentially related or a chapter of the verified match",2026-08-08
Michigan Chamber of Commerce,6,205741611,Michigan Korean Chamber Of Commerce,3,100.90,205741611,THE MICHIGAN KOREAN CHAMBER OF,michigan korean chamber,manual,0,"OpenSecrets link revealed that this was the incorrect EIN/match: 
https://www.opensecrets.org/outside-spending/political-nonprofits/summary?id=381626029
Potentially related or a chapter of the verified match",2026-08-08
Michigan Chamber of Commerce,6,270613553,Michigan Inernational Chamber Of Commerce,6,100.90,270613553,MICHIGAN INERNATIONAL CHAMBER OF COMMERCE,michigan inernational chamber commerce,manual,0,"OpenSecrets link revealed that this was the incorrect EIN/match: 
https://www.opensecrets.org/outside-spending/political-nonprofits/summary?id=381626029
Potentially related or a chapter of the verified match",2026-08-08
Michigan Chamber of Commerce,6,994738022,Michigan Christian Chamber Of Commerce,6,98.40,,,,manual,0,"OpenSecrets link revealed that this was the incorrect EIN/match: 
https://www.opensecrets.org/outside-spending/political-nonprofits/summary?id=381626029
Potentially related or a chapter of the verified match",2026-08-08
Michigan Chamber of Commerce,6,382381072,Chamber Of Commerce Of Novi Michigan,6,96.83,382381072,CHAMBER OF COMMERCE OF NOVI MICHIGAN,chamber commerce novi michigan,manual,0,"OpenSecrets link revealed that this was the incorrect EIN/match: 
https://www.opensecrets.org/outside-spending/political-nonprofits/summary?id=381626029
Potentially related or a chapter of the verified match",2026-08-08
Michigan Chamber of Commerce,6,380655230,Michigan West Coast Chamber Of Commerce,6,92.94,380655230,MICHIGAN WEST COAST CHAMBER OF COMMERCE,michigan west coast chamber commerce,manual,0,"OpenSecrets link revealed that this was the incorrect EIN/match: 
https://www.opensecrets.org/outside-spending/political-nonprofits/summary?id=381626029
Potentially related or a chapter of the verified match",2026-08-08
Michigan Chamber of Commerce,6,455238219,Michigan Irish American Chamber Of Commerce,6,92.94,,,,manual,0,"OpenSecrets link revealed that this was the incorrect EIN/match: 
https://www.opensecrets.org/outside-spending/political-nonprofits/summary?id=381626029
Potentially related or a chapter of the verified match",2026-08-08
Michigan Chamber of Commerce,6,923941779,American Indian Chamber Of Commerce Michigan,6,92.94,,,,manual,0,"OpenSecrets link revealed that this was the incorrect EIN/match: 
https://www.opensecrets.org/outside-spending/political-nonprofits/summary?id=381626029
Potentially related or a chapter of the verified match",2026-08-08
Michigan Chamber of Commerce,6,201483629,West Michigan Hispanic Chamber Of Commerce Inc,6,86.15,201483629,WEST MICHIGAN HISPANIC CHAMBER OF,west michigan hispanic chamber,manual,0,"OpenSecrets link revealed that this was the incorrect EIN/match: 
https://www.opensecrets.org/outside-spending/political-nonprofits/summary?id=381626029
Potentially related or a chapter of the verified match",2026-08-08
Michigan Chamber of Commerce,6,275303783,West Michigan Hispanic Chamber Of Commerce Foundation,3,86.15,275303783,WEST MICHIGAN HISPANIC CHAMBER OF,west michigan hispanic chamber,manual,0,"OpenSecrets link revealed that this was the incorrect EIN/match: 
https://www.opensecrets.org/outside-spending/political-nonprofits/summary?id=381626029
Potentially related or a chapter of the verified match",2026-08-08
Michigan Chamber of Commerce,6,382476780,Michigan West Coast Chamber Of Commerce Foundation,3,86.15,382476780,MICHIGAN WEST COAST CHAMBER OF COMMERCE,michigan west coast chamber commerce,manual,0,"OpenSecrets link revealed that this was the incorrect EIN/match: 
https://www.opensecrets.org/outside-spending/political-nonprofits/summary?id=381626029
Potentially related or a chapter of the verified match",2026-08-08
Michigan Chamber of Commerce,6,350512630,Michigan City Area Chamber Of Commerce Inc,6,86.15,350512630,MICHIGAN CITY AREA CHAMBER OF COMMERCE INC,michigan city area chamber commerce,manual,0,"OpenSecrets link revealed that this was the incorrect EIN/match: 
https://www.opensecrets.org/outside-spending/political-nonprofits/summary?id=381626029
Potentially related or a chapter of the verified match",2026-08-08
Michigan Chamber of Commerce,6,272862103,West Michigan Blue Star Chamber Of Commerce,6,86.15,,,,manual,0,"OpenSecrets link revealed that this was the incorrect EIN/match: 
https://www.opensecrets.org/outside-spending/political-nonprofits/summary?id=381626029
Potentially related or a chapter of the verified match",2026-08-08
Michigan Chamber of Commerce,6,320437967,Finnish American Chamber Of Comerce Upper Michigan,6,82.17,,,,manual,0,"OpenSecrets link revealed that this was the incorrect EIN/match: 
https://www.opensecrets.org/outside-spending/political-nonprofits/summary?id=381626029
Potentially related or a chapter of the verified match",2026-08-08
Michigan Chamber of Commerce,6,822594463,Filipino-american Chamber Of Commerce Of Great Lakes Michigan,6,78.93,822594463,FILIPINO AMERICAN CHAMBER OF GREAT LAKES OF MICHIGAN,filipino american chamber great lakes michigan,manual,0,"OpenSecrets link revealed that this was the incorrect EIN/match: 
https://www.opensecrets.org/outside-spending/political-nonprofits/summary?id=381626029
Potentially related or a chapter of the verified match",2026-08-08
Michigan Chamber of Commerce,6,382446565,French-american Chamber Of Commerce,6,33.36,382446565,THE MI CHAPTER OF THE FRENCH-AMERICAN,mi chapter french american,manual,0,"OpenSecrets link revealed that this was the incorrect EIN/match: 
https://www.opensecrets.org/outside-spending/political-nonprofits/summary?id=381626029
Potentially related or a chapter of the verified match",2026-08-08
Michigan Citizens for Fiscal Responsibility,4,271993953,Michigan Citizens For Fiscal Responsibility,4,204.68,271993953,MICHIGAN CITIZENS FOR FISCAL,michigan citizens fiscal,manual,0,"OpenSecrets link revealed that this was the incorrect EIN/match: 
https://www.opensecrets.org/outside-spending/political-nonprofits/summary?id=381626029
Potentially related or a chapter of the verified match",2026-08-08
Michigan Credit Union League,6,380826778,Michigan Credit Union League,6,139.18,380826778,MICHIGAN CREDIT UNION LEAGUE,michigan credit union league,manual,1,"OpenSecrets link revealed that this was the correct EIN: 
https://www.opensecrets.org/outside-spending/political-nonprofits/summary?id=380826778",2026-08-08
Michigan for All,4,825149389,Michigan For All,3,103.38,,,,manual,1,"Although it is found in Nonprofit Explorer and IRS990 sarch, it likely does not exist in our database because it only ever filed 990Ns",2026-08-08
Michigan for All,4,474173428,Southwest Michigan Peace For All,3,85.69,,,,manual,0,Seeminly completely unrelated,2026-08-08
Michigan for All,4,473509588,Arts For All Of Northern Michigan,3,78.94,473509588,Arts For All of Northern Michigan,arts all northern michigan,manual,0,Seeminly completely unrelated,2026-08-08
Michigan for All,4,383312152,Michigan State University,3,27.30,,,,manual,0,Seeminly completely unrelated,2026-08-08
Michigan League of Conservation Voters,4,371430158,Michigan League Of Conservation Voters Education Fund,3,132.73,371430158,MICHIGAN LEAGUE OF CONSERVATION,michigan league conservation,manual,1,"OpenSecrets link revealed that this was the correct EIN: 
https://www.opensecrets.org/outside-spending/political-nonprofits/summary?id=383481677",2026-08-08
Michigan Right to Life,4,237390737,Right To Life Of Michigan,4,131.81,237390737,RIGHT TO LIFE OF MICHIGAN,right to life michigan,manual,0,"The potential match had an exact string match in the IRS990 search, but that org seemingly didn't have any returns and was on the auto-recovation list. This has cast too much doubt on this potential match.",2026-08-08
Michigan Right to Life,4,310935278,Right To Life Michiana Inc,4,123.52,310935278,RIGHT TO LIFE MICHIANA INC,right to life michiana,manual,0,"The potential match had an exact string match in the IRS990 search, but that org seemingly didn't have any returns and was on the auto-recovation list. This has cast too much doubt on this potential match.",2026-08-08
Michigan Right to Life,4,382647413,Right To Life Of Michigan Educational Fund,3,112.55,382647413,RIGHT TO LIFE OF MICHIGAN EDUC FUND,right to life michigan educ fund,manual,0,"The potential match had an exact string match in the IRS990 search, but that org seemingly didn't have any returns and was on the auto-recovation list. This has cast too much doubt on this potential match.",2026-08-08
Michigan Right to Life,4,721612840,Birmingham-bloomfield Right To Life Of Michigan,4,112.55,,,,manual,0,"The potential match had an exact string match in the IRS990 search, but that org seemingly didn't have any returns and was on the auto-recovation list. This has cast too much doubt on this potential match.",2026-08-08
Michigan Right to Life,4,113708883,Right To Life Of Michigan-genesee County,4,112.55,,,,manual,0,"The potential match had an exact string match in the IRS990 search, but that org seemingly didn't have any returns and was on the auto-recovation list. This has cast too much doubt on this potential match.",2026-08-08
Michigan Right to Life,4,351594988,Right To Life Michiana Education Fund Inc,3,105.47,351594988,RIGHT TO LIFE MICHIANA EDUCATION,right to life michiana education,manual,0,"The potential match had an exact string match in the IRS990 search, but that org seemingly didn't have any returns and was on the auto-recovation list. This has cast too much doubt on this potential match.",2026-08-08
Michigan Right to Life,4,383144453,Right To Life Of Michigan Educational Endowment Fund,3,104.88,383144453,RIGHT TO LIFE OF MICHIGAN,right to life michigan,manual,0,"The potential match had an exact string match in the IRS990 search, but that org seemingly didn't have any returns and was on the auto-recovation list. This has cast too much doubt on this potential match.",2026-08-08
Michigan Right to Life,4,382795894,Right To Life Of Michigan Educational Foundation Legal,3,104.88,,,,manual,0,"The potential match had an exact string match in the IRS990 search, but that org seemingly didn't have any returns and was on the auto-recovation list. This has cast too much doubt on this potential match.",2026-08-08
MomsRising Together,4,204448446,Momsrising Together,4,160.82,204448446,MOMSRISING TOGETHER,momsrising together,auto - reviewed,1,"Exact matches, and only match identified.",2026-08-08
Momsrising Together,4,204448446,Momsrising Together,4,160.98,204448446,MOMSRISING TOGETHER,momsrising together,auto - reviewed,0,duplicate,2026-08-08
Montana Hunters & Anglers Action,4,453534007,Montana Hunters And Anglers Action,4,88.19,453534007,MONTANA HUNTERS AND ANGLERS ACTION,montana hunters anglers action,manual,1,"OpenSecrets link revealed that this was the correct EIN: 
https://www.opensecrets.org/outside-spending/political-nonprofits/summary?id=453534007",2026-08-08
Montana Hunters & Anglers Action,4,822706051,Montana Hunters And Anglers Inc,,88.19,,,,manual,0,"OpenSecrets link revealed that this was the incorrect EIN/match: 
https://www.opensecrets.org/outside-spending/political-nonprofits/summary?id=453534007",2026-08-08
Montana Hunters & Anglers Action,4,334881921,Montana Hunter Mentorship Foundation Inc,3,80.14,,,,manual,0,"OpenSecrets link revealed that this was the incorrect EIN/match: 
https://www.opensecrets.org/outside-spending/political-nonprofits/summary?id=453534007",2026-08-08
Montana Hunters & Anglers Action,4,922755677,Montana Partnership To End Childhood Hunger Inc,3,61.56,922755677,MONTANA PARTNERSHIP TO END CHILDHOOD HUNGER INC,montana partnership to end childhood hunger,manual,0,"OpenSecrets link revealed that this was the incorrect EIN/match: 
https://www.opensecrets.org/outside-spending/political-nonprofits/summary?id=453534007",2026-08-08
Montana League of Rural Voters,4,810343766,Montana League Of Rural Voters,4,161.94,,,,manual,1,"This org does exist and has matches in Nonprofit Explorer and the IRS990 search, but it's latest non-990N filing was a pareper filing, which likely is why it doesn't exist in our database:
https://apps.irs.gov/pub/epostcard/cor/810343766_201712_990EO_2018081515587336.pdf",2026-08-08
Montana Native Vote,4,,,,,455363321,INDIGENOUS VOTE,indigenous vote,manual,1,"OpenSecrets link revealed that this was the correct EIN: 
https://www.opensecrets.org/outside-spending/political-nonprofits/summary?id=455363321",2026-08-08
Montana Rural Voters,4,810343766,Montana League Of Rural Voters,4,124.05,,,,manual,0,Could not find a good enough match for this,2026-08-08
Mountaineers Are Always Free,4,,,,,,,,auto,0,Could not find a good enough match for this,2026-08-08
NAKASEC Action Fund,4,870752611,Nakasec Action Fund,4,167.47,870752611,NAKASEC ACTION FUND,nakasec action fund,auto - reviewed,1,"Exact matches, and only match identified.",2026-08-08
NARAL Pro-Choice America,4,,,,,132630359,REPRODUCTIVE FREEDOM FOR ALL,reproductive freedom all,manual,1,"OpenSecrets link revealed that this was the correct EIN: 
https://www.opensecrets.org/outside-spending/political-nonprofits/summary?id=132630359",2026-08-08
NARAL Pro-Choice America/Colorado,4,,,,,,,,manual,0,"duplicate to ""NARAL Pro-Choice America"" or ""132630359"" verified match. It had the same hyperlink:
https://www.opensecrets.org/outside-spending/political-nonprofits/summary?id=132630359
",2026-08-08
National Abortion Rights Action League,4,,,,,,,,manual,0,"Accodring to this site, it is another duplicate with the NARAL (it being the acronym):
https://www.influencewatch.org/non-profit/naral-pro-choice-america-foundation/",2026-08-08
National Assn for Gun Rights,4,,,,,542015951,NATIONAL ASSOCIATION FOR GUN RIGHTS INC,national association gun rights,manual,1,"OpenSecrets link revealed that this was the correct EIN: 
https://www.opensecrets.org/outside-spending/political-nonprofits/summary?id=542015951",2026-08-08
National Assn of Convenience Stores,6,,,,,952237749,NATIONAL ASSOCIATION OF CONVENIENCE,national association convenience,manual,1,"Had to fully spell out the org name for a match to populate in Nonprofit Explorer: ""National Association of Convenience Stores""
https://projects.propublica.org/nonprofits/search?q=National+Association+of+Convenience+Stores",2026-08-08
National Assn of Home Builders,6,,,,,880359303,NATIONAL ASSOCIATION OF HOME BUILDERS OF,national association home builders,manual,1,"Had to fully spell out the org name for a match to populate in Nonprofit Explorer: ""National Association of Home Builders""
https://projects.propublica.org/nonprofits/search?q=National+Association+of+Home+Builders",2026-08-08
National Assn of Manufacturers,6,,,,,131084330,NATIONAL ASSOCIATION OF MANUFACTURERS,national association manufacturers,manual,1,"OpenSecrets link revealed that this was the correct EIN: 
https://www.opensecrets.org/outside-spending/political-nonprofits/summary?id=131084330",2026-08-08
National Assn of Realtors,6,320459637,Institute Of Real Estate Management Of The National Asso Of Realtors,6,71.44,,,,manual,0,"Although high match in ProPublica, this EIN was not found in our database, likely due to the fact that it filed a 990-N post card for the last several years (which was not included in the bulk xml downloads). Furthermore, looking up this EIN in ProPublica reveals that it had very minor expenditures (<100K) across each filing at this link: https://projects.propublica.org/nonprofits/organizations/320459637",2026-08-06
National Assn of Realtors,6,812022152,Inst Of Real Estate Mgmt Of National Asso Of Realtors-las Vega,6,67.11,812022152,Inst of Real Estate Mgmt of National Asso of Realtors-Las Vegas,inst real estate mgmt national asso realtors las vegas,manual,0,"Found match, see below for reasoning.",2026-08-06
National Assn of Realtors,6,,,,,361520690,National Association of Realtors,national association realtors,manual,1,"Although this was not found in ProPublica request results, after reviewing the original OpenSecrets list which included links to specific orgs, a specific Chicago branch was found here: https://www.opensecrets.org/outside-spending/political-nonprofits/summary?id=361520690
Additionally, that EIN matches the EIN of another group with the same name and locality found in ProPublica's NonProfit Explorer at this link: https://projects.propublica.org/nonprofits/organizations/361520690
Filtering for this EIN in the database returned a result.",2026-08-06
National Assn of Realtors,4,320459637,Institute Of Real Estate Management Of The National Asso Of Realtors,6,71.44,,,,manual,0,Wrong org type and already verified match,2026-08-06
National Assn of Realtors,4,812022152,Inst Of Real Estate Mgmt Of National Asso Of Realtors-las Vega,6,67.11,812022152,Inst of Real Estate Mgmt of National Asso of Realtors-Las Vegas,inst real estate mgmt national asso realtors las vegas,manual,0,Wrong org type and already verified match,2026-08-06
National Cmte to Preserve Social Security,4,,,,,521312579,National Committee to Preserve Social,national committee to preserve social,manual,1,"Reasonably close match. Passing the full name into Nonprofit Explorer returns results (and IRS990 too): 
https://projects.propublica.org/nonprofits/search?q=National+Committe+to+Preserve+Social+Security",2026-08-08
National Cotton Council,6,620306045,National Cotton Council Of America,6,105.98,620306045,NATIONAL COTTON COUNCIL OF AMERICA,national cotton council america,auto - reviewed,1,"Reasonably close matches, and only match identified.",2026-08-08
National Council of La Raza,,,,,,455341145,UNIDOSUS ACTION FUND INC,unidosus action fund,manual,0,duplicate,2026-08-08
National Council of La Raza,4,,,,,,,,manual,1,"OpenSecrets link revealed that this was the correct EIN: 
https://www.opensecrets.org/outside-spending/political-nonprofits/summary?id=455341145",2026-08-08
National Federation of Independent Business,6,940707299,National Federation Of Independent Business Inc,6,123.66,940707299,NATIONAL FEDERATION OF INDEPENDENT,national federation independent,manual,1,"OpenSecrets link revealed that this was the correct EIN: 
https://www.opensecrets.org/outside-spending/political-nonprofits/summary?id=940707299",2026-08-08
National Organization for Marriage,4,207472471,National Organization For Marriage Education Fund,3,112.41,207472471,National Organization For Marriage Education Fund,national organization marriage education fund,manual,1,"OpenSecrets link revealed that this was the correct EIN: 
https://www.opensecrets.org/outside-spending/political-nonprofits/summary?id=260240498",2026-08-08
National Right to Life,4,520986195,National Right To Life Committee Inc,4,113.53,520986195,NATIONAL RIGHT TO LIFE COMMITTEE INC,national right to life committee,manual,1,"OpenSecrets link revealed that this was the correct EIN: 
https://www.opensecrets.org/outside-spending/political-nonprofits/summary?id=520986195",2026-08-08
National Right to Life,4,521257773,National Right To Life Conventions Inc,4,113.53,521257773,NATIONAL RIGHT TO LIFE CONVENTIONS INC,national right to life conventions,manual,0,"OpenSecrets link revealed that this was the incorrect EIN/match: 
https://www.opensecrets.org/outside-spending/political-nonprofits/summary?id=520986195",2026-08-08
National Right to Life,4,731010913,National Right To Life Educational Foundation Inc,3,105.24,731010913,NATIONAL RIGHT TO LIFE EDUCATIONAL,national right to life educational,manual,0,"OpenSecrets link revealed that this was the incorrect EIN/match: 
https://www.opensecrets.org/outside-spending/political-nonprofits/summary?id=520986195",2026-08-08
National Right to Life,4,521241126,National Right To Life Committee Educational Trust Fund,3,98.09,521241126,NATIONAL RIGHT TO LIFE COMMITTEE,national right to life committee,manual,0,"OpenSecrets link revealed that this was the incorrect EIN/match: 
https://www.opensecrets.org/outside-spending/political-nonprofits/summary?id=520986195",2026-08-08
National Security & Opportunity Fund,4,,,,,821685518,National Security and Opportunity Fund,national security opportunity fund,manual,1,"The ampersand was throwing off ProPublica's tool:
https://projects.propublica.org/nonprofits/search?q=NATIONAL+SECURITY+AND+OPPORTUNITY+FUND",2026-08-08
National Security & Opportunity Fund,4,822007387,National Security Action,4,82.56,822007387,NATIONAL SECURITY ACTION,national security action,manual,1,Already identified verified match. Unclear if related to verified match.,2026-08-08
National Security & Opportunity Fund,4,412143455,National Security Network,4,82.56,,,,manual,1,Already identified verified match. Unclear if related to verified match.,2026-08-08
National Security & Opportunity Fund,4,843798735,Fuel National Security,3,82.56,843798735,FUEL NATIONAL SECURITY,fuel national security,manual,1,Already identified verified match. Unclear if related to verified match.,2026-08-08
National Security & Opportunity Fund,4,463623611,National Security Enterprise,,82.56,,,,manual,1,Already identified verified match. Unclear if related to verified match.,2026-08-08
National Security & Opportunity Fund,4,43813046,National Security Initiative,3,82.56,,,,manual,1,Already identified verified match. Unclear if related to verified match.,2026-08-08
National Security & Opportunity Fund,4,825338732,National Security Technology Accelerator,3,74.83,825338732,National Security Technology Accelerator,national security technology accelerator,manual,1,Already identified verified match. Unclear if related to verified match.,2026-08-08
National Security & Opportunity Fund,4,371861631,National Cyber Security Alliance,3,74.83,371861631,National Cyber Security Alliance,national cyber security alliance,manual,1,Already identified verified match. Unclear if related to verified match.,2026-08-08
National Security & Opportunity Fund,4,20629238,National Cyber Security Alliance,3,74.83,,,,manual,1,Already identified verified match. Unclear if related to verified match.,2026-08-08
National Security & Opportunity Fund,4,331805817,Minnesota National Security Ecosystem,6,74.83,331805817,MINNESOTA NATIONAL SECURITY ECOSYSTEM,minnesota national security ecosystem,manual,1,Already identified verified match. Unclear if related to verified match.,2026-08-08
National Security & Opportunity Fund,4,821550059,Montanans For National Security,3,74.83,,,,manual,1,Already identified verified match. Unclear if related to verified match.,2026-08-08
National Security & Opportunity Fund,4,832617671,National Economic Security Alliance,3,74.83,832617671,NATIONAL ECONOMIC SECURITY ALLIANCE,national economic security alliance,manual,1,Already identified verified match. Unclear if related to verified match.,2026-08-08
National Security & Opportunity Fund,4,270810936,National Security Counselors Inc,3,74.83,,,,manual,1,Already identified verified match. Unclear if related to verified match.,2026-08-08
National Security & Opportunity Fund,4,413634094,National Security Division Association,3,74.83,,,,manual,1,Already identified verified match. Unclear if related to verified match.,2026-08-08
National Security & Opportunity Fund,4,871898071,National Security Policy Initiative,3,74.83,,,,manual,1,Already identified verified match. Unclear if related to verified match.,2026-08-08
National Security & Opportunity Fund,4,205185048,National Security Roundtable Inc,3,74.83,,,,manual,1,Already identified verified match. Unclear if related to verified match.,2026-08-08
National Security & Opportunity Fund,4,844934686,Out In National Security,3,74.83,,,,manual,1,Already identified verified match. Unclear if related to verified match.,2026-08-08
National Security & Opportunity Fund,4,995147026,Texas National Security Institute,3,74.83,,,,manual,1,Already identified verified match. Unclear if related to verified match.,2026-08-08
National Security & Opportunity Fund,4,521271179,Business Executives For National Security,3,68.42,521271179,BUSINESS EXECUTIVES FOR NATIONAL,business executives national,manual,1,Already identified verified match. Unclear if related to verified match.,2026-08-08
National Security & Opportunity Fund,4,222127884,National Security Archive Fund Inc,3,68.42,222127884,NATIONAL SECURITY ARCHIVE FUND INC,national security archive fund,manual,1,Already identified verified match. Unclear if related to verified match.,2026-08-08
National Security & Opportunity Fund,4,272039262,National Homeland Security Association Inc,6,68.42,272039262,NATIONAL HOMELAND SECURITY ASSOCIATION,national homeland security association,manual,1,Already identified verified match. Unclear if related to verified match.,2026-08-08
National Security & Opportunity Fund,4,811385925,National Technology Security Coalition Inc,6,68.42,811385925,National Technology Security Coalition,national technology security coalition,manual,1,Already identified verified match. Unclear if related to verified match.,2026-08-08
National Security & Opportunity Fund,4,934748102,Polaris National Security Foundation Inc,3,68.42,934748102,POLARIS NATIONAL SECURITY FOUNDATION INC,polaris national security foundation,manual,1,Already identified verified match. Unclear if related to verified match.,2026-08-08
National Security & Opportunity Fund,4,871436723,National Security Leaders For America,4,68.42,871436723,NATIONAL SECURITY LEADERS FOR AMERICA INC,national security leaders america,manual,1,Already identified verified match. Unclear if related to verified match.,2026-08-08
National Security & Opportunity Fund,4,201597444,Truman National Security Project Inc,4,68.42,201597444,TRUMAN NATIONAL SECURITY PROJECT,truman national security project,manual,1,Already identified verified match. Unclear if related to verified match.,2026-08-08
National Security & Opportunity Fund,4,471847304,Intelligence And National Security Foundation,3,68.42,471847304,INTELLIGENCE AND NATIONAL SECURITY,intelligence national security,manual,1,Already identified verified match. Unclear if related to verified match.,2026-08-08
National Security Action,4,822007387,National Security Action,4,123.81,822007387,NATIONAL SECURITY ACTION,national security action,auto - reviewed,1,"Exact matches, and only match identified.",2026-08-08
National Taxpayers Union,4,521009116,National Taxpayers Union,4,129.72,521009116,NATIONAL TAXPAYERS UNION,national taxpayers union,auto - reviewed,1,Exact matches,2026-08-08
National Taxpayers Union,4,521122683,National Taxpayers Union Foundation,3,117.58,521122683,NATIONAL TAXPAYERS UNION FOUNDATION,national taxpayers union foundation,auto - reviewed,0,Wrong org type; Possibly related to verified match,2026-08-08
National Wildlife Action,4,,,,,530204616,NATIONAL WILDLIFE FEDERATION,national wildlife federation,manual,1,"Given that the National Wildlife Federation is included as a parent org, it is likely a reference to this naming convention. 
This was identified after a google search provided this URL: https://www.nwf.org/FAQs
*Under the Tax ID drop down",2026-08-08
National Wildlife Action,4,742556532,National Wildlife Federation Action Fund,4,98.83,742556532,NATIONAL WILDLIFE FEDERATION ACTION FUND,national wildlife federation action fund,manual,0,Verified a different match.,2026-08-08
National Wildlife Federation Action Fund,4,742556532,National Wildlife Federation Action Fund,4,151.26,742556532,NATIONAL WILDLIFE FEDERATION ACTION FUND,national wildlife federation action fund,manual,1,"OpenSecrets link revealed that this was the correct EIN: 
https://www.opensecrets.org/outside-spending/political-nonprofits/summary?id=742556532",2026-08-08
National Women's Law Center Action Fund,4,460639645,National Womens Law Center Action Fund,4,153.65,460639645,NATIONAL WOMEN'S LAW CENTER ACTION FUND,national women s law center action fund,auto - reviewed,1,"Exact matches, and only match identified.",2026-08-08
NCAAT in Action,4,842889172,Ncaat In Action,4,166.19,842889172,NCAAT IN ACTION,ncaat in action,auto - reviewed,1,"Exact matches, and only match identified.",2026-08-08
NETWORK Lobby,4,520984255,The Network,4,31.96,520984255,The NETWORK,network,manual,1,"The match seems reasonable, and googling for the EIN is pointing me in the same direction:
https://www.google.com/search?q=NETWORK+Lobby+EIN&sca_esv=e1601e901c686944&rlz=1C1RXQR_enUS980US980&biw=957&bih=944&sxsrf=APpeQnsTzcXREzlQ_vjxg3KA6XIHNi-3Ig%3A1786177457785&ei=sed2auy_L9C7ruEPovXckQM&ved=0ahUKEwis3IHHzZCWAxXQnSsGHaI6NzIQ4dUDCBA&uact=5&oq=NETWORK+Lobby+EIN&gs_lp=Egxnd3Mtd2l6LXNlcnAiEU5FVFdPUksgTG9iYnkgRUlOMggQIRigARjDBDIIECEYoAEYwwRI-wZQAFj0AXAAeACQAQCYAV-gAagBqgEBMrgBA8gBAPgBAvgBAZgCAqACrwHCAgYQABgeGA3CAgUQABjvBcICCBAAGIkFGKIEmAMAkgcBMqAHxwSyBwEyuAevAcIHAzAuMsgHA4AIAQ&sclient=gws-wiz-serp",2026-08-08
Nevada Advocates for Planned Parenthood,4,743234716,Nevada Advocates For Planned Parenthood Affiliates Inc,4,176.50,743234716,NEVADA ADVOCATES FOR PLANNED,nevada advocates planned,manual,1,"OpenSecrets link revealed that this was the correct EIN: 
https://www.opensecrets.org/outside-spending/political-nonprofits/summary?id=743234716",2026-08-08
New American Energy Opportunity Foundation,4,,,,,,,,manual,0,"An OpenSecrets webpage shows that it doesn't have the standard EIN format: C30002075
No valid match found",2026-08-08
New American Leaders Action Fund,4,831769970,New American Leaders Action Fund Inc,4,132.98,831769970,NEW AMERICAN LEADERS ACTION FUND INC,new american leaders action fund,auto - reviewed,1,Reasonably close match,2026-08-08
New Democracy,4,820957528,New Democracy,4,96.49,820957528,NEW DEMOCRACY,new democracy,auto - reviewed,1,"Exact matches, and only match identified.",2026-08-08
New Democracy,4,461982375,New Nigerian Democracy,3,86.53,461982375,,,auto - reviewed,0,Wrong org type; Possibly related to verified match,2026-08-08
New Democracy,4,330478428,New Vietnamese Democracy,3,86.53,330478428,THE NEW VIETNAMESE DEMOCRACY,new vietnamese democracy,auto - reviewed,0,Wrong org type; Possibly related to verified match,2026-08-08
New Democracy,4,844003182,New Hampshire Democracy Fund,3,78.43,844003182,New Hampshire Democracy Fund,new hampshire democracy fund,auto - reviewed,0,Seemingly completely unrelated,2026-08-08
New Democracy,4,874049576,Democracy News Foundation,3,77.07,874049576,THE DEMOCRACY NEWS FOUNDATION,democracy news foundation,auto - reviewed,0,Seemingly completely unrelated,2026-08-08
New Democracy,4,822983459,Democracy Watch News,3,77.07,,,,auto - reviewed,0,Seemingly completely unrelated,2026-08-08
New Democracy,4,61581474,Democracy Prep New York Charter Schools,3,66.07,,,,auto - reviewed,0,Seemingly completely unrelated,2026-08-08
New Democracy,4,473450386,Sierra Leone Foundation For New Democracy,3,66.07,,,,auto - reviewed,0,Seemingly completely unrelated,2026-08-08
New Democracy,4,920963305,New Jersey Coalition For Democracy Reform Inc,3,61.25,,,,auto - reviewed,0,Seemingly completely unrelated,2026-08-08
New Democracy,4,813760806,New Democrats Public Policy Coalition,4,61.01,813760806,California New Deal Democrats,california new deal democrats,auto - reviewed,0,Seemingly completely unrelated,2026-08-08
New Democracy,4,811590001,Kevin Charles Peterson,3,22.91,,,,auto - reviewed,0,Seemingly completely unrelated,2026-08-08
New Florida Majority,4,,,,,270167620,FLORIDA RISING INC,florida rising,manual,1,"OpenSecrets link revealed that this was the correct EIN: 
https://www.opensecrets.org/outside-spending/political-nonprofits/summary?id=270167620",2026-08-08
New Georgia Project Action Fund,4,820934131,New Georgia Project Action Fund,4,143.79,820934131,NEW GEORGIA PROJECT ACTION FUND,new georgia project action fund,auto - reviewed,1,"Exact matches, and only match identified.",2026-08-08
New Jersey Education Assn,4,222087936,New Jersey Education Association,5,38.24,,,,auto - reviewed,0,Too many potential matches to know for certain,2026-08-08
New Jersey Education Assn,4,521392437,New Jersey Education Association,5,38.24,,,,auto - reviewed,0,Too many potential matches to know for certain,2026-08-08
New Jersey Education Assn,4,222131284,New Jersey Education Asociation,5,38.24,,,,auto - reviewed,0,Too many potential matches to know for certain,2026-08-08
New Jersey Education Assn,4,221917641,New Jersey Education Asociation,5,38.24,,,,auto - reviewed,0,Too many potential matches to know for certain,2026-08-08
New Jersey Education Assn,4,510228433,New Jersey Education Association,5,38.24,,,,auto - reviewed,0,Too many potential matches to know for certain,2026-08-08
New Jersey Education Assn,4,237105591,New Jersey Education Association,5,38.24,,,,auto - reviewed,0,Too many potential matches to know for certain,2026-08-08
New Jersey Education Assn,4,237130646,New Jersey Education Association,5,38.24,,,,auto - reviewed,0,Too many potential matches to know for certain,2026-08-08
New Jersey Education Assn,4,222046511,New Jersey Education Association,5,38.24,,,,auto - reviewed,0,Too many potential matches to know for certain,2026-08-08
New Jersey Education Assn,4,237211650,New Jersey Education Association,5,38.24,,,,auto - reviewed,0,Too many potential matches to know for certain,2026-08-08
New Jersey Education Assn,4,222167696,New Jersey Education Association,5,38.24,,,,auto - reviewed,0,Too many potential matches to know for certain,2026-08-08
New Jersey Education Assn,4,237201390,New Jersey Education Association,5,38.24,,,,auto - reviewed,0,Too many potential matches to know for certain,2026-08-08
New Jersey Education Assn,4,222275420,New Jersey Education Asociation,5,38.18,,,,auto - reviewed,0,Too many potential matches to know for certain,2026-08-08
New Jersey Education Assn,4,221980837,New Jersey Education Association,5,38.18,,,,auto - reviewed,0,Too many potential matches to know for certain,2026-08-08
New Jersey Education Assn,4,221913666,New Jersey Education Association,5,35.94,,,,auto - reviewed,0,Too many potential matches to know for certain,2026-08-08
New Jersey Education Assn,4,221916457,New Jersey Education Asociation,5,35.94,,,,auto - reviewed,0,Too many potential matches to know for certain,2026-08-08
New Jersey Education Assn,4,221975383,New Jersey Education Association,5,35.94,,,,auto - reviewed,0,Too many potential matches to know for certain,2026-08-08
New Jersey Education Assn,4,237200365,New Jersey Education Association,5,35.94,,,,auto - reviewed,0,Too many potential matches to know for certain,2026-08-08
New Jersey Education Assn,4,221917524,New Jersey Education Association,5,35.94,,,,auto - reviewed,0,Too many potential matches to know for certain,2026-08-08
New Jersey Education Assn,4,237216727,New Jersey Education Association,5,35.94,,,,auto - reviewed,0,Too many potential matches to know for certain,2026-08-08
New Jersey Education Assn,4,222046434,New Jersey Education Association,5,35.94,,,,auto - reviewed,0,Too many potential matches to know for certain,2026-08-08
New Jersey Education Assn,4,237216869,New Jersey Education Association,5,35.94,,,,auto - reviewed,0,Too many potential matches to know for certain,2026-08-08
New Jersey Education Assn,4,237114158,New Jersey Education Association,5,35.94,,,,auto - reviewed,0,Too many potential matches to know for certain,2026-08-08
New Jersey Education Assn,4,237130644,New Jersey Education Association,5,35.94,,,,auto - reviewed,0,Too many potential matches to know for certain,2026-08-08
New Jersey Education Assn,4,510171506,New Jersey Education Association,5,35.94,,,,auto - reviewed,0,Too many potential matches to know for certain,2026-08-08
New Jersey Education Assn,4,237094852,New Jersey Education Association,5,35.94,,,,auto - reviewed,0,Too many potential matches to know for certain,2026-08-08
New Virginia Majority,4,261377619,New Virginia Majority,4,142.44,261377619,NEW VIRGINIA MAJORITY,new virginia majority,auto - reviewed,1,Exact matches,2026-08-08
New Virginia Majority,4,271705920,Virginia New Majority Education Fund,3,118.07,271705920,VIRGINIA NEW MAJORITY EDUCATION FUND,virginia new majority education fund,auto - reviewed,0,Wrong org type; Possibly related to verified match,2026-08-08
NILC Immigrant Justice Fund,4,462030419,Nilc Immigrant Justice Fund,4,182.86,462030419,NILC IMMIGRANT JUSTICE FUND,nilc immigrant justice fund,auto - reviewed,1,"Exact matches, and only match identified.",2026-08-08
North Carolina A Phillip Randolph Educational Fund,4,473555626,North Carolina A Philip Randolph Educational Fund,4,192.69,473555626,NORTH CAROLINA A PHILIP RANDOLPH EDUCATIONAL FUND,north carolina philip randolph educational fund,auto - reviewed,1,"Exact matches, and only match identified.",2026-08-08
North Carolina Latino Power,4,812248241,North Carolina Latino Power,4,158.49,812248241,NORTH CAROLINA LATINO POWER,north carolina latino power,auto - reviewed,1,"Exact matches, and only match identified.",2026-08-08
NRA Institute for Legislative Action,4,,,,,530116130,NATIONAL RIFLE ASSOCIATION OF AMERICA,national rifle association america,manual,1,"OpenSecrets link revealed that this was the correct EIN: 
https://www.opensecrets.org/outside-spending/political-nonprofits/summary?id=530116130",2026-08-08
NRDC Action Fund,4,133976062,Nrdc Action Fund Inc,4,145.72,133976062,NRDC ACTION FUND INC,nrdc action fund,manual,1,"OpenSecrets link revealed that this was the correct EIN: 
https://www.opensecrets.org/outside-spending/political-nonprofits/summary?id=133976062",2026-08-08
Ocean Champions,4,371502415,Ocean Champions,4,123.64,371502415,,,manual,1,"OpenSecrets link revealed that this was the correct EIN: 
https://www.opensecrets.org/outside-spending/political-nonprofits/summary?id=371502415
However, their latest filing was a 2017 paper filing, which is likely why they don't exist in our database:
https://apps.irs.gov/pub/epostcard/cor/371502415_201712_990O_2019030716156651.pdf",2026-08-08
Ohio Citizen Action,4,341208942,Ohio Citizen Action,4,121.20,341208942,OHIO CITIZEN ACTION,ohio citizen action,auto - reviewed,1,Exact matches,2026-08-08
Ohio Citizen Action,4,341208940,Ohio Citizen Action Education Fund,3,100.45,341208940,OHIO CITIZEN ACTION EDUCATION FUND,ohio citizen action education fund,auto - reviewed,0,Wrong org type; Possibly related to verified match,2026-08-08
Ohio Environmental Council Action Fund,4,474903967,Ohio Environmental Council Action Fund Inc,4,145.60,474903967,OHIO ENVIRONMENTAL COUNCIL ACTION FUND,ohio environmental council action fund,auto - reviewed,1,"Near exact matches, and only match identified.",2026-08-08
Ohio Organizing Campaign,4,263064170,Ohio Organizing Campaign,4,154.84,263064170,THE OHIO ORGANIZING CAMPAIGN,ohio organizing campaign,auto - reviewed,1,"Exact matches, and only match identified.",2026-08-08
Ohio Works,4,991805086,Ohio Works,,97.88,991805086,Ohio Works,ohio works,manual,1,"Matched through to database. Between the two options, this ein had returns through 2024 (matching OpenSecrets cycle).",2026-08-06
Ohio Works,4,820990131,Ohio Works,4,97.88,,,,manual,0,On auto-recovation list.,2026-08-06
Ohio Works,4,341900652,Alliance Of Ohio Work Centers,4,62.36,,,,manual,0,"No exact name match, and no EIN found in database. Additionally already found best match above.",2026-08-06
Ohio Works,4,331202355,Ohio School Social Work Association,6,62.36,,,,manual,0,Not included in top 3 results. Already found verified match.,2026-08-06
Ohio Works,4,341336943,Work In Northeast Ohio Council,3,62.36,,,,manual,0,Not included in top 3 results.,2026-08-06
Ohio Works,4,311395941,The Works Ohio Center Of History Art & Technology,3,57.88,311395941,THE WORKS - OHIO CENTER FOR,works ohio center,manual,0,Not included in top 3 results.,2026-08-06
Ohio Works,4,311636384,High Schools That Work Sw Ohio,3,53.80,311636384,HIGH SCHOOLS THAT WORK SW OHIO,high schools that work sw ohio,manual,0,Not included in top 3 results.,2026-08-06
Ohio Works,4,342039514,Ohio River Valley Clinical Social Work Society,6,53.25,342039514,OHIO RIVER VALLEY CLINICAL SOCIAL WORK,ohio river valley clinical social work,manual,0,Not included in top 3 results.,2026-08-06
Ohio Works,4,922412671,Work Force Enrichment And Development Board Mid Ohio Valley,3,46.46,,,,manual,0,Not included in top 3 results.,2026-08-06
Ohio Works,4,311264978,Work For Jesus,3,21.49,,,,manual,0,Not included in top 3 results.,2026-08-06
Ohio Works,4,262117165,The Ohio State University,3,13.05,,,,manual,0,Not included in top 3 results.,2026-08-06
Ohio Works,4,311296198,The Ohio State University,3,13.05,,,,manual,0,Not included in top 3 results.,2026-08-06
One Campaign,4,10593565,The One Campaign,3,100.54,010593565,The ONE Campaign,one campaign,manual,1,"This search string had an near exact match in the IRS990 search (""The One Campaign""), and there are no other orgs that have closer names. Additionally, the Nonprofit Explorer does have a 2008 filing that matches the year listed in the OpenSecret table:
https://projects.propublica.org/nonprofits/display_990/10593565/2009_12_EO%2F01-0593565_990_200812",2026-08-08
One Campaign,4,823982666,One Peoples Campaign,4,100.54,823982666,ONE Peoples Campaign,one peoples campaign,manual,0,Identified a better match,2026-08-08
One Campaign,4,812052848,Campaign One At A Time,3,83.33,812052848,CAMPAIGN ONE AT A TIME,campaign one at time,manual,0,Identified a better match,2026-08-08
One Campaign,4,464296794,Campaign For One New York,4,83.33,,,,manual,0,Identified a better match,2026-08-08
One Campaign,4,462906419,One Campaign Of The Diocese Of Sacramento Inc,3,66.31,,,,manual,0,Identified a better match,2026-08-08
One Nation,4,271937961,One Nation,4,79.29,271937961,ONE NATION,one nation,manual,1,"OpenSecrets link revealed that this was the correct EIN: 
https://www.opensecrets.org/outside-spending/political-nonprofits/summary?id=271937961",2026-08-08
One Nation,4,851249698,One Nation,3,79.29,,,,manual,0,"OpenSecrets link revealed that this was the incorrect EIN/match: 
https://www.opensecrets.org/outside-spending/political-nonprofits/summary?id=271937961",2026-08-08
One Nation,4,851123404,One World One Nation,3,77.62,851123404,One World One Nation,one world one nation,manual,0,"OpenSecrets link revealed that this was the incorrect EIN/match: 
https://www.opensecrets.org/outside-spending/political-nonprofits/summary?id=271937961",2026-08-08
One Nation,4,813409389,One Faith One Nation,3,77.62,,,,manual,0,"OpenSecrets link revealed that this was the incorrect EIN/match: 
https://www.opensecrets.org/outside-spending/political-nonprofits/summary?id=271937961",2026-08-08
One Nation,4,333822690,One World One Nation,3,77.62,,,,manual,0,"OpenSecrets link revealed that this was the incorrect EIN/match: 
https://www.opensecrets.org/outside-spending/political-nonprofits/summary?id=271937961",2026-08-08
One Nation,4,270592502,One Native Nation Foundation Inc,3,75.29,270592502,ONE NATIVE NATION FOUNDATION INC,one native nation foundation,manual,0,"OpenSecrets link revealed that this was the incorrect EIN/match: 
https://www.opensecrets.org/outside-spending/political-nonprofits/summary?id=271937961",2026-08-08
One Nation,4,820597423,One Love One God One Nation,3,75.10,820597423,ONE LOVE ONE GOD ONE NATION,one love one god one nation,manual,0,"OpenSecrets link revealed that this was the incorrect EIN/match: 
https://www.opensecrets.org/outside-spending/political-nonprofits/summary?id=271937961",2026-08-08
One Nation,4,873253485,One Nation One Project Inc,3,72.31,,,,manual,0,"OpenSecrets link revealed that this was the incorrect EIN/match: 
https://www.opensecrets.org/outside-spending/political-nonprofits/summary?id=271937961",2026-08-08
One Nation,4,880614122,One Nation Innovation,3,71.10,880614122,ONE NATION INNOVATION,one nation innovation,manual,0,"OpenSecrets link revealed that this was the incorrect EIN/match: 
https://www.opensecrets.org/outside-spending/political-nonprofits/summary?id=271937961",2026-08-08
One Nation,4,464248052,One Jam Nation,3,71.10,,,,manual,0,"OpenSecrets link revealed that this was the incorrect EIN/match: 
https://www.opensecrets.org/outside-spending/political-nonprofits/summary?id=271937961",2026-08-08
One Nation,4,815050442,One Love Nation,3,71.10,,,,manual,0,"OpenSecrets link revealed that this was the incorrect EIN/match: 
https://www.opensecrets.org/outside-spending/political-nonprofits/summary?id=271937961",2026-08-08
One Nation,4,474076559,One Nation Inc,3,71.10,,,,manual,0,"OpenSecrets link revealed that this was the incorrect EIN/match: 
https://www.opensecrets.org/outside-spending/political-nonprofits/summary?id=271937961",2026-08-08
One Nation,4,912158218,One Nation Inc,3,71.10,,,,manual,0,"OpenSecrets link revealed that this was the incorrect EIN/match: 
https://www.opensecrets.org/outside-spending/political-nonprofits/summary?id=271937961",2026-08-08
One Nation,4,853128916,One Nation Movement,3,71.10,853128916,One Nation Movement,one nation movement,manual,0,"OpenSecrets link revealed that this was the incorrect EIN/match: 
https://www.opensecrets.org/outside-spending/political-nonprofits/summary?id=271937961",2026-08-08
One Nation,4,882125108,One Nation Preservation,3,71.10,,,,manual,0,"OpenSecrets link revealed that this was the incorrect EIN/match: 
https://www.opensecrets.org/outside-spending/political-nonprofits/summary?id=271937961",2026-08-08
One Nation,4,850485550,One Nation Project,3,71.10,,,,manual,0,"OpenSecrets link revealed that this was the incorrect EIN/match: 
https://www.opensecrets.org/outside-spending/political-nonprofits/summary?id=271937961",2026-08-08
One Nation,4,472218200,One Nation Veterans,19,71.10,,,,manual,0,"OpenSecrets link revealed that this was the incorrect EIN/match: 
https://www.opensecrets.org/outside-spending/political-nonprofits/summary?id=271937961",2026-08-08
One Nation,4,862632667,One Tree Nation,3,71.10,,,,manual,0,"OpenSecrets link revealed that this was the incorrect EIN/match: 
https://www.opensecrets.org/outside-spending/political-nonprofits/summary?id=271937961",2026-08-08
One Nation,4,830642654,One Nation Athletics,3,71.10,,,,manual,0,"OpenSecrets link revealed that this was the incorrect EIN/match: 
https://www.opensecrets.org/outside-spending/political-nonprofits/summary?id=271937961",2026-08-08
One Nation,4,581289413,One Nation Church,3,71.10,,,,manual,0,"OpenSecrets link revealed that this was the incorrect EIN/match: 
https://www.opensecrets.org/outside-spending/political-nonprofits/summary?id=271937961",2026-08-08
One Nation,4,882257252,One Nation Church,3,71.10,,,,manual,0,"OpenSecrets link revealed that this was the incorrect EIN/match: 
https://www.opensecrets.org/outside-spending/political-nonprofits/summary?id=271937961",2026-08-08
One Nation,4,851122543,One Nation Inc,3,71.10,,,,manual,0,"OpenSecrets link revealed that this was the incorrect EIN/match: 
https://www.opensecrets.org/outside-spending/political-nonprofits/summary?id=271937961",2026-08-08
One Nation,4,262636182,One Family Fellowship One Nation Inc,3,67.70,262636182,ONE FAMILY FELLOWSHIPONE NATION INC,one family fellowshipone nation,manual,0,"OpenSecrets link revealed that this was the incorrect EIN/match: 
https://www.opensecrets.org/outside-spending/political-nonprofits/summary?id=271937961",2026-08-08
One Nation,4,872814657,One Nation Under One God Community,3,67.70,,,,manual,0,"OpenSecrets link revealed that this was the incorrect EIN/match: 
https://www.opensecrets.org/outside-spending/political-nonprofits/summary?id=271937961",2026-08-08
One Nation,4,822267805,One Nation Dream Makers,3,64.45,822267805,One Nation Dream Makers,one nation dream makers,manual,0,"OpenSecrets link revealed that this was the incorrect EIN/match: 
https://www.opensecrets.org/outside-spending/political-nonprofits/summary?id=271937961",2026-08-08
One Pittsburgh,4,814809328,One Church Pittsburgh,3,95.75,,,,manual,0,Could not find a good enough match for this,2026-08-08
One Pittsburgh,4,472580727,Pittsburgh Chapter Of Not One More Incorporated,3,67.77,,,,manual,0,Could not find a good enough match for this,2026-08-08
Opportunity for All Action Fund,4,872367015,Opportunity For All Action Fund,4,153.97,872367015,OPPORTUNITY FOR ALL ACTION FUND,opportunity all action fund,auto - reviewed,1,"Exact matches, and only match identified.",2026-08-08
Organize Now,4,271869914,Organize Now Inc,4,115.69,271869914,ORGANIZE NOW INC,organize now,auto - reviewed,1,"Near exact matches, and only match identified.",2026-08-08
Our Community Votes,4,205339299,Our Community Votes Inc,4,107.46,205339299,OUR COMMUNITY VOTES INC,our community votes,manual,1,"OpenSecrets link revealed that this was the correct EIN: 
https://www.opensecrets.org/outside-spending/political-nonprofits/summary?id=205339299",2026-08-08
Our Revolution,4,813260391,Our Revolution,4,94.21,813260391,Our Revolution,our revolution,auto - reviewed,1,Exact matches,2026-08-08
Our Revolution,4,821438321,Our Revolution-texas,4,84.48,821438321,OUR REVOLUTION-TEXAS,our revolution texas,auto - reviewed,0,Wrong org type; Possibly related to verified match,2026-08-08
Our Revolution,4,814853693,Our Wisconsin Revolution Inc,4,76.57,814853693,OUR WISCONSIN REVOLUTION INC,our wisconsin revolution,auto - reviewed,0,Wrong org type; Possibly related to verified match,2026-08-08
Our Revolution,4,364854716,Our Revolution Az Valley Of The Sun,,59.80,,,,auto - reviewed,0,Wrong org type; Possibly related to verified match,2026-08-08
Our Revolution,4,616039199,National Society Of The Daughters Of The American Revolution,3,12.39,,,,auto - reviewed,0,Seemingly completely unrelated,2026-08-08
Painters & Allied Trades Union,6,,,,,131385942,INTERNATIONAL BROTHERHOOD OF PAINTERS &,international brotherhood painters,manual,1,This was the only org returned when using the IRS990 search,2026-08-08
Painters & Allied Trades Union,6,910597991,Painters Trust,9,64.32,910597991,PAINTERS TRUST,painters trust,manual,0,This did not come up when using the IRS990 search,2026-08-08
Painters & Allied Trades Union,6,842139741,Painters Compass,3,64.32,,,,manual,0,This did not come up when using the IRS990 search,2026-08-08
Painters & Allied Trades Union,6,382941407,Chelsea Painters,,64.32,,,,manual,0,This did not come up when using the IRS990 search,2026-08-08
Painters & Allied Trades Union,6,922420501,Charleston Decorative Painters,3,57.67,,,,manual,0,This did not come up when using the IRS990 search,2026-08-08
Painters & Allied Trades Union,6,270243409,Chicago Pastel Painters,3,57.67,,,,manual,0,This did not come up when using the IRS990 search,2026-08-08
Painters & Allied Trades Union,6,920581044,Desert Quail Painters,7,57.67,,,,manual,0,This did not come up when using the IRS990 search,2026-08-08
Painters & Allied Trades Union,6,362872525,Illinois Prairie Painters,6,57.67,,,,manual,0,This did not come up when using the IRS990 search,2026-08-08
Painters & Allied Trades Union,6,911576331,Northwest Decorative Painters,7,57.67,,,,manual,0,This did not come up when using the IRS990 search,2026-08-08
Painters & Allied Trades Union,6,371292822,Painters Local 32,5,57.67,,,,manual,0,This did not come up when using the IRS990 search,2026-08-08
Painters & Allied Trades Union,6,462326992,Saline Painters Guild,3,57.67,,,,manual,0,This did not come up when using the IRS990 search,2026-08-08
Painters & Allied Trades Union,6,844070337,Painter Pals,3,55.13,844070337,PAINTER PALS,painter pals,manual,0,This did not come up when using the IRS990 search,2026-08-08
Painters & Allied Trades Union,6,546053020,Painter Volunteer Fire Co,4,54.70,546053020,PAINTER VOLUNTEER FIRE COMPANY INC,painter volunteer fire company,manual,0,This did not come up when using the IRS990 search,2026-08-08
Painters & Allied Trades Union,6,770403128,Fiesta City Decorative Painters,6,53.73,,,,manual,0,This did not come up when using the IRS990 search,2026-08-08
Painters & Allied Trades Union,6,251465080,Golden Triangle Decorative Painters,6,53.73,,,,manual,0,This did not come up when using the IRS990 search,2026-08-08
Painters & Allied Trades Union,6,581910292,Southern Painters Welfare Fund,9,52.27,581910292,SOUTHERN PAINTERS WELFARE FUND,southern painters welfare fund,manual,0,This did not come up when using the IRS990 search,2026-08-08
Painters & Allied Trades Union,6,381428364,Painters Union Insurance Fund,9,52.27,381428364,PAINTERS UNION INSURANCE FUND,painters union insurance fund,manual,0,This did not come up when using the IRS990 search,2026-08-08
Painters & Allied Trades Union,6,386308236,Painters Union Vacation Fund,9,52.27,386308236,PAINTERS UNION VACATION FUND,painters union vacation fund,manual,0,This did not come up when using the IRS990 search,2026-08-08
Painters & Allied Trades Union,6,50269677,Painters Health & Welfare Fund,9,52.27,,,,manual,0,This did not come up when using the IRS990 search,2026-08-08
Painters & Allied Trades Union,6,363789172,Oil Painters Of America,3,52.27,363789172,Oil Painters of America,oil painters america,manual,0,This did not come up when using the IRS990 search,2026-08-08
Painters & Allied Trades Union,6,341682517,Painters & Decorators Building Incorporated,5,52.27,341682517,PAINTERS & DECORATORS BUILDING INC,painters decorators building,manual,0,This did not come up when using the IRS990 search,2026-08-08
Painters & Allied Trades Union,6,843204238,Dreamcoat Quality Painters Incorporated,3,52.27,843204238,Dreamcoat Quality Painters Inc,dreamcoat quality painters,manual,0,This did not come up when using the IRS990 search,2026-08-08
Painters & Allied Trades Union,6,522036871,Silk Painters International Inc,3,52.27,522036871,SILK PAINTERS INTERNATIONAL INC,silk painters international,manual,0,This did not come up when using the IRS990 search,2026-08-08
Painters & Allied Trades Union,6,136182955,Abingdon Square Painters Inc,3,52.27,136182955,THE ABINGDON SQUARE PAINTERS,abingdon square painters,manual,0,This did not come up when using the IRS990 search,2026-08-08
Painters & Allied Trades Union,6,452636866,Colored Pencil Painters Guild,7,52.27,,,,manual,0,This did not come up when using the IRS990 search,2026-08-08
Painters & Allied Trades Union,6,752090609,Fort Worth Decorative Painters,6,52.27,,,,manual,0,This did not come up when using the IRS990 search,2026-08-08
ParentsTogether Action,4,812699957,Parentstogether Action,4,154.83,812699957,ParentsTogether Action,parentstogether action,auto - reviewed,1,"Exact matches, and only match identified.",2026-08-08
Patients USA,4,822606090,Patients Usa,4,106.37,822606090,PATIENTS USA,patients usa,auto - reviewed,1,Exact matches,2026-08-08
Patients USA,4,850983335,Usa Patient Network,3,86.53,,,,auto - reviewed,0,Wrong org type; Possibly related to verified match,2026-08-08
Patriot Majority USA,4,450710294,Patriot Majority Usa,4,164.43,450710294,PATRIOT MAJORITY USA,patriot majority usa,manual,1,"OpenSecrets link revealed that this was the correct EIN: 
https://www.opensecrets.org/outside-spending/political-nonprofits/summary?id=450710294",2026-08-08
Patriotic Veterans,4,263582447,Patriotic Veterans,4,102.46,263582447,PATRIOTIC VETERANS INC,patriotic veterans,manual,1,"OpenSecrets link revealed that this was the correct EIN: 
https://www.opensecrets.org/outside-spending/political-nonprofits/summary?id=263582447",2026-08-08
Patriotic Veterans,4,933068167,Patriotic Stitchers For Veterans,3,83.28,,,,manual,0,"OpenSecrets link revealed that this was the incorrect EIN/match: 
https://www.opensecrets.org/outside-spending/political-nonprofits/summary?id=263582447",2026-08-08
Patriotic Veterans,4,883959577,Veteran Patriot Support Veterans Healthcare Usa,3,79.59,,,,manual,0,"OpenSecrets link revealed that this was the incorrect EIN/match: 
https://www.opensecrets.org/outside-spending/political-nonprofits/summary?id=263582447",2026-08-08
Patriotic Veterans,4,921411042,Veterans & Patriots United,3,75.03,921411042,VETERANS & PATRIOTS UNITED,veterans patriots united,manual,0,"OpenSecrets link revealed that this was the incorrect EIN/match: 
https://www.opensecrets.org/outside-spending/political-nonprofits/summary?id=263582447",2026-08-08
Patriotic Veterans,4,334311389,Patriot Veteran Alliance,3,70.45,,,,manual,0,"OpenSecrets link revealed that this was the incorrect EIN/match: 
https://www.opensecrets.org/outside-spending/political-nonprofits/summary?id=263582447",2026-08-08
Patriotic Veterans,4,834095185,Patriots And Veterans Association,3,70.11,,,,manual,0,"OpenSecrets link revealed that this was the incorrect EIN/match: 
https://www.opensecrets.org/outside-spending/political-nonprofits/summary?id=263582447",2026-08-08
Patriotic Veterans,4,263776016,Patriots For Veterans Inc,3,70.11,263776016,PATRIOTS FOR VETERANS INC,patriots veterans,manual,0,"OpenSecrets link revealed that this was the incorrect EIN/match: 
https://www.opensecrets.org/outside-spending/political-nonprofits/summary?id=263582447",2026-08-08
Patriotic Veterans,4,873400865,Veterans And Patriots Association,3,70.11,,,,manual,0,"OpenSecrets link revealed that this was the incorrect EIN/match: 
https://www.opensecrets.org/outside-spending/political-nonprofits/summary?id=263582447",2026-08-08
Patriotic Veterans,4,334773218,Patriots Serving Veterans,3,70.01,,,,manual,0,"OpenSecrets link revealed that this was the incorrect EIN/match: 
https://www.opensecrets.org/outside-spending/political-nonprofits/summary?id=263582447",2026-08-08
Patriotic Veterans,4,464016880,Patriot American Veterans Inc,3,68.23,,,,manual,0,"OpenSecrets link revealed that this was the incorrect EIN/match: 
https://www.opensecrets.org/outside-spending/political-nonprofits/summary?id=263582447",2026-08-08
Patriotic Veterans,4,933144573,Patriot Brothers 4 Veterans,3,68.23,,,,manual,0,"OpenSecrets link revealed that this was the incorrect EIN/match: 
https://www.opensecrets.org/outside-spending/political-nonprofits/summary?id=263582447",2026-08-08
Patriotic Veterans,4,474939686,Veterans Patriot Action Conference,19,68.23,,,,manual,0,"OpenSecrets link revealed that this was the incorrect EIN/match: 
https://www.opensecrets.org/outside-spending/political-nonprofits/summary?id=263582447",2026-08-08
Patriotic Veterans,4,474535477,Us Veterans And Patriots Inc,3,66.83,,,,manual,0,"OpenSecrets link revealed that this was the incorrect EIN/match: 
https://www.opensecrets.org/outside-spending/political-nonprofits/summary?id=263582447",2026-08-08
Patriotic Veterans,4,273628041,Usa Patriots Veteran Athletics,3,65.74,273628041,USA PATRIOTS VETERAN ATHLETICS,usa patriots veteran athletics,manual,0,"OpenSecrets link revealed that this was the incorrect EIN/match: 
https://www.opensecrets.org/outside-spending/political-nonprofits/summary?id=263582447",2026-08-08
Patriotic Veterans,4,832220934,Veteran Patriots Foundation Inc,3,65.74,,,,manual,0,"OpenSecrets link revealed that this was the incorrect EIN/match: 
https://www.opensecrets.org/outside-spending/political-nonprofits/summary?id=263582447",2026-08-08
Patriotic Veterans,4,262234317,Kiski Valley Veterans & Patriots Association,3,64.12,262234317,Kiski Valley Veterans & Patriots Association,kiski valley veterans patriots association,manual,0,"OpenSecrets link revealed that this was the incorrect EIN/match: 
https://www.opensecrets.org/outside-spending/political-nonprofits/summary?id=263582447",2026-08-08
Patriotic Veterans,4,841928352,Grove City Veterans And Patriots,3,64.12,,,,manual,0,"OpenSecrets link revealed that this was the incorrect EIN/match: 
https://www.opensecrets.org/outside-spending/political-nonprofits/summary?id=263582447",2026-08-08
Patriotic Veterans,4,900955460,Patriots Salute To Veterans Association,19,64.12,,,,manual,0,"OpenSecrets link revealed that this was the incorrect EIN/match: 
https://www.opensecrets.org/outside-spending/political-nonprofits/summary?id=263582447",2026-08-08
Patriotic Veterans,4,813884918,Veterans And Patriots Citadel Inc,3,64.12,,,,manual,0,"OpenSecrets link revealed that this was the incorrect EIN/match: 
https://www.opensecrets.org/outside-spending/political-nonprofits/summary?id=263582447",2026-08-08
Patriotic Veterans,4,832158479,Veterans And Patriots Performance Group,3,64.12,,,,manual,0,"OpenSecrets link revealed that this was the incorrect EIN/match: 
https://www.opensecrets.org/outside-spending/political-nonprofits/summary?id=263582447",2026-08-08
Patriotic Veterans,4,813866440,Lake Wateree Patriots For Veterans,19,64.12,,,,manual,0,"OpenSecrets link revealed that this was the incorrect EIN/match: 
https://www.opensecrets.org/outside-spending/political-nonprofits/summary?id=263582447",2026-08-08
Patriotic Veterans,4,821021064,Patriot Village Veteran Housing,3,63.86,,,,manual,0,"OpenSecrets link revealed that this was the incorrect EIN/match: 
https://www.opensecrets.org/outside-spending/political-nonprofits/summary?id=263582447",2026-08-08
Patriotic Veterans,4,934814427,Patriot Veterans Coffee House Inc,3,62.40,,,,manual,0,"OpenSecrets link revealed that this was the incorrect EIN/match: 
https://www.opensecrets.org/outside-spending/political-nonprofits/summary?id=263582447",2026-08-08
Patriotic Veterans,4,465021606,New Patriots Veteran Outreach Center,3,60.12,465021606,NEW PATRIOTS VETERAN OUTREACH CENTER,new patriots veteran outreach center,manual,0,"OpenSecrets link revealed that this was the incorrect EIN/match: 
https://www.opensecrets.org/outside-spending/political-nonprofits/summary?id=263582447",2026-08-08
Patriotic Veterans,4,844422342,Veterans And Patriots Animal Coalition Inc,3,59.07,844422342,VETERANS AND PATRIOTS ANIMAL COALITION INC,veterans patriots animal coalition,manual,0,"OpenSecrets link revealed that this was the incorrect EIN/match: 
https://www.opensecrets.org/outside-spending/political-nonprofits/summary?id=263582447",2026-08-08
Pennsylvania Business Council,6,251373676,Pennsylvania Business Council,,117.85,,,,manual,1,"The EIN exists in the IRS990 search, but its latest filing is from 2016, which is likely why it doesn't exist in our database:
https://apps.irs.gov/pub/epostcard/cor/251373676_201607_990O_2018011115111948.pdf",2026-08-08
Pennsylvania Business Council,6,200771774,Pennsylvania Business Council Foundation,,106.82,,,,manual,0,Already identified verified match. Unclear if related to verified match.,2026-08-08
Pennsylvania Stands Up,4,832880678,Pennsylvania Stands Up Inc,4,132.77,832880678,PENNSYLVANIA STANDS UP INC,pennsylvania stands up,auto - reviewed,1,Near exact matches,2026-08-08
Pennsylvania Stands Up,4,854055323,Pennsylvania Stands Up Institute,3,132.77,854055323,PENNSYLVANIA STANDS UP INSTITUTE,pennsylvania stands up institute,auto - reviewed,0,Wrong org type; Possibly related to verified match,2026-08-08
Pennsylvania United,4,823674888,Pennsylvania United,4,81.66,823674888,Pennsylvania United,pennsylvania united,auto - reviewed,1,Exact matches,2026-08-08
Pennsylvania United,4,231672348,United Way Of Pennsylvania,3,66.37,231672348,UNITED WAY OF PENNSYLVANIA,united way pennsylvania,auto - reviewed,0,Seemingly completely unrelated,2026-08-08
Pennsylvania United,4,232999185,Pennsylvania United Medical Association,3,66.37,232999185,PENNSYLVANIA UNITED MEDICAL,pennsylvania united medical,auto - reviewed,0,Seemingly completely unrelated,2026-08-08
Pennsylvania United,4,232375634,United Bowhunters Of Pennsylvania,4,66.37,232375634,United Bowhunters of PA,united bowhunters pa,auto - reviewed,0,Seemingly completely unrelated,2026-08-08
Pennsylvania United,4,201828163,Pennsylvania United Cricket Association,3,66.37,,,,auto - reviewed,0,Seemingly completely unrelated,2026-08-08
Pennsylvania United,4,833740638,Pennsylvania United Chinese Coalition Inc,3,60.69,833740638,Pennsylvania United Chinese Coalition Inc,pennsylvania united chinese coalition,auto - reviewed,0,Seemingly completely unrelated,2026-08-08
Pennsylvania United,4,231409712,United Cerebral Palsy Of Pennsylvania,3,60.69,231409712,UNITED CEREBRAL PALSY OF PENNSYLVANIA,united cerebral palsy pennsylvania,auto - reviewed,0,Seemingly completely unrelated,2026-08-08
Pennsylvania United,4,251896304,Building United Of Southwestern Pennsylvania,3,60.69,251896304,Building United of Southwestern PA,building united southwestern pa,auto - reviewed,0,Seemingly completely unrelated,2026-08-08
Pennsylvania United,4,231734981,Church Women United In Pennsylvania,3,60.69,,,,auto - reviewed,0,Seemingly completely unrelated,2026-08-08
Pennsylvania United,4,271142176,United Muslims Association Of Pennsylvania,3,60.69,,,,auto - reviewed,0,Seemingly completely unrelated,2026-08-08
Pennsylvania United,4,871538522,Caribbean United Organization Of Pennsylvania,3,60.69,,,,auto - reviewed,0,Seemingly completely unrelated,2026-08-08
Pennsylvania United,4,237156758,United Methodist Foundation Of Pennsylvania,3,60.69,,,,auto - reviewed,0,Seemingly completely unrelated,2026-08-08
Pennsylvania United,4,261982599,Unified Sportsmen Of Pennsylvania,4,57.63,261982599,UNIFIED SPORTSMEN OF PENNSYLVANIA,unified sportsmen pennsylvania,auto - reviewed,0,Seemingly completely unrelated,2026-08-08
Pennsylvania United,4,651241811,United Way Of Southeastern Pennsylvania,3,56.62,,,,auto - reviewed,0,Seemingly completely unrelated,2026-08-08
Pennsylvania United,4,251043578,The United Way Of Southwestern Pennsylvania,3,55.91,251043578,THE UNITED WAY OF SOUTHWESTERN,united way southwestern,auto - reviewed,0,Seemingly completely unrelated,2026-08-08
Pennsylvania United,4,240795389,United Neighborhood Centers Of Northeastern Pennsylvania,3,55.91,240795389,UNITED NEIGHBORHOOD CENTERS OF,united neighborhood centers,auto - reviewed,0,Seemingly completely unrelated,2026-08-08
Pennsylvania United,4,205094597,United Cerebral Palsy Foundation Central Pennsylvania,3,55.91,205094597,UNITED CEREBRAL PALSY FOUNDATION OF,united cerebral palsy foundation,auto - reviewed,0,Seemingly completely unrelated,2026-08-08
Pennsylvania United,4,730708546,Ok Pennsylvania Ave United Methodist Church,3,55.91,,,,auto - reviewed,0,Seemingly completely unrelated,2026-08-08
Pennsylvania United,4,231433882,United Cerebral Palsy Of Cental Pennsylvania Inc,3,51.83,231433882,UNITED CEREBRAL PALSY OF,united cerebral palsy,auto - reviewed,0,Seemingly completely unrelated,2026-08-08
Pennsylvania United,4,236684378,United Way Endowment Fund Of Carlisle Pennsylvania,3,51.83,236684378,UNITED WAY ENDOWMENT FUND,united way endowment fund,auto - reviewed,0,Seemingly completely unrelated,2026-08-08
Pennsylvania United,4,232698346,Eastern Pennsylvania-peninsula United Methodist Foundation Inc,3,51.83,,,,auto - reviewed,0,Seemingly completely unrelated,2026-08-08
Pennsylvania United,4,251391617,United Campus Ministry Board Of Shippensburg Pennsylvania,3,51.83,,,,auto - reviewed,0,Seemingly completely unrelated,2026-08-08
Pennsylvania United,4,251182985,United Ministry At The Pennsylvania State University,3,51.83,,,,auto - reviewed,0,Seemingly completely unrelated,2026-08-08
Pennsylvania United,4,842321964,Pennsylvanians United To Protect Children Inc,4,50.28,,,,auto - reviewed,0,Seemingly completely unrelated,2026-08-08
Pennsylvania United,4,455173083,United Cerebral Palsy Service Management Of Central Pennsylvania,3,48.30,455173083,UNITED CEREBRAL PALSY SERVICE,united cerebral palsy service,auto - reviewed,0,Seemingly completely unrelated,2026-08-08
People for the American Way,4,521366721,People For The American Way,4,127.17,521366721,PEOPLE FOR THE AMERICAN WAY,people american way,manual,1,"OpenSecrets link revealed that this was the correct EIN: 
https://www.opensecrets.org/outside-spending/political-nonprofits/summary?id=521366721",2026-08-08
People for the American Way,4,133065716,People For The American Way Foundation,3,117.16,133065716,PEOPLE FOR THE AMERICAN WAY FOUNDATION,people american way foundation,manual,0,"OpenSecrets link revealed that this was the incorrect EIN/match: 
https://www.opensecrets.org/outside-spending/political-nonprofits/summary?id=521366721
Potentially a related 501c3 of the verified match",2026-08-08
People For The American Way,4,521366721,People For The American Way,4,127.17,521366721,PEOPLE FOR THE AMERICAN WAY,people american way,manual,0,duplicate,2026-08-08
People For The American Way,4,133065716,People For The American Way Foundation,3,117.16,133065716,PEOPLE FOR THE AMERICAN WAY FOUNDATION,people american way foundation,manual,0,duplicate,2026-08-08
People's Action,4,262613701,Peoples Action,4,86.62,262613701,PEOPLE'S ACTION,people s action,auto - reviewed,1,Exact matches,2026-08-08
People's Action,4,811303316,Colorado People's Action,4,83.75,811303316,COLORADO PEOPLE'S ACTION,colorado people s action,auto - reviewed,0,Seemingly completely unrelated,2026-08-08
People's Action,4,362755109,Peoples Action Institute,3,77.68,362755109,PEOPLE'S ACTION INSTITUTE,people s action institute,auto - reviewed,0,Wrong org type; Possibly related to verified match,2026-08-08
People's Action,4,371371446,Illinois Peoples Action,3,77.68,371371446,ILLINOIS PEOPLES ACTION,illinois peoples action,auto - reviewed,0,Wrong org type; Possibly related to verified match,2026-08-08
People's Action,4,815472177,Indian Peoples Action,3,77.68,815472177,Indian Peoples Action,indian peoples action,auto - reviewed,0,Wrong org type; Possibly related to verified match,2026-08-08
People's Action,4,460640082,Kansas Peoples Action Inc,4,73.68,,,,auto - reviewed,0,Possibly related to verified match,2026-08-08
People's Action,4,363080683,Austin Peoples Action Center,3,70.41,363080683,AUSTIN PEOPLES ACTION CENTER,austin peoples action center,auto - reviewed,0,Wrong org type; Possibly related to verified match,2026-08-08
People's Action,4,461027572,Peoples Community Action Corporation,3,70.41,461027572,People's Community Action Corporation,people s community action,auto - reviewed,0,Wrong org type; Possibly related to verified match,2026-08-08
People's Action,4,822327692,Native Peoples Action Inc,4,70.41,822327692,Native Peoples Action Inc,native peoples action,auto - reviewed,0,Possibly related to verified match,2026-08-08
People's Action,4,921107297,Peoples Parity Project Action,4,70.41,921107297,PEOPLE'S PARITY PROJECT ACTION,people s parity project action,auto - reviewed,0,Seemingly completely unrelated,2026-08-08
People's Action,4,873017661,People In Action,3,69.58,,,,auto - reviewed,0,Seemingly completely unrelated,2026-08-08
People's Action,4,237367438,People Of Action,3,69.58,,,,auto - reviewed,0,Seemingly completely unrelated,2026-08-08
People's Action,4,832072085,Native Peoples Action Community Fund,3,64.39,832072085,Native Peoples Action Community Fund,native peoples action community fund,auto - reviewed,0,Seemingly completely unrelated,2026-08-08
People's Action,4,562287221,Community Action People Inc,3,63.07,,,,auto - reviewed,0,Seemingly completely unrelated,2026-08-08
People's Action,4,871146589,People For Climate Action,3,63.07,,,,auto - reviewed,0,Seemingly completely unrelated,2026-08-08
People's Action,4,60964553,Peoples Action For Clean Energy Inc,3,59.32,,,,auto - reviewed,0,Seemingly completely unrelated,2026-08-08
People's Action,4,843528071,We The People Action Fund,4,57.68,843528071,We The People Action Fund,we people action fund,auto - reviewed,0,Seemingly completely unrelated,2026-08-08
People's Action,4,943161053,Group Action For Peninsula People,3,57.68,943161053,GROUP ACTION FOR PENINSULA PEOPLE,group action peninsula people,auto - reviewed,0,Seemingly completely unrelated,2026-08-08
People's Action,4,721233221,Young People In Action Inc,3,57.68,721233221,YOUNG PEOPLE IN ACTION INC,young people in action,auto - reviewed,0,Seemingly completely unrelated,2026-08-08
People's Action,4,472260229,People And Pollinators Action Network,3,57.68,472260229,PEOPLE AND POLLINATORS ACTION,people pollinators action,auto - reviewed,0,Seemingly completely unrelated,2026-08-08
People's Action,4,882649676,People Over Prosecution Action Fund,4,57.68,882649676,People over Prosecution Action Fund,people over prosecution action fund,auto - reviewed,0,Seemingly completely unrelated,2026-08-08
People's Action,4,831155241,We The People Pennsylvania Action,4,57.68,831155241,We The People Pennsylvania Action,we people pennsylvania action,auto - reviewed,0,Seemingly completely unrelated,2026-08-08
People's Action,4,921880947,Wecount People In Action Inc,,57.68,921880947,WeCount People in Action Inc,wecount people in action,auto - reviewed,0,Seemingly completely unrelated,2026-08-08
People's Action,4,274267205,Voice Of The People Action,4,57.68,274267205,VOICE OF THE PEOPLE ACTION,voice people action,auto - reviewed,0,Seemingly completely unrelated,2026-08-08
People's Action,4,562129334,Nc For The People Action,4,57.68,562129334,NC For the People Action (formerly NC Voters for Clean Elections),nc people action formerly nc voters clean elections,auto - reviewed,0,Seemingly completely unrelated,2026-08-08
Piedmont Rising,4,842378026,Piedmont Rising Inc,4,108.62,842378026,Piedmont Rising Inc,piedmont rising,auto - reviewed,1,"Near exact matches, and only match identified.",2026-08-08
Planned Parenthood Action Fund,4,133539048,Planned Parenthood Action Fund Inc,4,163.84,133539048,PLANNED PARENTHOOD ACTION FUND INC,planned parenthood action fund,manual,1,"OpenSecrets link revealed that this was the correct EIN: 
https://www.opensecrets.org/outside-spending/political-nonprofits/summary?id=133539048",2026-08-08
Planned Parenthood Action Fund,4,30326364,Planned Parenthood Vermont Action Fund Inc,4,151.53,,,,manual,0,"OpenSecrets link revealed that this was the incorrect EIN/match: 
https://www.opensecrets.org/outside-spending/political-nonprofits/summary?id=133539048
Potentially related to the verified match",2026-08-08
Planned Parenthood Action Fund,4,465689688,Planned Parenthood Maine Action Fund Inc,4,150.92,465689688,Planned Parenthood Maine,planned parenthood maine,manual,0,"OpenSecrets link revealed that this was the incorrect EIN/match: 
https://www.opensecrets.org/outside-spending/political-nonprofits/summary?id=133539048
Potentially related to the verified match",2026-08-08
Planned Parenthood Action Fund,4,201489361,Planned Parenthood Shasta Diablo Action Fund,4,150.92,201489361,Planned Parenthood Shasta-Diablo,planned parenthood shasta diablo,manual,0,"OpenSecrets link revealed that this was the incorrect EIN/match: 
https://www.opensecrets.org/outside-spending/political-nonprofits/summary?id=133539048
Potentially related to the verified match",2026-08-08
Planned Parenthood Action Fund,4,465554692,Planned Parenthood New Hampshire Action Fund Inc,4,139.90,465554692,Planned Parenthood New Hampshire,planned parenthood new hampshire,manual,0,"OpenSecrets link revealed that this was the incorrect EIN/match: 
https://www.opensecrets.org/outside-spending/political-nonprofits/summary?id=133539048
Potentially related to the verified match",2026-08-08
Planned Parenthood Action Fund,4,134133042,Planned Parenthood Hudson Peconic Action Fund Inc,4,139.90,134133042,PLANNED PARENTHOOD HUDSON PECONIC ACTION,planned parenthood hudson peconic action,manual,0,"OpenSecrets link revealed that this was the incorrect EIN/match: 
https://www.opensecrets.org/outside-spending/political-nonprofits/summary?id=133539048
Potentially related to the verified match",2026-08-08
Planned Parenthood Action Fund,4,262837754,Planned Parenthood Health Systems Action Fund Inc,4,139.90,,,,manual,0,"OpenSecrets link revealed that this was the incorrect EIN/match: 
https://www.opensecrets.org/outside-spending/political-nonprofits/summary?id=133539048
Potentially related to the verified match",2026-08-08
Planned Parenthood Action Fund,4,762918374,Planned Parenthood Of Greater Texas Action Fund,4,139.90,762918374,PLANNED PARENTHOOD OF GREATER,planned parenthood greater,manual,0,"OpenSecrets link revealed that this was the incorrect EIN/match: 
https://www.opensecrets.org/outside-spending/political-nonprofits/summary?id=133539048
Potentially related to the verified match",2026-08-08
Planned Parenthood Action Fund,4,841191279,Planned Parenthood Of The Rocky Mountains Action Fund,4,131.75,841191279,PLANNED PARENTHOOD OF THE ROCKY,planned parenthood rocky,manual,0,"OpenSecrets link revealed that this was the incorrect EIN/match: 
https://www.opensecrets.org/outside-spending/political-nonprofits/summary?id=133539048
Potentially related to the verified match",2026-08-08
Planned Parenthood Action Fund,4,223243732,Planned Parenthood Action Fund Of New Jersey Inc,4,130.38,223243732,PLANNED PARENTHOOD ACTION FUND,planned parenthood action fund,manual,0,"OpenSecrets link revealed that this was the incorrect EIN/match: 
https://www.opensecrets.org/outside-spending/political-nonprofits/summary?id=133539048
Potentially related to the verified match",2026-08-08
Planned Parenthood Action Fund,4,383649080,Planned Parenthood Of Nassau County Action Fund Inc,4,130.38,383649080,Planned Parenthood of Nassau,planned parenthood nassau,manual,0,"OpenSecrets link revealed that this was the incorrect EIN/match: 
https://www.opensecrets.org/outside-spending/political-nonprofits/summary?id=133539048
Potentially related to the verified match",2026-08-08
Planned Parenthood Action Fund,4,261579397,Planned Parenthood Of Greater New York Action Fund Inc,,122.07,,,,manual,0,"OpenSecrets link revealed that this was the incorrect EIN/match: 
https://www.opensecrets.org/outside-spending/political-nonprofits/summary?id=133539048
Potentially related to the verified match",2026-08-08
Planned Parenthood Action Fund,4,141772752,Planed Parenthood Of The Mid-hudson Valley Action Fund Inc,4,108.84,,,,manual,0,"OpenSecrets link revealed that this was the incorrect EIN/match: 
https://www.opensecrets.org/outside-spending/political-nonprofits/summary?id=133539048
Potentially related to the verified match",2026-08-08
Planned Parenthood Action Fund,4,133731867,Voice For Choice Planned Parenthood Of New York City Action Fund Inc,4,102.48,133731867,PLANNED PARENTHOOD OF GREATER NEW YORK,planned parenthood greater new york,manual,0,"OpenSecrets link revealed that this was the incorrect EIN/match: 
https://www.opensecrets.org/outside-spending/political-nonprofits/summary?id=133539048
Potentially related to the verified match",2026-08-08
Planned Parenthood Action Fund,4,330468988,Planned Parenthood Affiliates Of California Inc,4,42.44,330468988,COMMUNITY ACTION FUND OF PLANNED,community action fund planned,manual,0,"OpenSecrets link revealed that this was the incorrect EIN/match: 
https://www.opensecrets.org/outside-spending/political-nonprofits/summary?id=133539048
Potentially related to the verified match",2026-08-08
Planned Parenthood Action Fund,4,770304037,Planned Parenthood Affiliates Of California Inc,4,40.47,770304037,PLANNED PARENTHOOD CENTRAL COAST,planned parenthood central coast,manual,0,"OpenSecrets link revealed that this was the incorrect EIN/match: 
https://www.opensecrets.org/outside-spending/political-nonprofits/summary?id=133539048
Potentially related to the verified match",2026-08-08
Planned Parenthood Advocates of Wisconsin,4,391678012,Planned Parenthood Advocates Of Wisconsin Inc,4,177.92,391678012,PLANNED PARENTHOOD ADVOCATES OF,planned parenthood advocates,manual,0,"OpenSecrets link revealed that this was the incorrect EIN/match: 
https://www.opensecrets.org/outside-spending/political-nonprofits/summary?id=133539048
Potentially related to the verified match",2026-08-08
Planned Parenthood Votes! Washington,4,,,,,943168114,PLANNED PARENTHOOD ALLIANCE ADVOCATES,planned parenthood alliance advocates,manual,1,"OpenSecrets link revealed that this was the correct EIN: 
https://www.opensecrets.org/outside-spending/political-nonprofits/summary?id=943168114",2026-08-08
Planned Parenthood/Florida,4,591391115,Planned Parenthood Of Florida Inc,3,137.56,591391115,PLANNED PARENTHOOD OF SOUTH FLORIDA,planned parenthood south florida,manual,1,"Although the org type is wrong, looking at the Planned parenthood/Los Angeles match, that was linked to an EIN that was actually a 501c3 even though the OpenSecrets table indicated it was a 501c4",2026-08-08
Planned Parenthood/Florida,4,593142119,Planned Parenthood Florida Action I Nc,4,126.71,593142119,FLORIDA ALLIANCE OF PLANNED PARENTHOOD,florida alliance planned parenthood,manual,0,"Although the org type is wrong, looking at the Planned parenthood/Los Angeles match, that was linked to an EIN that was actually a 501c3 even though the OpenSecrets table indicated it was a 501c4",2026-08-08
Planned Parenthood/Florida,4,591741900,Florida Association Of Planned Parenthood Affiliates Inc,3,117.46,591741900,FLORIDA ASSOCIATION OF PLANNED,florida association planned,manual,0,Incorrect org type,2026-08-08
Planned Parenthood/Florida,4,591274328,Planned Parenthood Of Southwest And Central Florida Inc,3,109.46,591274328,PLANNED PARENTHOOD OF SOUTHWEST,planned parenthood southwest,manual,0,Incorrect org type,2026-08-08
Planned Parenthood/Los Angeles,4,952408623,Planned Parenthood Los Angeles,3,196.61,952408623,PLANNED PARENTHOOD LOS ANGELES,planned parenthood los angeles,manual,1,"OpenSecrets link revealed that this was the correct EIN: 
https://www.opensecrets.org/outside-spending/political-nonprofits/summary?id=952408623",2026-08-08
Planned Parenthood/Los Angeles,4,954292938,Planned Parenthood Affiliates Of California Inc,4,37.72,954292938,Planned Parenthood Advocacy Project,planned parenthood advocacy project,manual,0,"OpenSecrets link revealed that this was the incorrect EIN/match: 
https://www.opensecrets.org/outside-spending/political-nonprofits/summary?id=952408623",2026-08-08
Planned Parenthood/Mar Monte,4,,,,,770261817,PLANNED PARENTHOOD ADVOCATES MAR MONTE,planned parenthood advocates mar monte,manual,1,"OpenSecrets link revealed that this was the correct EIN: 
https://www.opensecrets.org/outside-spending/political-nonprofits/summary?id=770261817",2026-08-08
Planned Parenthood/Mar Monte,4,941583439,Planned Parenthood Mar Monte Inc,3,190.36,941583439,PLANNED PARENTHOOD MAR MONTE INC,planned parenthood mar monte,manual,0,"OpenSecrets link revealed that this was the incorrect EIN/match: 
https://www.opensecrets.org/outside-spending/political-nonprofits/summary?id=770261817",2026-08-08
Planned Parenthood/Minnesota,4,410948382,Planned Parenthood Minnesota North Dakota South Dakota,3,121.29,410948382,PLANNED PARENTHOOD MINNESOTA NORTH,planned parenthood minnesota north,manual,0,"OpenSecrets link revealed that this was the incorrect EIN/match: 
https://www.opensecrets.org/outside-spending/political-nonprofits/summary?id=411709702",2026-08-08
Planned Parenthood/Minnesota,4,473878626,Planned Parenthood Minnesota North Dakota South Dakota Fund,3,113.04,473878626,PLANNED PARENTHOOD NORTH CENTRAL STATES,planned parenthood north central states,manual,0,"OpenSecrets link revealed that this was the incorrect EIN/match: 
https://www.opensecrets.org/outside-spending/political-nonprofits/summary?id=411709702",2026-08-08
Planned Parenthood/Minnesota,4,411709702,Planned Parenthood Of Minnesota North Dakota South Dakota Actn Fnd,4,99.49,411709702,PLANNED PARENTHOOD MINNESOTA NORTH,planned parenthood minnesota north,manual,1,"OpenSecrets link revealed that this was the correct EIN: 
https://www.opensecrets.org/outside-spending/political-nonprofits/summary?id=411709702",2026-08-08
Planned Parenthood/North Carolina,4,581484820,Planned Parenthood Of Central North Carolina Inc,3,142.49,,,,manual,1,"Although it exists in the nonproft explorer, it does not show up in the IRS990 search, which is likely why it doesn't exist in our database",2026-08-08
Planned Parenthood/North Texas,4,,,,,,,,manual,0,Can't find a close enough match,2026-08-08
Planned Parenthood/Oregon,4,331759324,Planned Parenthood Action Oregon,4,154.66,331759324,PLANNED PARENTHOOD ACTION OREGON,planned parenthood action oregon,auto - reviewed,1,This is the closest match,2026-08-08
Planned Parenthood/Oregon,4,930573822,Planned Parenthood Of Southwestern Oregon,3,141.43,930573822,PLANNED PARENTHOOD OF SW OREGON,planned parenthood sw oregon,auto - reviewed,0,Identified a better match,2026-08-08
Planned Parenthood/Oregon,4,931040482,Planned Parenthood Affiliates Of Oregon,4,134.63,931040482,Planned Parenthood Advocates for Oregon,planned parenthood advocates oregon,auto - reviewed,0,Identified a better match,2026-08-08
Planned Parenthood/Pacific Southwest,4,956111785,Planned Parenthood Of The Pacific Southwest,3,169.64,956111785,PLANNED PARENTHOOD OF THE PACIFIC,planned parenthood pacific,manual,0,"OpenSecrets link revealed that this was the incorrect EIN/match: 
https://www.opensecrets.org/outside-spending/political-nonprofits/summary?id=330476427",2026-08-08
Planned Parenthood/Pacific Southwest,4,330476427,Planned Parenthood Affiliates Of California Inc,4,40.56,330476427,PLANNED PARENTHOOD ACTION FUND OF THE,planned parenthood action fund,manual,1,"OpenSecrets link revealed that this was the correct EIN: 
https://www.opensecrets.org/outside-spending/political-nonprofits/summary?id=330476427",2026-08-08
Planned Parenthood/Pennsylvania,4,232208281,Planned Parenthood Pennsylvania Advocates,4,156.08,232208281,PLANNED PARENTHOOD PENNSYLVANIA,planned parenthood pennsylvania,manual,1,"OpenSecrets link revealed that this was the correct EIN: 
https://www.opensecrets.org/outside-spending/political-nonprofits/summary?id=232208281",2026-08-08
Planned Parenthood/Pennsylvania,4,250965474,Planned Parenthood Of Western Pennsylvania Inc,3,131.47,250965474,PLANNED PARENTHOOD OF WESTERN PA INC,planned parenthood western pa,manual,0,"OpenSecrets link revealed that this was the incorrect EIN/match: 
https://www.opensecrets.org/outside-spending/political-nonprofits/summary?id=232208281",2026-08-08
Planned Parenthood/Pennsylvania,4,231989400,Planned Parenthood Association Of Pennsylvania Inc,3,131.47,231989400,PLANNED PARENTHOOD ASSOCIATION OF PA,planned parenthood association pa,manual,0,"OpenSecrets link revealed that this was the incorrect EIN/match: 
https://www.opensecrets.org/outside-spending/political-nonprofits/summary?id=232208281",2026-08-08
Planned Parenthood/St Louis Region,4,,,,,,,,manual,0,Could not find a good enough match for this,2026-08-08
Planned Parenthood/Wisconsin,4,390863391,Planned Parenthood Of Wisconsn Inc,3,137.26,390863391,PLANNED PARENTHOOD OF WISCONSIN INC,planned parenthood wisconsin,manual,0,"OpenSecrets link revealed that this was the incorrect EIN/match: 
https://www.opensecrets.org/outside-spending/political-nonprofits/summary?id=391678012
Potentially related to the verified match",2026-08-08
Planned Parenthood/Wisconsin,4,391678012,Planned Parenthood Advocates Of Wisconsin Inc,4,130.57,391678012,PLANNED PARENTHOOD ADVOCATES OF,planned parenthood advocates,manual,1,"OpenSecrets link revealed that this was the correct EIN: 
https://www.opensecrets.org/outside-spending/political-nonprofits/summary?id=391678012",2026-08-08
Plus Action Fund,4,811205696,Plus Action Fund,4,125.68,811205696,PLUS Action Fund,plus action fund,auto - reviewed,1,"Exact matches, and only match identified.",2026-08-08
Poder North Carolina Action,4,,,,,842828142,PODER NC ACTION,poder nc action,manual,1,"Googling for ""Poder North Carolina Action EIN"" revealed that it is represented as ""Poder NC Action"" in the Nonprofit Explorer:
https://projects.propublica.org/nonprofits/organizations/842828142",2026-08-08
POWER Action Fund,4,861492251,Power Action Fund,4,115.96,861492251,POWER ACTION FUND,power action fund,auto - reviewed,1,Exact matches,2026-08-08
POWER Action Fund,4,854015096,State Power Action Fund,4,105.10,854015096,STATE POWER ACTION FUND,state power action fund,auto - reviewed,0,Unclear if it is related to the verified match,2026-08-08
POWER Action Fund,4,990601841,Permit Power Action Fund,4,105.10,990601841,PERMIT POWER ACTION FUND,permit power action fund,auto - reviewed,0,Unclear if it is related to the verified match,2026-08-08
POWER Action Fund,4,880986505,Power Rising Action Fund,4,105.10,880986505,POWER RISING ACTION FUND,power rising action fund,auto - reviewed,0,Unclear if it is related to the verified match,2026-08-08
POWER Action Fund,4,933273844,California Black Power Network Action Fund,4,88.53,933273844,CALIFORNIA BLACK POWER NETWORK ACTION,california black power network action,auto - reviewed,0,Unclear if it is related to the verified match,2026-08-08
Power To The Polls Wisconsin,4,,,,,874630043,POWER TO THE POLLS INC,power to polls,manual,1,"Given that the mission indicates that they primarily serve Wisconsin, this seemed like a reasonable match:
https://projects.propublica.org/nonprofits/organizations/874630043/202333199349311488/IRS990",2026-08-08
Powerpac.org,4,,,,,651218474,POWERPAC ORG,powerpac org,manual,1,"OpenSecrets link revealed that this was the correct EIN: 
https://www.opensecrets.org/outside-spending/political-nonprofits/summary?id=651218474",2026-08-08
PowerPac.Org,4,,,,,,,,manual,0,duplicate,2026-08-08
Progress North Carolina Action,4,452862217,Progress North Carolina Action,4,152.52,452862217,PROGRESS NORTH CAROLINA ACTION,progress north carolina action,auto - reviewed,1,Exact name and org type match across the board.,2026-08-06
Progress Project,4,,,,,262404352,EMPOWER IOWA FUND,empower iowa fund,manual,1,"OpenSecrets link revealed that this was the correct EIN: 
https://docs.google.com/spreadsheets/d/1UpglNqHCqCW86j43c4iFU-qdbmsQOH_EO_GdlxJVHV0/edit?gid=2113693347#gid=2113693347",2026-08-08
Progress Project,4,932373735,Progress Project Inc,3,85.94,,,,manual,0,"OpenSecrets link revealed that this was the incorrect EIN/match: 
https://docs.google.com/spreadsheets/d/1UpglNqHCqCW86j43c4iFU-qdbmsQOH_EO_GdlxJVHV0/edit?gid=2113693347#gid=2113693347",2026-08-08
Progress Project,4,453752045,Project Progress Inc,3,85.94,,,,manual,0,"OpenSecrets link revealed that this was the incorrect EIN/match: 
https://docs.google.com/spreadsheets/d/1UpglNqHCqCW86j43c4iFU-qdbmsQOH_EO_GdlxJVHV0/edit?gid=2113693347#gid=2113693347",2026-08-08
Progress Project,4,264045890,Projects For Progress,3,81.29,264045890,Projects for Progress INC,projects progress,manual,0,"OpenSecrets link revealed that this was the incorrect EIN/match: 
https://docs.google.com/spreadsheets/d/1UpglNqHCqCW86j43c4iFU-qdbmsQOH_EO_GdlxJVHV0/edit?gid=2113693347#gid=2113693347",2026-08-08
Progress Project,4,462130347,El Progreso Project Inc,3,71.83,,,,manual,0,"OpenSecrets link revealed that this was the incorrect EIN/match: 
https://docs.google.com/spreadsheets/d/1UpglNqHCqCW86j43c4iFU-qdbmsQOH_EO_GdlxJVHV0/edit?gid=2113693347#gid=2113693347",2026-08-08
Progress Project,4,753221290,Harambee In Progress Project Inc,3,71.22,,,,manual,0,"OpenSecrets link revealed that this was the incorrect EIN/match: 
https://docs.google.com/spreadsheets/d/1UpglNqHCqCW86j43c4iFU-qdbmsQOH_EO_GdlxJVHV0/edit?gid=2113693347#gid=2113693347",2026-08-08
Progress Project,4,883504645,Project Hope-helping Others Progress Everyday,3,65.61,,,,manual,0,"OpenSecrets link revealed that this was the incorrect EIN/match: 
https://docs.google.com/spreadsheets/d/1UpglNqHCqCW86j43c4iFU-qdbmsQOH_EO_GdlxJVHV0/edit?gid=2113693347#gid=2113693347",2026-08-08
Progress Project,4,881310925,Project Due Process Inc,3,64.05,,,,manual,0,"OpenSecrets link revealed that this was the incorrect EIN/match: 
https://docs.google.com/spreadsheets/d/1UpglNqHCqCW86j43c4iFU-qdbmsQOH_EO_GdlxJVHV0/edit?gid=2113693347#gid=2113693347",2026-08-08
Progress Project,4,811112066,Foundational Skills Progress Thru Projects,3,61.67,,,,manual,0,"OpenSecrets link revealed that this was the incorrect EIN/match: 
https://docs.google.com/spreadsheets/d/1UpglNqHCqCW86j43c4iFU-qdbmsQOH_EO_GdlxJVHV0/edit?gid=2113693347#gid=2113693347",2026-08-08
Progress Project,4,474824452,Protect Baltimore County Zoning Process Inc,,50.41,,,,manual,0,"OpenSecrets link revealed that this was the incorrect EIN/match: 
https://docs.google.com/spreadsheets/d/1UpglNqHCqCW86j43c4iFU-qdbmsQOH_EO_GdlxJVHV0/edit?gid=2113693347#gid=2113693347",2026-08-08
Progress Project,4,412251298,Lean Product And Process Development Exchange Inc,3,43.44,412251298,LEAN PRODUCT AND PROCESS DEVELOPMENT EXCHANGE INC,lean product process development exchange,manual,0,"OpenSecrets link revealed that this was the incorrect EIN/match: 
https://docs.google.com/spreadsheets/d/1UpglNqHCqCW86j43c4iFU-qdbmsQOH_EO_GdlxJVHV0/edit?gid=2113693347#gid=2113693347",2026-08-08
Progress Project,4,931314754,Oregon Progress Forum,3,22.83,931314754,OREGON PROGRESS FORUM,oregon progress forum,manual,0,"OpenSecrets link revealed that this was the incorrect EIN/match: 
https://docs.google.com/spreadsheets/d/1UpglNqHCqCW86j43c4iFU-qdbmsQOH_EO_GdlxJVHV0/edit?gid=2113693347#gid=2113693347",2026-08-08
Progress Project,4,510525265,World Coral Reef Projects,3,14.74,,,,manual,0,"OpenSecrets link revealed that this was the incorrect EIN/match: 
https://docs.google.com/spreadsheets/d/1UpglNqHCqCW86j43c4iFU-qdbmsQOH_EO_GdlxJVHV0/edit?gid=2113693347#gid=2113693347",2026-08-08
Progressive Future,4,,,,,261525298,FAIR SHARE INC,fair share,manual,1,"OpenSecrets link revealed that this was the correct EIN: 
https://www.opensecrets.org/outside-spending/political-nonprofits/summary?id=261525298",2026-08-08
Progressive Future,4,331559036,Progressive Futures,3,103.02,,,,manual,0,"OpenSecrets link revealed that this was the incorrect EIN/match: 
https://www.opensecrets.org/outside-spending/political-nonprofits/summary?id=261525298",2026-08-08
Progressive Future,4,822119269,Progressive Futures Foundation,3,92.38,,,,manual,0,"OpenSecrets link revealed that this was the incorrect EIN/match: 
https://www.opensecrets.org/outside-spending/political-nonprofits/summary?id=261525298",2026-08-08
Progressive Future,4,272301175,Action For A Progressive Future,4,82.54,272301175,Action For A Progressive Future,action progressive future,manual,0,"OpenSecrets link revealed that this was the incorrect EIN/match: 
https://www.opensecrets.org/outside-spending/political-nonprofits/summary?id=261525298",2026-08-08
Progressive Future,4,844677144,Coalition For A More Progressive Future,,76.04,844677144,Coalition for a More Progressive Future,coalition more progressive future,manual,0,"OpenSecrets link revealed that this was the incorrect EIN/match: 
https://www.opensecrets.org/outside-spending/political-nonprofits/summary?id=261525298",2026-08-08
Progressive Leadership Alliance/Nevada Action Fund,4,452606048,Progressive Leadership Alliance Of Nevada Action Fund,4,178.32,452606048,PROGRESSIVE LEADERSHIP ALLIANCE OF NEVADA ACTION,progressive leadership alliance nevada action,manual,1,"OpenSecrets link revealed that this was the correct EIN: 
https://www.opensecrets.org/outside-spending/political-nonprofits/summary?id=452606048",2026-08-08
ProgressNow,4,208720230,Progressnow,4,99.54,208720230,PROGRESS NOW INC,progress now,auto - reviewed,1,"Exact matches (Filings include 'Inc', but the IRS 990 search returns an exact match)",2026-08-08
ProgressNow,4,208720291,Progressnow Education,3,88.06,208720291,PROGRESS NOW EDUCATION,progress now education,auto - reviewed,0,Wrong org type; Possibly related to verified match,2026-08-08
ProgressNow,4,833393572,Progressnow Az,4,88.06,833393572,PROGRESS ARIZONA,progress arizona,auto - reviewed,0,Possibly related to verified match,2026-08-08
ProgressNow,4,651244918,Progressnow Colorado,4,88.06,651244918,PROGRESSNOW COLORADO,progressnow colorado,auto - reviewed,0,Possibly related to verified match,2026-08-08
ProgressNow,4,833494676,Progressnow Az Institute,3,78.96,833494676,PROGRESS NOW ARIZONA INSTITUTE,progress now arizona institute,auto - reviewed,0,Wrong org type; Possibly related to verified match,2026-08-08
ProgressNow,4,731674017,Progressnow Colorado Education,3,78.96,731674017,PROGRESSNOW COLORADO EDUCATION,progressnow colorado education,auto - reviewed,0,Wrong org type; Possibly related to verified match,2026-08-08
ProgressNow,4,454130072,Progressnow New Mexico,4,78.96,454130072,PROGRESSNOW NEW MEXICO,progressnow new mexico,auto - reviewed,0,Possibly related to verified match,2026-08-08
ProgressNow,4,463752866,Progression Partners,3,72.05,463752866,Progression Partners,progression partners,auto - reviewed,0,Seemingly completely unrelated,2026-08-08
ProgressNow,4,300665301,Progression Ministries,3,72.05,300665301,PROGRESSION MINISTRIES,progression ministries,auto - reviewed,0,Seemingly completely unrelated,2026-08-08
ProgressNow,4,464757963,Progression Foundation,3,72.05,464757963,PROGRESSION FOUNDATION,progression foundation,auto - reviewed,0,Seemingly completely unrelated,2026-08-08
ProgressNow,4,465077622,Progression Services,3,72.05,,,,auto - reviewed,0,Seemingly completely unrelated,2026-08-08
ProgressNow,4,820670573,Upward Progression,3,72.05,,,,auto - reviewed,0,Seemingly completely unrelated,2026-08-08
ProgressNow,4,843746047,Souljas Progression,3,72.05,,,,auto - reviewed,0,Seemingly completely unrelated,2026-08-08
ProgressNow,4,50380608,Progresso Latino,3,68.49,,,,auto - reviewed,0,Seemingly completely unrelated,2026-08-08
ProgressNow,4,660981155,Plan Progresso,3,68.49,,,,auto - reviewed,0,Seemingly completely unrelated,2026-08-08
ProgressNow,4,454128254,Progressnow New Mexico Education Fund,3,65.44,454128254,PROGRESSNOW NEW MEXICO EDUCATION,progressnow new mexico education,auto - reviewed,0,Seemingly completely unrelated,2026-08-08
ProgressNow,4,932773890,Purposeful Progression,3,64.75,,,,auto - reviewed,0,Seemingly completely unrelated,2026-08-08
ProgressNow,4,562646206,Progression Lacrosse Inc,3,64.60,,,,auto - reviewed,0,Seemingly completely unrelated,2026-08-08
ProgressNow,4,204228211,Continuing Progression Center,3,64.60,,,,auto - reviewed,0,Seemingly completely unrelated,2026-08-08
ProgressNow,4,814287129,Influential Positive Progression,3,64.60,,,,auto - reviewed,0,Seemingly completely unrelated,2026-08-08
ProgressNow,4,825471873,Kingdom Progression Services,3,64.60,,,,auto - reviewed,0,Seemingly completely unrelated,2026-08-08
ProgressNow,4,831309493,Poverty To Progression,3,64.60,,,,auto - reviewed,0,Seemingly completely unrelated,2026-08-08
ProgressNow,4,582297393,Progression Housing Foundation,3,64.60,,,,auto - reviewed,0,Seemingly completely unrelated,2026-08-08
ProgressNow,4,994315229,Stepbystep Progression Inc,3,64.60,,,,auto - reviewed,0,Seemingly completely unrelated,2026-08-08
ProgressNow,4,394491400,Transparent Progression Inc,3,64.60,,,,auto - reviewed,0,Seemingly completely unrelated,2026-08-08
Protect Our Care,4,,,,,264486735,SIXTEEN THIRTY FUND,sixteen thirty fund,manual,1,"A google search for ""Protect Our Care EIN"" returned the org's website which indicated the 501c4, and related 501c3's, EIN:
https://www.protectourcare.org/matt-farrey/
Under the check drop down
It's another 1630 Fund DBA name",2026-08-08
Protect Our Care,4,824351087,Protect Our Local Hospitals And Health Care,,76.34,824351087,Protect our Local Hospitals and Health,protect our local hospitals health,manual,0,Identified a better match,2026-08-08
Protect Our Care,4,824649933,Protect Our Pomona Hospitals And Health Care,,76.34,824649933,Protect our Pomona Hospitals and Health,protect our pomona hospitals health,manual,0,Identified a better match,2026-08-08
Protect Our Winters Action Fund,4,823030363,Protect Our Winters Action Fund,4,166.80,823030363,PROTECT OUR WINTERS ACTION FUND,protect our winters action fund,auto - reviewed,1,"Exact matches, and only match identified.",2026-08-08
Protect the Harvest,4,471734842,Protect The Harvest,3,98.13,471734842,PROTECT THE HARVEST,protect harvest,manual,0,"OpenSecrets link revealed that this was the incorrect EIN/match: 
https://www.opensecrets.org/outside-spending/political-nonprofits/summary?id=453551569
However, it could be related to the verified match",2026-08-08
Protect the Harvest,4,842516466,The Harvest Project Inc,3,84.74,842516466,THE HARVEST PROJECT INC,harvest project,manual,0,"OpenSecrets link revealed that this was the incorrect EIN/match: 
https://www.opensecrets.org/outside-spending/political-nonprofits/summary?id=453551569",2026-08-08
Protect the Harvest,4,453551569,Protect The Harvest Action Fund,4,81.34,453551569,PROTECT THE HARVEST ACTION FUND,protect harvest action fund,manual,1,"OpenSecrets link revealed that this was the correct EIN: 
https://www.opensecrets.org/outside-spending/political-nonprofits/summary?id=453551569",2026-08-08
Protect the Harvest,4,334431576,Harvest Outreach People Project,3,24.78,,,,manual,0,"OpenSecrets link revealed that this was the incorrect EIN/match: 
https://www.opensecrets.org/outside-spending/political-nonprofits/summary?id=453551569",2026-08-08
Protecting America Initiative,4,,,,,,,,manual,0,It seems to be registered with the FEC and not the IRS: https://www.fec.gov/data/committee/C30003438/,2026-08-08
Public Integrity Alliance,4,460793813,Arizona Public Integrity Alliance Inc,4,109.14,460793813,PUBLIC INTEGRITY ALLIANCE INC,public integrity alliance,auto - reviewed,1,"Exact matches, and only match identified.",2026-08-08
Rebuild USA,4,,,,,921545930,AMERICAN JOBS NOW,american jobs now,manual,1,"Googling ""Rebuild USA EIN"" returned the following website:
https://www.causeiq.com/organizations/rebuild-usa,921545930/
This website indicated an EIN that matched an org in the IRS990 search. A 2024 filing of theirs included ""REBUILD USA"" as their ""Doing business as"" name:
https://apps.irs.gov/pub/epostcard/cor/921545930_202412_990O_2026041424094431.pdf",2026-08-08
Rebuild USA,4,611800010,Rebuild Japan Initiative Foundation Usa Inc,3,75.03,611800010,REBUILD JAPAN INITIATIVE,rebuild japan initiative,manual,0,Identified a better match,2026-08-08
Red Wine & Blue,4,844355156,Red Wine & Blue,4,103.85,844355156,RED WINE & BLUE,red wine blue,auto - reviewed,1,Exact matches,2026-08-08
Red Wine & Blue,4,461469707,Red Wing Ignite,3,101.21,461469707,RED WING IGNITE,red wing ignite,auto - reviewed,0,Identified a better match,2026-08-08
Red Wine & Blue,4,311677778,Red Wing Education Association,5,95.07,,,,auto - reviewed,0,Identified a better match,2026-08-08
Red Wine & Blue,4,237033186,Red Wing Wildlife Protective League Of Red Wing Minnesota,3,94.95,237033186,RED WING WILDLIFE LEAGUE,red wing wildlife league,auto - reviewed,0,Identified a better match,2026-08-08
Red Wine & Blue,4,410793629,Red Wing Credit Union,14,92.83,410793629,RED WING CREDIT UNION,red wing credit union,auto - reviewed,0,Identified a better match,2026-08-08
Red Wine & Blue,4,410695614,Red Wing Family Ymca,3,92.83,410695614,RED WING FAMILY YMCA,red wing family ymca,auto - reviewed,0,Identified a better match,2026-08-08
Red Wine & Blue,4,416039135,Red Wing Art Association,3,92.83,416039135,Red Wing Arts Association,red wing arts association,auto - reviewed,0,Identified a better match,2026-08-08
Red Wine & Blue,4,410657053,Red Wing Golf Club,7,92.83,,,,auto - reviewed,0,Identified a better match,2026-08-08
Red Wine & Blue,4,416017204,Red Wing Yacht Club,7,92.83,416017204,RED WING YACHT CLUB,red wing yacht club,auto - reviewed,0,Identified a better match,2026-08-08
Red Wine & Blue,4,452827019,Red Wing Marine Museum,3,92.83,452827019,RED WING MARINE MUSEUM,red wing marine museum,auto - reviewed,0,Identified a better match,2026-08-08
Red Wine & Blue,4,432019407,Red Wing Band Boosters,3,92.83,,,,auto - reviewed,0,Identified a better match,2026-08-08
Red Wine & Blue,4,870803479,Red Wing Booster Club,3,92.83,870803479,RED WING BOOSTER CLUB,red wing booster club,auto - reviewed,0,Identified a better match,2026-08-08
Red Wine & Blue,4,416027299,Red Wing Conservation Club,3,92.83,416027299,RED WING CONSERVATION CLUB,red wing conservation club,auto - reviewed,0,Identified a better match,2026-08-08
Red Wine & Blue,4,200600799,Red Wing Rotary Foundation,3,92.83,,,,auto - reviewed,0,Identified a better match,2026-08-08
Red Wine & Blue,4,416037519,Red Wing Sportsmens Club,7,92.83,,,,auto - reviewed,0,Identified a better match,2026-08-08
Red Wine & Blue,4,411809786,Red Wing Youth Football,3,92.83,,,,auto - reviewed,0,Identified a better match,2026-08-08
Red Wine & Blue,4,411816535,The Red Wing Singers,3,92.83,,,,auto - reviewed,0,Identified a better match,2026-08-08
Red Wine & Blue,4,43586418,Calvary Chapel Red Wing,3,92.83,,,,auto - reviewed,0,Identified a better match,2026-08-08
Red Wine & Blue,4,813019655,Red Wing Trolley Co,3,92.83,,,,auto - reviewed,0,Identified a better match,2026-08-08
Red Wine & Blue,4,331336297,Red Wing Robotics,3,89.52,,,,auto - reviewed,0,Identified a better match,2026-08-08
Red Wine & Blue,4,814005958,Red Wing Innovation Incubator Inc,3,89.01,,,,auto - reviewed,0,Identified a better match,2026-08-08
Red Wine & Blue,4,871115877,Red Wine & Blue Education Fund,3,86.08,871115877,RED WINE & BLUE EDUCATION FUND,red wine blue education fund,auto - reviewed,0,Wrong org type; Possibly related to verified match,2026-08-08
Red Wine & Blue,4,453245852,Red Wing Municipal Golf Corporation,3,85.89,453245852,RED WING MUNICIPAL GOLF CORPORATION,red wing municipal golf,auto - reviewed,0,Identified a better match,2026-08-08
Red Wine & Blue,4,416020177,Red Wing Shoe Company Foundation,3,85.89,416020177,RED WING SHOE COMPANY FOUNDATION,red wing shoe company foundation,auto - reviewed,0,Identified a better match,2026-08-08
Red Wine & Blue,4,410967058,Red Wing Environmental Learning Center,3,85.89,410967058,RED WING ENVIRONMENTAL LEARNING CENTER,red wing environmental learning center,auto - reviewed,0,Identified a better match,2026-08-08
Republican Hindu Coalition,4,475545490,Republican Hindu Coalition,4,160.23,475545490,REPUBLICAN HINDU COALITION,republican hindu coalition,auto - reviewed,1,Exact matches,2026-08-08
Republican Jewish Coalition,4,521386172,Republican Jewish Coalition,4,145.90,521386172,REPUBLICAN JEWISH COALITION,republican jewish coalition,auto - reviewed,0,Identified a better match,2026-08-08
Revere America,4,,,,,,,,manual,1,"OpenSecrets link revealed that this was the correct EIN: 
https://www.opensecrets.org/outside-spending/political-nonprofits/summary?id=272334193
However, there aren't any filings returned by the IRS990 search, which likely why it doesn't exist in our databse",2026-08-08
Revere America,4,861900155,Revive America,3,74.74,,,,manual,0,"OpenSecrets link revealed that this was the incorrect EIN/match: 
https://www.opensecrets.org/outside-spending/political-nonprofits/summary?id=272334193",2026-08-08
Revere America,4,994616917,Revive America,3,74.74,,,,manual,0,"OpenSecrets link revealed that this was the incorrect EIN/match: 
https://www.opensecrets.org/outside-spending/political-nonprofits/summary?id=272334193",2026-08-08
Revere America,4,454070397,Revive America Ministries,3,67.01,,,,manual,0,"OpenSecrets link revealed that this was the incorrect EIN/match: 
https://www.opensecrets.org/outside-spending/political-nonprofits/summary?id=272334193",2026-08-08
Revere America,4,422119982,Revive Historic America,3,67.01,,,,manual,0,"OpenSecrets link revealed that this was the incorrect EIN/match: 
https://www.opensecrets.org/outside-spending/political-nonprofits/summary?id=272334193",2026-08-08
Revere America,4,341565935,American Revenue Association,3,63.29,341565935,American Revenue Association,american revenue association,manual,0,"OpenSecrets link revealed that this was the incorrect EIN/match: 
https://www.opensecrets.org/outside-spending/political-nonprofits/summary?id=272334193",2026-08-08
Revere America,4,852464853,Revive The American Dream,3,57.36,852464853,REVIVE THE AMERICAN DREAM,revive american dream,manual,0,"OpenSecrets link revealed that this was the incorrect EIN/match: 
https://www.opensecrets.org/outside-spending/political-nonprofits/summary?id=272334193",2026-08-08
Revere America,4,872279312,Paul Revere Leber American Legion Post 372 Auxiliary,3,55.23,,,,manual,0,"OpenSecrets link revealed that this was the incorrect EIN/match: 
https://www.opensecrets.org/outside-spending/political-nonprofits/summary?id=272334193",2026-08-08
Revere America,4,311788764,Asian Pacific American Internal Revenue Employees,3,47.15,,,,manual,0,"OpenSecrets link revealed that this was the incorrect EIN/match: 
https://www.opensecrets.org/outside-spending/political-nonprofits/summary?id=272334193",2026-08-08
Revere America,4,320091582,Asian Pacific American Internal Revenue Employees,3,45.23,,,,manual,0,"OpenSecrets link revealed that this was the incorrect EIN/match: 
https://www.opensecrets.org/outside-spending/political-nonprofits/summary?id=272334193",2026-08-08
Revere America,4,412099114,Asian Pacific American Internal Revenue Employees,3,45.23,,,,manual,0,"OpenSecrets link revealed that this was the incorrect EIN/match: 
https://www.opensecrets.org/outside-spending/political-nonprofits/summary?id=272334193",2026-08-08
Revere America,4,943388139,Asian Pacific American Internal Revenue Employees,3,45.23,,,,manual,0,"OpenSecrets link revealed that this was the incorrect EIN/match: 
https://www.opensecrets.org/outside-spending/political-nonprofits/summary?id=272334193",2026-08-08
Revere America,4,861078112,Asian Pacific American Internal Revenue Employees,3,44.44,,,,manual,0,"OpenSecrets link revealed that this was the incorrect EIN/match: 
https://www.opensecrets.org/outside-spending/political-nonprofits/summary?id=272334193",2026-08-08
Revere America,4,472781932,Asian Pacific American Internal Revenue Employees,3,44.44,,,,manual,0,"OpenSecrets link revealed that this was the incorrect EIN/match: 
https://www.opensecrets.org/outside-spending/political-nonprofits/summary?id=272334193",2026-08-08
Revere America,4,510489452,Asian Pacific American Internal Revenue Employees,3,44.44,,,,manual,0,"OpenSecrets link revealed that this was the incorrect EIN/match: 
https://www.opensecrets.org/outside-spending/political-nonprofits/summary?id=272334193",2026-08-08
Revere America,4,20649134,Asian Pacific American Internal Revenue Employees,3,43.74,,,,manual,0,"OpenSecrets link revealed that this was the incorrect EIN/match: 
https://www.opensecrets.org/outside-spending/political-nonprofits/summary?id=272334193",2026-08-08
Revere America,4,341988397,Asian Pacific American Internal Revenue Employees,3,43.10,,,,manual,0,"OpenSecrets link revealed that this was the incorrect EIN/match: 
https://www.opensecrets.org/outside-spending/political-nonprofits/summary?id=272334193",2026-08-08
Revere America,4,363251114,American Legion Auxiliary,19,22.27,,,,manual,0,"OpenSecrets link revealed that this was the incorrect EIN/match: 
https://www.opensecrets.org/outside-spending/political-nonprofits/summary?id=272334193",2026-08-08
Revere America,4,231573560,American Legion,19,20.72,231573560,AMERICAN LEGION PAUL REVERE LEBER POST 372,american legion paul revere leber post 372,manual,0,"OpenSecrets link revealed that this was the incorrect EIN/match: 
https://www.opensecrets.org/outside-spending/political-nonprofits/summary?id=272334193",2026-08-08
Revere America,4,236297066,American Legion,19,16.83,236297066,AMERICAN LEGION POST 328 AMBROSE,american legion post 328 ambrose,manual,0,"OpenSecrets link revealed that this was the incorrect EIN/match: 
https://www.opensecrets.org/outside-spending/political-nonprofits/summary?id=272334193",2026-08-08
Revere America,4,46180860,American Federation Of State County & Municipal Employees,5,16.21,,,,manual,0,"OpenSecrets link revealed that this was the incorrect EIN/match: 
https://www.opensecrets.org/outside-spending/political-nonprofits/summary?id=272334193",2026-08-08
Revere America,4,831026487,American Federation Of State County & Municipal Employees,5,15.37,,,,manual,0,"OpenSecrets link revealed that this was the incorrect EIN/match: 
https://www.opensecrets.org/outside-spending/political-nonprofits/summary?id=272334193",2026-08-08
Revere America,4,46112823,National Society Of The Daughters Of The American Revolution,3,15.37,,,,manual,0,"OpenSecrets link revealed that this was the incorrect EIN/match: 
https://www.opensecrets.org/outside-spending/political-nonprofits/summary?id=272334193",2026-08-08
Revere America,4,237027392,National Society Of The Daughters Of The American Revolution,3,15.37,,,,manual,0,"OpenSecrets link revealed that this was the incorrect EIN/match: 
https://www.opensecrets.org/outside-spending/political-nonprofits/summary?id=272334193",2026-08-08
Revere America,4,746062741,National Society Of The Sons Of The American Revolution,3,15.37,,,,manual,0,"OpenSecrets link revealed that this was the incorrect EIN/match: 
https://www.opensecrets.org/outside-spending/political-nonprofits/summary?id=272334193",2026-08-08
Revere America,4,901249970,American Federation Of State County & Municipal Employees,5,15.37,,,,manual,0,"OpenSecrets link revealed that this was the incorrect EIN/match: 
https://www.opensecrets.org/outside-spending/political-nonprofits/summary?id=272334193",2026-08-08
Right Way Initiative,4,474910347,Right Way Initiative Inc,,122.24,474910347,RIGHT WAY INITIATIVE INC,right way initiative,auto - reviewed,1,Nearr exact matches,2026-08-08
Rightchange.com,4,272531555,Rightchangecom Ii,,104.78,,,,manual,1,"OpenSecrets link revealed that this was the correct EIN: 
https://www.opensecrets.org/outside-spending/political-nonprofits/summary?id=272531555
However, there aren't any filings returned by the IRS990 search, which likely why it doesn't exist in our databse",2026-08-08
Rise Inc (Los Angeles),4,,,,,,,,manual,1,"Googling ""Rise Inc (Los Angeles) EIN"" returned a filing with the closest name match:
https://risefree.org/wp-content/uploads/2024/02/RISE-INC-2020-990.pdf
Which corresponds to the filing in the same year in the IRS990 search:
https://apps.irs.gov/pub/epostcard/cor/821876815_202012_990O_2022102720612015.pdf
",2026-08-08
Rise Inc (Los Angeles),4,872142080,Rideback Rise Inc,3,66.01,872142080,RIDEBACK RISE INC,rideback rise,manual,0,Identified better match,2026-08-08
Rise Inc (Los Angeles),4,392478455,Rise N Thrive Inc,3,60.54,,,,manual,0,Identified better match,2026-08-08
Rise Inc (Los Angeles),4,393733168,Rise And Shine Outreach Inc,3,56.01,,,,manual,0,Identified better match,2026-08-08
Rocky Mountain Values,4,841860320,Rocky Mountain Values,4,116.68,841860320,Rocky Mountain Values,rocky mountain values,auto - reviewed,1,Exact matches,2026-08-08
Rocky Mountain Values,4,993857184,Tennessee Valley Rocky Mountain Horse,3,87.64,,,,auto - reviewed,0,Identified better match,2026-08-08
Rocky Mountain Values,4,412364881,Ohio Valley Rocky Mountain Horse Cl Ub,3,74.83,,,,auto - reviewed,0,Identified better match,2026-08-08
Rocky Mountain Values,4,611341983,Rocky Mountain Elk Foundation,3,25.68,,,,auto - reviewed,0,Identified better match,2026-08-08
Rocky Mountain Values,4,481147402,Rocky Mountain Elk Foundation Inc,3,25.68,,,,auto - reviewed,0,Identified better match,2026-08-08
Rocky Mountain Values,4,912100252,Rocky Mountain Elk Foundation Inc,3,25.68,,,,auto - reviewed,0,Identified better match,2026-08-08
Rocky Mountain Values,4,912036675,Rocky Mountain Elk Foundation Inc,3,25.68,,,,auto - reviewed,0,Identified better match,2026-08-08
Rocky Mountain Values,4,450452472,Rocky Mountain Elk Foundation,3,25.68,,,,auto - reviewed,0,Identified better match,2026-08-08
Rocky Mountain Values,4,912100146,Rocky Mountain Elk Foundation,3,25.68,,,,auto - reviewed,0,Identified better match,2026-08-08
Rocky Mountain Values,4,721526356,Rocky Mountian Elk Foundation Inc,3,24.45,,,,auto - reviewed,0,Identified better match,2026-08-08
Rocky Mountain Values,4,841383108,Rocky Mountain Dressage Society Incorporated,3,24.01,,,,auto - reviewed,0,Identified better match,2026-08-08
Rocky Mountain Values,4,260872552,Rocky Mountain Dressage Societyincorporated,3,24.01,,,,auto - reviewed,0,Identified better match,2026-08-08
Rocky Mountain Values,4,931107707,Rocky Mountain Elk Foundation Inc,3,24.01,,,,auto - reviewed,0,Identified better match,2026-08-08
Rocky Mountain Values,4,931107643,Rocky Mountain Elk Foundation Inc,3,24.01,,,,auto - reviewed,0,Identified better match,2026-08-08
Rocky Mountain Values,4,352302261,Rocky Mountain Elk Foundation Inc,3,24.01,,,,auto - reviewed,0,Identified better match,2026-08-08
Rocky Mountain Values,4,810517173,Rocky Mountain Elk Foundation Inc,3,24.01,,,,auto - reviewed,0,Identified better match,2026-08-08
Rocky Mountain Values,4,911578256,Rocky Mountain Elk Foundation Inc,3,24.01,,,,auto - reviewed,0,Identified better match,2026-08-08
Rocky Mountain Values,4,943333101,Rocky Mountain Elk Foundation Inc,3,24.01,,,,auto - reviewed,0,Identified better match,2026-08-08
Rocky Mountain Values,4,931107685,Rocky Mountain Elk Foundation Inc,3,24.01,,,,auto - reviewed,0,Identified better match,2026-08-08
Rocky Mountain Values,4,810487188,Rocky Mountain Elk Foundation Inc,3,24.01,,,,auto - reviewed,0,Identified better match,2026-08-08
Rocky Mountain Values,4,810483215,Rocky Mountain Elk Foundation Inc,3,24.01,,,,auto - reviewed,0,Identified better match,2026-08-08
Rocky Mountain Values,4,411809012,Rocky Mountain Elk Foundation Inc,3,24.01,,,,auto - reviewed,0,Identified better match,2026-08-08
Rocky Mountain Values,4,311581043,Rocky Mountain Elk Foundation Inc,3,24.01,,,,auto - reviewed,0,Identified better match,2026-08-08
Rocky Mountain Values,4,931099962,Rocky Mountain Elk Foundation Inc,3,24.01,,,,auto - reviewed,0,Identified better match,2026-08-08
Rocky Mountain Values,4,364210157,Rocky Mountain Elk Foundation Inc,3,24.01,,,,auto - reviewed,0,Identified better match,2026-08-08
Rural America 2020,4,,,,,843834674,RURAL AMERICA FUND,rural america fund,manual,1,"Googling ""Rural America 2020 EIN"" returned a result for this website:
https://impala.digital/public/profiles/84-3834674/financials/income-statement
This website included the EIN and a website URL: ""www.ruralamerica2020.org""
This EIN returned a match in the IRS990 search",2026-08-08
Save Hetch Hetchy No On F,,,,,,,,,manual,0,"Googling for ""Save Hetch Hetchy No On F EIN"" didn't return clear results, however, it seems that this may not be a tax exempt org (which is supported by the OpenSecrets table's ""Other"" exempt type). Ballotpedia includes a source on a ""Save Hetch Hetchy"" group that was no longer active. However, I found an article that is likely the one that was linked:
Ballotpedia: https://ballotpedia.org/San_Francisco_Hetch_Hetchy_Reservoir_Initiative,_Proposition_F_(November_2012)#cite_note-insane-1
Ballotpedia Source: https://www.sfexaminer.com/news/ballot-language-irks-hetch-hetchy-measure-supporters/article_077b8d5b-cf78-53ee-91b7-cbf49f8efe5b.html",2026-08-08
SecureAmericaNow.org,4,273711817,Secureamericanoworg,4,120.59,273711817,SECUREAMERICANOWORG,secureamericanoworg,manual,1,"OpenSecrets link revealed that this was the correct EIN: 
https://www.opensecrets.org/outside-spending/political-nonprofits/summary?id=273711817",2026-08-08
Shining City Upon A Hill Inc,4,,,,,,,,manual,1,"This search query has an exact match in the IRS990 search, however, the IRS  Search indicates that it's on the Auto-recovation list and doesn't have any listed filings",2026-08-08
Sierra Club,4,941153307,Sierra Club,4,84.08,941153307,SIERRA CLUB,sierra club,manual,1,"OpenSecrets link revealed that this was the correct EIN: 
https://www.opensecrets.org/outside-spending/political-nonprofits/summary?id=941153307",2026-08-08
Sierra Club,4,946069890,Sierra Club Foundation,3,75.38,946069890,SIERRA CLUB FOUNDATION,sierra club foundation,manual,0,"OpenSecrets link revealed that this was the incorrect EIN/match: 
https://www.opensecrets.org/outside-spending/political-nonprofits/summary?id=941153307
Potentially related to the verified match",2026-08-08
Sierra Club,4,680005677,Sierra Soccer Club,3,75.38,,,,manual,0,"OpenSecrets link revealed that this was the incorrect EIN/match: 
https://www.opensecrets.org/outside-spending/political-nonprofits/summary?id=941153307",2026-08-08
Sierra Club,4,770348403,Sierra Soaring Club,7,75.38,,,,manual,0,"OpenSecrets link revealed that this was the incorrect EIN/match: 
https://www.opensecrets.org/outside-spending/political-nonprofits/summary?id=941153307",2026-08-08
Sierra Club,4,815225944,Sierra Study Club,3,75.38,,,,manual,0,"OpenSecrets link revealed that this was the incorrect EIN/match: 
https://www.opensecrets.org/outside-spending/political-nonprofits/summary?id=941153307",2026-08-08
Sierra Club,4,993657787,Sierra Aquatics Club,3,75.38,,,,manual,0,"OpenSecrets link revealed that this was the incorrect EIN/match: 
https://www.opensecrets.org/outside-spending/political-nonprofits/summary?id=941153307",2026-08-08
Sierra Club,4,452137828,Sierra Mountaineering Club,7,75.38,,,,manual,0,"OpenSecrets link revealed that this was the incorrect EIN/match: 
https://www.opensecrets.org/outside-spending/political-nonprofits/summary?id=941153307",2026-08-08
Sierra Club,4,680197905,Sierra School Parents Club,3,69.18,680197905,SIERRA SCHOOL PARENTS CLUB,sierra school parents club,manual,0,"OpenSecrets link revealed that this was the incorrect EIN/match: 
https://www.opensecrets.org/outside-spending/political-nonprofits/summary?id=941153307",2026-08-08
Sierra Club,4,465191262,Sierra Vista Volleyball Club,3,69.18,465191262,SIERRA VISTA VOLLEYBALL CLUB,sierra vista volleyball club,manual,0,"OpenSecrets link revealed that this was the incorrect EIN/match: 
https://www.opensecrets.org/outside-spending/political-nonprofits/summary?id=941153307",2026-08-08
Sierra Club,4,821570104,Sierra Surf Soccer Club,3,68.32,821570104,SIERRA SURF SOCCER CLUB,sierra surf soccer club,manual,0,"OpenSecrets link revealed that this was the incorrect EIN/match: 
https://www.opensecrets.org/outside-spending/political-nonprofits/summary?id=941153307",2026-08-08
Sierra Club,4,300051181,Sierra Mountain Soccer Club,3,68.32,300051181,SIERRA MOUNTAIN SOCCER CLUB,sierra mountain soccer club,manual,0,"OpenSecrets link revealed that this was the incorrect EIN/match: 
https://www.opensecrets.org/outside-spending/political-nonprofits/summary?id=941153307",2026-08-08
Sierra Club,4,680482671,Sierra Gold Soccer Club,3,68.32,680482671,Sierra Gold Soccer Club,sierra gold soccer club,manual,0,"OpenSecrets link revealed that this was the incorrect EIN/match: 
https://www.opensecrets.org/outside-spending/political-nonprofits/summary?id=941153307",2026-08-08
Sierra Club,4,943078439,Sierra Point Yacht Club,7,68.32,943078439,SIERRA POINT YACHT CLUB,sierra point yacht club,manual,0,"OpenSecrets link revealed that this was the incorrect EIN/match: 
https://www.opensecrets.org/outside-spending/political-nonprofits/summary?id=941153307",2026-08-08
Sierra Club,4,273861397,Sierra Foothills Rugby Club,3,68.32,,,,manual,0,"OpenSecrets link revealed that this was the incorrect EIN/match: 
https://www.opensecrets.org/outside-spending/political-nonprofits/summary?id=941153307",2026-08-08
Sierra Club,4,770457744,Sierra View Parents Club,3,68.32,770457744,SIERRA VIEW PARENTS CLUB,sierra view parents club,manual,0,"OpenSecrets link revealed that this was the incorrect EIN/match: 
https://www.opensecrets.org/outside-spending/political-nonprofits/summary?id=941153307",2026-08-08
Sierra Club,4,204442534,La Sierra Diamond Club,3,68.32,,,,manual,0,"OpenSecrets link revealed that this was the incorrect EIN/match: 
https://www.opensecrets.org/outside-spending/political-nonprofits/summary?id=941153307",2026-08-08
Sierra Club,4,770007267,Sierra Masonic Family Club,7,68.32,770007267,SIERRA MASONIC FAMILY CLUB,sierra masonic family club,manual,0,"OpenSecrets link revealed that this was the incorrect EIN/match: 
https://www.opensecrets.org/outside-spending/political-nonprofits/summary?id=941153307",2026-08-08
Sierra Club,4,821228804,High Sierra 4wd Club,3,68.32,,,,manual,0,"OpenSecrets link revealed that this was the incorrect EIN/match: 
https://www.opensecrets.org/outside-spending/political-nonprofits/summary?id=941153307",2026-08-08
Sierra Club,4,203016179,High Sierra Tri Club,3,68.32,203016179,HIGH SIERRA TRIATHLON CLUB,high sierra triathlon club,manual,0,"OpenSecrets link revealed that this was the incorrect EIN/match: 
https://www.opensecrets.org/outside-spending/political-nonprofits/summary?id=941153307",2026-08-08
Sierra Club,4,300310591,Plumas-sierra Bicycle Club,7,68.32,,,,manual,0,"OpenSecrets link revealed that this was the incorrect EIN/match: 
https://www.opensecrets.org/outside-spending/political-nonprofits/summary?id=941153307",2026-08-08
Sierra Club,4,953377283,Sierra Amateur Radio Club,7,68.32,,,,manual,0,"OpenSecrets link revealed that this was the incorrect EIN/match: 
https://www.opensecrets.org/outside-spending/political-nonprofits/summary?id=941153307",2026-08-08
Sierra Club,4,942402262,Sierra Foothills Community Club,4,68.32,,,,manual,0,"OpenSecrets link revealed that this was the incorrect EIN/match: 
https://www.opensecrets.org/outside-spending/political-nonprofits/summary?id=941153307",2026-08-08
Sierra Club,4,261518893,Sierra Foothills Lacrosse Club,3,68.32,,,,manual,0,"OpenSecrets link revealed that this was the incorrect EIN/match: 
https://www.opensecrets.org/outside-spending/political-nonprofits/summary?id=941153307",2026-08-08
Sierra Club,4,680025524,Sierra Madre Garden Club,4,68.32,,,,manual,0,"OpenSecrets link revealed that this was the incorrect EIN/match: 
https://www.opensecrets.org/outside-spending/political-nonprofits/summary?id=941153307",2026-08-08
Sierra Club,4,932619706,Sierra Nevada Rabbit Club,3,68.32,,,,manual,0,"OpenSecrets link revealed that this was the incorrect EIN/match: 
https://www.opensecrets.org/outside-spending/political-nonprofits/summary?id=941153307",2026-08-08
Sixteen Thirty Fund/Make it Work Action,4,,,,,264486735,SIXTEEN THIRTY FUND,sixteen thirty fund,manual,1,Another sixteen thirty instance,2026-08-08
Sixteen Thirty Fund/Not One Penny,4,,,,,264486735,SIXTEEN THIRTY FUND,sixteen thirty fund,manual,1,Another sixteen thirty instance,2026-08-08
SoCal Healthcare Coalition,4,851667255,Coalition Of Healthcare Social Workers,6,100.65,,,,manual,0,Could not find a good enough match for this,2026-08-08
Somos Accion,4,831487234,Somos Accion,4,153.38,831487234,SOMOS ACCION,somos accion,auto - reviewed,1,"Exact matches, and only match identified.",2026-08-08
Somos Votantes,4,,,,,,,,both,0,"Not found in ProPublica's NonProfit Explorer search method.
A google search revealed that it is a PAC: https://www.opensecrets.org/political-action-committees-pacs/somos-votantes/C00760504/summary/2024
Supported by this filing:
https://projects.propublica.org/nonprofits/organizations/831806898/202113199349302031/IRS990ScheduleI",2026-08-08
Southern Alliance for Clean Energy,4,581620669,Southern Alliance For Clean Energy,3,167.55,581620669,SOUTHERN ALLIANCE FOR CLEAN ENERGY,southern alliance clean energy,manual,0,"OpenSecrets link revealed that this was the incorrect EIN/match: 
https://www.opensecrets.org/outside-spending/political-nonprofits/summary?id=621103006
It is possible that this is related to the verified match",2026-08-08
Southern Alliance for Clean Energy,4,621103006,Southern Alliance For Clean Energy Sace,4,154.35,621103006,SOUTHERN ALLIANCE FOR CLEAN ENERGY,southern alliance clean energy,manual,1,"OpenSecrets link revealed that this was the correct EIN: 
https://www.opensecrets.org/outside-spending/political-nonprofits/summary?id=621103006",2026-08-08
Special Operations OPSEC Education Fund,4,455552554,Special Operations Opsec Education Fund Inc,4,196.83,455552554,Special Operations OPSEC Education Fund Inc,special operations opsec education fund,manual,1,"OpenSecrets link revealed that this was the correct EIN: 
https://www.opensecrets.org/outside-spending/political-nonprofits/summary?id=455552554",2026-08-08
SPLC Action Fund,4,831085161,Splc Action Fund,4,162.87,831085161,SPLC ACTION FUND,splc action fund,auto - reviewed,1,"Exact matches, and only match identified.",2026-08-08
Stand Up America,4,320512546,Stand Up America Inc,4,116.01,320512546,STAND UP AMERICA INC,stand up america,manual,0,Identified a better match,2026-08-08
Stand Up America,4,261907502,Stand Up America Us Foundation,4,106.08,261907502,STAND UP AMERICA US FOUNDATION,stand up america us foundation,manual,1,"This EIN has an exact name match in the IRS990 search, and it filed a standard 990 with substantial amount of spending documented in Schedule C for 2024. This is in contract to ""831085161"" potential match which filed a 990EZ with no Schedule C for that year
Verified match's filing: 
https://apps.irs.gov/pub/epostcard/cor/320512546_202412_990O_2026040324084816.pdf
Other potential match dropped from considerations filing: 
https://apps.irs.gov/pub/epostcard/cor/261907502_202412_990EO_2025071723542038.pdf ",2026-08-08
Stand Up America,4,204704132,Stand Up For America Inc,3,106.08,204704132,STAND UP FOR AMERICA FOUNDATION INC,stand up america foundation,manual,0,Seemingly completely unrelated,2026-08-08
Stand Up America,4,651318121,Stand Up And Sing For America,3,97.72,,,,manual,0,Seemingly completely unrelated,2026-08-08
Stand Up America,4,841671326,Blbf&g Foundation Inc,3,29.53,,,,manual,0,Seemingly completely unrelated,2026-08-08
Stand Up for Ohio,4,,,,,,,,manual,1,"Although there is an exact match in the IRS990 search (EIN 47-4257759), there are only two filings listed and they were 990Ns from 2015 and 2016, which likely why it doesn't exist in our database",2026-08-08
Stand Up Republic,4,815016758,Stand Up Republic Inc,4,147.92,815016758,STAND UP REPUBLIC INC,stand up republic,manual,1,"OpenSecrets link revealed that this was the correct EIN: 
https://www.opensecrets.org/outside-spending/political-nonprofits/summary?id=815016758",2026-08-08
Stand Up Republic,4,815246983,Stand Up Republic Foundation Inc,3,135.26,815246983,STAND UP REPUBLIC FOUNDATION INC,stand up republic foundation,manual,0,"OpenSecrets link revealed that this was the incorrect EIN/match: 
https://www.opensecrets.org/outside-spending/political-nonprofits/summary?id=815016758
It is potentially related to the verified match",2026-08-08
State Tea Party Express,4,453200196,State Tea Party Express,,173.30,,,,manual,1,"This org only has a single paper filing in 2020, which is likely why it doesn't exist in our database",2026-08-08
Story Network Foundation,4,842907396,Story Network Foundation,4,108.81,842907396,Story Network Foundation,story network foundation,auto - reviewed,1,"Exact matches, and only match identified.",2026-08-08
Students for Life Action,4,833084374,Students For Life Action Inc,4,113.82,833084374,Students for Life Action Inc,students life action,auto - reviewed,1,"Near exact matches, and only match identified.",2026-08-08
Susan B Anthony List,4,541850126,Susan B Anthony List Inc,4,181.27,541850126,Susan B Anthony List Inc,susan b anthony list,manual,1,"OpenSecrets link revealed that this was the correct EIN: 
https://www.opensecrets.org/outside-spending/political-nonprofits/summary?id=541850126",2026-08-08
Susan B Anthony List,4,264788700,Susan B Anthony List Inc Education Fund,3,145.67,264788700,Susan B Anthony List Education Fund,susan b anthony list education fund,manual,0,"OpenSecrets link revealed that this was the incorrect EIN/match: 
https://www.opensecrets.org/outside-spending/political-nonprofits/summary?id=541850126",2026-08-08
Susan B Anthony Pro-Life America,4,,,,,541850126,Susan B Anthony List Inc,susan b anthony list,manual,1,"Google search for ""Susan B Anthony Pro-Life America EIN"" identified their website:
https://sbaprolife.org/legacy-giving
They reported their EIN which matched in the IRS search, and their most recent filing indicated that the OpenSecrets name was their ""Doing Business As"" name:
https://apps.irs.gov/pub/epostcard/cor/541850126_202412_990O_2026040324071068.pdf",2026-08-08
Swamp Accountability Project,4,825401286,Swamp Accountability Project,,164.30,825401286,Swamp Accountability Project,swamp accountability project,auto - reviewed,1,"Exact matches, and only match identified.",2026-08-08
Take Back Control,4,874621398,Take Back Control Inc,3,150.61,,,,manual,1,"According to the IRS990 search, this org has only ever filed 990Ns, which is likely why it doesn't exist in our databse",2026-08-08
Texas Credit Union League,6,,,,,750603700,Cornerstone Credit Union League,cornerstone credit union league,manual,1,"OpenSecrets link revealed that this was the correct EIN: 
https://www.opensecrets.org/outside-spending/political-nonprofits/summary?id=750603700",2026-08-08
Texas Justice Fund,4,262818537,Texas Justice Fund,4,108.92,262818537,TEXAS JUSTICE FUND,texas justice fund,auto - reviewed,1,Exact matches,2026-08-08
Texas Justice Fund,4,611792554,Texas Justice And Education Fund,3,90.27,611792554,TEXAS JUSTICE AND EDUCATION FUND,texas justice education fund,auto - reviewed,0,Wrong org type; Possibly related to verified match,2026-08-08
Texas Organizing Project,4,271482075,Texas Organizing Project,4,129.49,271482075,TEXAS ORGANIZING PROJECT,texas organizing project,manual,0,"OpenSecrets link revealed that this was the incorrect EIN/match: 
https://www.opensecrets.org/outside-spending/political-nonprofits/summary?id=271481855",2026-08-08
Texas Organizing Project,4,271481855,Texas Organizing Project Education Fund,3,107.31,271481855,TEXAS ORGANIZING PROJECT EDUCATION FUND,texas organizing project education fund,manual,1,"OpenSecrets link revealed that this was the correct EIN: 
https://www.opensecrets.org/outside-spending/political-nonprofits/summary?id=271481855",2026-08-08
Texas Organizing Project PAC,4,,,,,,,,manual,0,It is a PAC by OpenSecrets' own determination,2026-08-08
Texas Right to Life Cmte,4,,,,,237373806,TEXAS RIGHT TO LIFE COMMITTEE INC,texas right to life committee,manual,1,"Searching for the entire spelling of the name (""Cmte"" --> ""Committee"") identifed this match. Additionally, the filing had the same exemption type:
https://apps.irs.gov/pub/epostcard/cor/237373806_202412_990O_2026040324069954.pdf",2026-08-08
The IMPACT Fund,,,,,,943161863,The Impact Fund,impact fund,manual,1,"Googling ""The IMPACT Fund EIN"" returned their website:
https://www.impactfund.org/retirement-account-contributions
They reported their EIN which had a match in the IRS990 search. The most recent filing had a closer name match:
https://apps.irs.gov/pub/epostcard/cor/943161863_202406_990_2025052223444267.pdf",2026-08-08
The IMPACT Fund,,810871670,After The Impact Fund Inc,3,76.88,810871670,AFTER THE IMPACT FUND INC,after impact fund,manual,0,Identified a better match,2026-08-08
The IMPACT Fund,,581697505,The Raleigh Jaycees Community Impact Fund Inc,3,65.65,,,,manual,0,Identified a better match,2026-08-08
The IMPACT Fund,,823624111,Fund For Social Impact And Civic Engagement The Historic Camp,3,53.85,,,,manual,0,Identified a better match,2026-08-08
The IMPACT Fund,,542099272,Nica Impact,3,26.61,542099272,Nica Impact,nica impact,manual,0,Identified a better match,2026-08-08
The Other 98% Action,4,,,,,043578179,OTHER 98 PERCENT ACTION INC,other 98 percent action,manual,1,"Googling ""The Other 98% Action EIN"" returned a match from the Nonprofit Explorer:
https://projects.propublica.org/nonprofits/organizations/43578179
The most recent filing:
https://apps.irs.gov/pub/epostcard/cor/043578179_202412_990O_2025080723630816.pdf
It is reasonable that the org would spell out percentage to avoid using special characters for its name in official filings",2026-08-08
The People's Lobby,4,461465650,The People's Lobby,4,138.00,461465650,THE PEOPLE'S LOBBY,people s lobby,auto - reviewed,1,Exact matches,2026-08-08
The People's Lobby,4,452550750,The Peoples Lobby Education Institute,3,109.34,452550750,THE PEOPLE'S LOBBY EDUCATION INSTITUTE,people s lobby education institute,auto - reviewed,0,Wrong org type; Possibly related to verified match,2026-08-08
They Work for Us,4,474990603,Remember They Work For Us Inc,,99.33,,,,manual,0,"Their filing history only goes back to 2015:
https://projects.propublica.org/nonprofits/organizations/474990603
The potential match differs too greatly.
A closer match in the IRS990 search (EIN: 05-0634169), but only has ever filed 990Ns

Verdict: No good match found",2026-08-08
Third Way,4,201734070,Third Way,4,112.19,201734070,THIRD WAY,third way,auto - reviewed,1,Exact matches,2026-08-08
Third Way,4,260535276,Third Way Institute,3,100.61,260535276,THIRD WAY INSTITUTE,third way institute,auto - reviewed,0,Wrong org type; Possibly related to verified match,2026-08-08
Third Way,4,852018284,Third Way Community,3,100.61,852018284,THIRD WAY COMMUNITY,third way community,auto - reviewed,0,Already verified other match. Unclear if related to verified match,2026-08-08
Third Way,4,840599572,Third Way Center Inc,3,91.19,840599572,THIRD WAY CENTER INC,third way center,auto - reviewed,0,Already verified other match. Unclear if related to verified match,2026-08-08
Third Way,4,521629221,The Third Way Foundation Inc,3,83.39,521629221,The Third Way Foundation Inc,third way foundation,auto - reviewed,0,Already verified other match. Unclear if related to verified match,2026-08-08
Third Way,4,923044074,Third Way Cultural Alliance Inc,3,83.39,923044074,THIRD WAY CULTURAL ALLIANCE INC,third way cultural alliance,auto - reviewed,0,Already verified other match. Unclear if related to verified match,2026-08-08
Third Way,4,992064982,Better Together - A Third Way,3,83.39,,,,auto - reviewed,0,Already verified other match. Unclear if related to verified match,2026-08-08
Third Way,4,813083667,Americans For The Israeli Third Way Inc,3,71.21,813083667,AMERICANS FOR THE ISRAELI THIRD WAYINC,americans israeli third wayinc,auto - reviewed,0,Already verified other match. Unclear if related to verified match,2026-08-08
Third Way,4,820722519,Third Day Church Of Nevada Inc,3,23.19,,,,auto - reviewed,0,Already verified other match. Unclear if related to verified match,2026-08-08
Tides Advocacy,4,,,,,,,,manual,1,"Googling ""Tides Advocacy EIN"" returned this website:
https://www.charitynavigator.org/ein/943153687
The EIN contained therein matched an organization with the same name:
https://apps.irs.gov/pub/epostcard/cor/943153687_202412_990O_2026040324077751.pdf",2026-08-08
Together Moving Mountains New Mexico,4,,,,,943153687,TIDES ADVOCACY,tides advocacy,manual,0,"Googling for ""Together Moving Mountains New Mexico EIN"" identified a filing that contained the name of this potential match in its Schedule C:
https://projects.propublica.org/nonprofits/organizations/833634824/202342689349301604/full
Which indicates that this is potentially a 527",2026-08-08
Truman National Security Project,4,201597444,Truman National Security Project Inc,4,154.79,201597444,TRUMAN NATIONAL SECURITY PROJECT,truman national security project,manual,1,"OpenSecrets link revealed that this was the correct EIN: 
https://www.opensecrets.org/outside-spending/political-nonprofits/summary?id=201597444",2026-08-08
Truth & Liberty Coalition,4,,,,,841734545,Truth and Liberty Coalition Inc,truth liberty coalition,manual,1,"Replacing the ampersand with ""and"" in the IRS 990 returned a very close match",2026-08-08
Truth & Liberty Coalition,4,911895639,Truth,3,60.11,,,,manual,0,Identified a better match,2026-08-08
Truth & Liberty Coalition,4,462604182,Truth Outreach,3,54.98,462604182,TRUTH OUTREACH,truth outreach,manual,0,Identified a better match,2026-08-08
Truth & Liberty Coalition,4,474039399,Essential Truth,3,53.88,,,,manual,0,Identified a better match,2026-08-08
Truth & Liberty Coalition,4,10648517,Truth Assemblies,3,53.88,,,,manual,0,Identified a better match,2026-08-08
Truth & Liberty Coalition,4,832571138,Truth Project,3,53.18,832571138,TRUTH PROJECT,truth project,manual,0,Identified a better match,2026-08-08
Truth & Liberty Coalition,4,760780890,Upholding Truth,3,53.18,760780890,UPHOLDING TRUTH,upholding truth,manual,0,Identified a better match,2026-08-08
Truth & Liberty Coalition,4,463044821,Truth Project,3,53.18,463044821,The TRUTH Project Inc,truth project,manual,0,Identified a better match,2026-08-08
Truth & Liberty Coalition,4,471863812,Truth Renewed,3,53.18,471863812,Truth Renewed,truth renewed,manual,0,Identified a better match,2026-08-08
Truth & Liberty Coalition,4,454821552,Truth Connect,3,53.18,454821552,TRUTH CONNECT,truth connect,manual,0,Identified a better match,2026-08-08
Truth & Liberty Coalition,4,882491328,Truth Academy,3,53.18,882491328,Truth Academy,truth academy,manual,0,Identified a better match,2026-08-08
Truth & Liberty Coalition,4,271234720,Radical Truth,3,53.18,271234720,RADICAL TRUTH,radical truth,manual,0,Identified a better match,2026-08-08
Truth & Liberty Coalition,4,760722142,Truth Encounters,3,53.18,760722142,TRUTH ENCOUNTERS,truth encounters,manual,0,Identified a better match,2026-08-08
Truth & Liberty Coalition,4,215731463,Innovative Truth,3,53.18,215731463,Innovative Truth,innovative truth,manual,0,Identified a better match,2026-08-08
Truth & Liberty Coalition,4,833631374,Sober Truth,3,53.18,833631374,SOBER TRUTH INCORPORATION,sober truth incorporation,manual,0,Identified a better match,2026-08-08
Truth & Liberty Coalition,4,383170856,Truth & Tidings,3,53.18,383170856,TRUTH & TIDINGS,truth tidings,manual,0,Identified a better match,2026-08-08
Truth & Liberty Coalition,4,923479031,Truth Script,3,53.18,923479031,TRUTH SCRIPT,truth script,manual,0,Identified a better match,2026-08-08
Truth & Liberty Coalition,4,832769500,Truth Seekers,3,53.18,832769500,Truth Seekers Organization Inc,truth seekers organization,manual,0,Identified a better match,2026-08-08
Truth & Liberty Coalition,4,752067414,Truth Incorporated,3,53.18,752067414,TRUTH INCORPORATED,truth,manual,0,Identified a better match,2026-08-08
Truth & Liberty Coalition,4,832983237,Truth Collective,3,53.18,832983237,The Truth Collective,truth collective,manual,0,Identified a better match,2026-08-08
Truth & Liberty Coalition,4,461504793,Alabama Truth,3,53.18,461504793,ALABAMA TRUTH,alabama truth,manual,0,Identified a better match,2026-08-08
Truth & Liberty Coalition,4,994509700,Pursue Truth,3,53.18,994509700,PURSUE TRUTH,pursue truth,manual,0,Identified a better match,2026-08-08
Truth & Liberty Coalition,4,920917114,Foundational Truth,3,53.18,920917114,FOUNDATIONAL TRUTH INC,foundational truth,manual,0,Identified a better match,2026-08-08
Truth & Liberty Coalition,4,932047719,Truth Speakers,3,53.18,932047719,TRUTH SPEAKERS INC,truth speakers,manual,0,Identified a better match,2026-08-08
Truth & Liberty Coalition,4,921425043,After Truth,3,53.18,921425043,AFTER TRUTH,after truth,manual,0,Identified a better match,2026-08-08
Truth & Liberty Coalition,4,825162551,Ai Truth,3,53.18,,,,manual,0,Identified a better match,2026-08-08
Turning Point Action,4,464331510,Turning Point Action Inc,4,133.27,464331510,TURNING POINT ACTION INC,turning point action,auto - reviewed,1,"Exact matches, and only match identified.",2026-08-08
UltraViolet Action,4,475180376,Ultraviolet Action,4,145.27,475180376,UltraViolet Action,ultraviolet action,auto - reviewed,0,"This exists in our database, but the other potential match is close enough that we cannot verify this. Its 2016 filing does not have any matching numbers.",2026-08-08
UltraViolet Action,4,454319928,Ultraviolet Action,4,145.27,,,,auto - reviewed,0,"This didn't exist in our database, but it does exist in the IRS990 search. It is not clear which is the correct match.",2026-08-08
UnidosUS Action Fund,4,455341145,Unidosus Action Fund Inc,4,118.03,455341145,UNIDOSUS ACTION FUND INC,unidosus action fund,auto - reviewed,1,"Exact matches, and only match identified.",2026-08-08
United Against Illegal Guns Support Fund,,,,,,261598353,EVERYTOWN FOR GUN SAFETY SUPPORT FUND,everytown gun safety support fund,manual,1,"OpenSecrets link revealed that this was the correct EIN: 
https://www.opensecrets.org/outside-spending/political-nonprofits/summary?id=261598353",2026-08-08
United for Democracy,4,931395796,United For Democracy,4,110.42,931395796,UNITED FOR DEMOCRACY,united democracy,auto - reviewed,1,Exact matches,2026-08-08
United for Democracy,4,833372062,Americans United For Democracy Inc,4,91.52,833372062,AMERICANS UNITED FOR DEMOCRACY INC,americans united democracy,auto - reviewed,0,Identified a better match,2026-08-08
United for Democracy,4,820742397,Jews United For Democracy & Justice,3,91.52,,,,auto - reviewed,0,Identified a better match,2026-08-08
United for Democracy,4,933138465,United For Democracy And Liberty,3,91.52,,,,auto - reviewed,0,Identified a better match,2026-08-08
United for Democracy,4,414753488,United For Democracy Resource Fund,3,91.52,,,,auto - reviewed,0,Identified a better match,2026-08-08
United for Democracy,4,824845682,United Lao Council For Democracy,3,89.14,,,,auto - reviewed,0,Identified a better match,2026-08-08
United for Democracy,4,844253653,Unite All Workers For Democracy,5,86.72,844253653,UNITE ALL WORKERS FOR DEMOCRACY,unite all workers democracy,auto - reviewed,0,Identified a better match,2026-08-08
United for Democracy,4,272845546,United Lao For Human Rights And Democracy,3,73.43,,,,auto - reviewed,0,Identified a better match,2026-08-08
United for Democracy,4,822363231,Lao United For Democracy And Independence In Laos,3,72.83,822363231,LAO UNITED FOR DEMOCRACY AND INDEPENDENCE IN LAOS,lao united democracy independence in laos,auto - reviewed,0,Identified a better match,2026-08-08
United We Dream Action,4,465216666,United We Dream Action,4,147.22,465216666,UNITED WE DREAM ACTION,united we dream action,auto - reviewed,1,"Exact matches, and only match identified.",2026-08-08
US Chamber of Commerce,6,,,,,530045720,Chamber of Commerce of the USA,chamber commerce usa,manual,1,"OpenSecrets link revealed that this was the correct EIN: 
https://www.opensecrets.org/outside-spending/political-nonprofits/summary?id=530045720",2026-08-08
US Chamber of Commerce,6,461561597,Us Chamber Of Commerce Foundation,3,103.62,461561597,US Chamber of Commerce Foundation,us chamber commerce foundation,manual,0,"OpenSecrets link revealed that this was the incorrect EIN/match: 
https://www.opensecrets.org/outside-spending/political-nonprofits/summary?id=530045720",2026-08-08
US Chamber of Commerce,6,223101502,Us Angola Chamber Of Commerce,6,103.62,223101502,UNITED STATES ANGOLA CHAMBER OF COMMERCE,united states angola chamber commerce,manual,0,"OpenSecrets link revealed that this was the incorrect EIN/match: 
https://www.opensecrets.org/outside-spending/political-nonprofits/summary?id=530045720",2026-08-08
US Chamber of Commerce,6,465707649,Us Ghana Chamber Of Commerce,6,103.62,465707649,US GHANA CHAMBER OF COMMERCE,us ghana chamber commerce,manual,0,"OpenSecrets link revealed that this was the incorrect EIN/match: 
https://www.opensecrets.org/outside-spending/political-nonprofits/summary?id=530045720",2026-08-08
US Chamber of Commerce,6,271322785,Alhambra Us Chamber Of Commerce,,103.62,,,,manual,0,"OpenSecrets link revealed that this was the incorrect EIN/match: 
https://www.opensecrets.org/outside-spending/political-nonprofits/summary?id=530045720",2026-08-08
US Chamber of Commerce,6,471661539,Us Hangzhou Chamber Of Commerce,3,103.62,471661539,US Hangzhou Chamber of Commerce,us hangzhou chamber commerce,manual,0,"OpenSecrets link revealed that this was the incorrect EIN/match: 
https://www.opensecrets.org/outside-spending/political-nonprofits/summary?id=530045720",2026-08-08
US Chamber of Commerce,6,300921926,Us India Chamber Of Commerce,6,103.62,300921926,US INDIA CHAMBER OF COMMERCE,us india chamber commerce,manual,0,"OpenSecrets link revealed that this was the incorrect EIN/match: 
https://www.opensecrets.org/outside-spending/political-nonprofits/summary?id=530045720",2026-08-08
US Chamber of Commerce,6,472934727,Us Africa Chamber Of Commerce,6,103.62,,,,manual,0,"OpenSecrets link revealed that this was the incorrect EIN/match: 
https://www.opensecrets.org/outside-spending/political-nonprofits/summary?id=530045720",2026-08-08
US Chamber of Commerce,6,815152457,Us China Chamber Of Commerce,6,103.62,,,,manual,0,"OpenSecrets link revealed that this was the incorrect EIN/match: 
https://www.opensecrets.org/outside-spending/political-nonprofits/summary?id=530045720",2026-08-08
US Chamber of Commerce,6,993510204,Us Fiji Chamber Of Commerce,6,103.62,,,,manual,0,"OpenSecrets link revealed that this was the incorrect EIN/match: 
https://www.opensecrets.org/outside-spending/political-nonprofits/summary?id=530045720",2026-08-08
US Chamber of Commerce,6,472994533,Us Sichuan Chamber Of Commerce,3,103.62,,,,manual,0,"OpenSecrets link revealed that this was the incorrect EIN/match: 
https://www.opensecrets.org/outside-spending/political-nonprofits/summary?id=530045720",2026-08-08
US Chamber of Commerce,6,454824316,Us-india Chamber Of Commerce,6,103.62,,,,manual,0,"OpenSecrets link revealed that this was the incorrect EIN/match: 
https://www.opensecrets.org/outside-spending/political-nonprofits/summary?id=530045720",2026-08-08
US Chamber of Commerce,6,472496918,Us-jeddah Chamber Of Commerce,6,103.62,,,,manual,0,"OpenSecrets link revealed that this was the incorrect EIN/match: 
https://www.opensecrets.org/outside-spending/political-nonprofits/summary?id=530045720",2026-08-08
US Chamber of Commerce,6,922499371,Us Afghan Chamber Of Commerce,6,103.62,,,,manual,0,"OpenSecrets link revealed that this was the incorrect EIN/match: 
https://www.opensecrets.org/outside-spending/political-nonprofits/summary?id=530045720",2026-08-08
US Chamber of Commerce,6,270196509,The Us Africa Chamber Of Commerce Us Acc,6,96.17,,,,manual,0,"OpenSecrets link revealed that this was the incorrect EIN/match: 
https://www.opensecrets.org/outside-spending/political-nonprofits/summary?id=530045720",2026-08-08
US Chamber of Commerce,6,800483124,Us Black Chamber Of Commerce Inc,6,95.45,800483124,US Black Chambers Inc,us black chambers,manual,0,"OpenSecrets link revealed that this was the incorrect EIN/match: 
https://www.opensecrets.org/outside-spending/political-nonprofits/summary?id=530045720",2026-08-08
US Chamber of Commerce,6,880944225,Us Zhongshan General Chamber Of Commerce,3,95.45,880944225,US ZHONGSHAN GENERAL CHAMBER OF,us zhongshan general chamber,manual,0,"OpenSecrets link revealed that this was the incorrect EIN/match: 
https://www.opensecrets.org/outside-spending/political-nonprofits/summary?id=530045720",2026-08-08
US Chamber of Commerce,6,131571395,Us Austrian Chamber Of Commerce Inc,6,95.45,131571395,US AUSTRIAN CHAMBER OF COMMERCE INC,us austrian chamber commerce,manual,0,"OpenSecrets link revealed that this was the incorrect EIN/match: 
https://www.opensecrets.org/outside-spending/political-nonprofits/summary?id=530045720",2026-08-08
US Chamber of Commerce,6,200848187,Indian-us Chamber Of Commerce Incorporated,6,95.45,,,,manual,0,"OpenSecrets link revealed that this was the incorrect EIN/match: 
https://www.opensecrets.org/outside-spending/political-nonprofits/summary?id=530045720",2026-08-08
US Chamber of Commerce,6,465439222,Midwest Us China Chamber Of Commerce,6,95.45,,,,manual,0,"OpenSecrets link revealed that this was the incorrect EIN/match: 
https://www.opensecrets.org/outside-spending/political-nonprofits/summary?id=530045720",2026-08-08
US Chamber of Commerce,6,201158897,National Us India Chamber Of Commerce,6,95.45,,,,manual,0,"OpenSecrets link revealed that this was the incorrect EIN/match: 
https://www.opensecrets.org/outside-spending/political-nonprofits/summary?id=530045720",2026-08-08
US Chamber of Commerce,6,364690040,Us Chinese General Chamber Of Commerce,6,95.45,364690040,US CHINESE GENERAL CHAMBER OF COMMERCE,us chinese general chamber commerce,manual,0,"OpenSecrets link revealed that this was the incorrect EIN/match: 
https://www.opensecrets.org/outside-spending/political-nonprofits/summary?id=530045720",2026-08-08
US Chamber of Commerce,6,883942701,Us Chuan-yu Chamber Of Commerce,3,95.45,,,,manual,0,"OpenSecrets link revealed that this was the incorrect EIN/match: 
https://www.opensecrets.org/outside-spending/political-nonprofits/summary?id=530045720",2026-08-08
US Chamber of Commerce,6,922852447,Us Fujian General Chamber Of Commerce,3,95.45,,,,manual,0,"OpenSecrets link revealed that this was the incorrect EIN/match: 
https://www.opensecrets.org/outside-spending/political-nonprofits/summary?id=530045720",2026-08-08
US Chamber of Commerce,6,264243557,Us Latino American Chamber Of Commerce,6,95.45,,,,manual,0,"OpenSecrets link revealed that this was the incorrect EIN/match: 
https://www.opensecrets.org/outside-spending/political-nonprofits/summary?id=530045720",2026-08-08
US Chamber of Commerce,6,813069220,Us Shanxi General Chamber Of Commerce,3,95.45,,,,manual,0,"OpenSecrets link revealed that this was the incorrect EIN/match: 
https://www.opensecrets.org/outside-spending/political-nonprofits/summary?id=530045720",2026-08-08
USAction,4,522214305,Usaction,4,123.04,,,,manual,1,"OpenSecrets link revealed that this was the correct EIN: 
https://www.opensecrets.org/outside-spending/political-nonprofits/summary?id=522214305
It's latest filing is in 2016 which is likely why it doesn't exist in our database",2026-08-08
USAction,4,522214307,Usaction Education Fund,3,97.60,,,,manual,0,"OpenSecrets link revealed that this was the incorrect EIN/match: 
https://www.opensecrets.org/outside-spending/political-nonprofits/summary?id=522214305
Potentially related to the verified match",2026-08-08
Vapor Technology Assn,6,,,,,474938352,VAPOR TECHNOLOGY ASSOCIATION,vapor technology association,manual,1,"Spelling out ""Association"" instead of ""Assn"" returned an exact match in the IRS990 search:
https://apps.irs.gov/pub/epostcard/cor/474938352_202412_990O_2026041424093693.pdf",2026-08-08
Veterans for a Strong America,4,,,,,,,,manual,1,"OpenSecrets link revealed that this was the correct EIN: 
https://www.opensecrets.org/outside-spending/political-nonprofits/summary?id=273016581
This points to an org in the IRS990 search, but it only has a single 990N filing, which is likely why it doesn't exist in our database",2026-08-08
Vets for Freedom,4,203949872,Vets For Freedom Inc,4,111.79,,,,manual,0,Could not find a good enough match for this,2026-08-08
Vets for Freedom,4,870881480,Choose Freedoms For Vets,3,106.05,,,,manual,0,Could not find a good enough match for this,2026-08-08
Vets for Freedom,4,453593119,Vets For Economic Freedom Trust,,102.23,,,,manual,0,Could not find a good enough match for this,2026-08-08
Vets for Freedom,4,900629876,Freedom Farm For Vets Inc,3,102.23,,,,manual,0,Could not find a good enough match for this,2026-08-08
Vets for Freedom,4,261772229,Vets For Freedom Educational Institute,3,102.23,,,,manual,0,Could not find a good enough match for this,2026-08-08
Voces de la Frontera Action,4,20759160,Voces De La Frontera Action Inc,4,192.20,020759160,VOCES DE LA FRONTERA ACTION INC,voces de la frontera action,manual,1,This returned a near exact match in the IRS990 search,2026-08-08
Voces De La Frontera Action,4,20759160,Voces De La Frontera Action Inc,4,192.20,,,,manual,0,duplicate,2026-08-08
VoteVets.org,4,,,,,510596352,VOTEVETS ACTION FUND INC,votevets action fund,manual,1,"OpenSecrets link revealed that this was the correct EIN: 
https://www.opensecrets.org/outside-spending/political-nonprofits/summary?id=510596352",2026-08-08
Votevets.org,4,,,,,,,,auto,0,duplicate,2026-08-08
Votevets.Org Action Fund,4,,,,,510596352,VOTEVETS ACTION FUND INC,votevets action fund,manual,1,"Although not found in ProPublica's NonProfit Explorer search method, reviewing OpenSecret's data revealed the following link: https://www.opensecrets.org/outside-spending/political-nonprofits/summary?id=510596352

The ID at the end of the url matched the org that did populate in our database.",2026-08-06
VoteVets.org Action Fund,4,,,,,,,,auto,0,Not found in ProPublica's NonProfit Explorer search method. Found verified match manually.,2026-08-06
Way to Win Action Fund,4,825528039,Way To Win Action Fund Incorporated,4,156.20,825528039,WAY TO WIN ACTION FUND INC,way to win action fund,auto - reviewed,1,"Exact matches, and only match identified.",2026-08-08
We Act for Change,4,,,,,852851625,WE ACT 4 CHANGE INC,we act 4 change,manual,1,"Googling ""We Act for Change EIN"" returned a likely match in the Nonprofit Explorer:
https://projects.propublica.org/nonprofits/organizations/852851625",2026-08-08
We Are Wisconsin,4,451539515,We Are Wisconsin Inc,4,112.76,,,,manual,1,"OpenSecrets link revealed that this was the correct EIN: 
https://www.opensecrets.org/outside-spending/political-nonprofits/summary?id=453302278",2026-08-08
We Vote We Win,4,471746234,We Vote We Win Inc,4,204.06,471746234,We Vote We Win,we vote we win,auto - reviewed,1,"Exact matches, and only match identified.",2026-08-08
West Virginia Chamber of Commerce,6,550306990,West Virginia Chamber Of Commerce,6,131.12,550306990,WEST VIRGINIA CHAMBER OF COMMERCE,west virginia chamber commerce,manual,1,"OpenSecrets link revealed that this was the correct EIN: 
https://www.opensecrets.org/outside-spending/political-nonprofits/summary?id=550306990",2026-08-08
West Virginia Chamber of Commerce,6,550487666,United States Junior Chamber Of Commerce,4,32.99,,,,manual,0,"OpenSecrets link revealed that this was the incorrect EIN/match: 
https://www.opensecrets.org/outside-spending/political-nonprofits/summary?id=550306990",2026-08-08
West Virginia Coal Assn,6,,,,,550307050,WEST VIRGINIA COAL ASSOCIATION,west virginia coal association,manual,1,"Spelling out ""Association"" instead of ""Assn"" returned an exact match in the IRS990 search:
https://apps.irs.gov/pub/epostcard/cor/550307050_202412_990O_2026040324078734.pdf",2026-08-08
West Virginia Conservative Foundation,4,861349643,West Virginia Association Of Conservation Districts Foundation,3,92.16,,,,manual,1,"OpenSecrets link revealed that this was the correct EIN: 
https://www.opensecrets.org/outside-spending/political-nonprofits/summary?id=264298632
However, this EIN doesn't return a match in the IRS990 search, which is likely why it doesn't exist in our database",2026-08-08
Wild Montana Action Fund,4,843554059,Wild Montana Action Fund,4,146.13,843554059,WILD MONTANA ACTION FUND,wild montana action fund,auto - reviewed,1,"Exact matches, and only match identified.",2026-08-08
Wilderness Society Action Fund,4,821742996,Wilderness Society Action Fund,4,140.84,821742996,WILDERNESS SOCIETY ACTION FUND,wilderness society action fund,auto - reviewed,1,"Exact matches, and only match identified.",2026-08-08
Winning for Women,4,821505471,Winning For Women Inc,4,115.41,821505471,WINNING FOR WOMEN INC,winning women,auto - reviewed,1,Exact matches,2026-08-08
Winning for Women,4,237211352,Winning Women For Christ Inc,3,105.53,,,,auto - reviewed,0,Wrong org type; Possibly related to verified match,2026-08-08
Winning Message Action Fund,4,262118541,Winning Message Action Fund Inc,4,169.36,262118541,WINNING MESSAGE ACTION FUND INC,winning message action fund,auto - reviewed,1,"Exact matches, and only match identified.",2026-08-08
Wisconsin Family Action,4,830448717,Wisconsin Family Action Inc,4,101.79,830448717,Wisconsin Family Action,wisconsin family action,manual,1,"OpenSecrets link revealed that this was the correct EIN: 
https://www.opensecrets.org/outside-spending/political-nonprofits/summary?id=830448717",2026-08-08
Wisconsin Jobs Now,4,452043069,Wisconsin Jobs Now,,150.30,,,,manual,1,"Although this EIN also matches an org in the IRS990 search,  the IRS990 search indicates that there aren't any filings, which is likely why it dosen't exist in our databse",2026-08-08
Wisconsin Manufacturers & Commerce,4,391233219,Wisconsin Manufacturers And Commerce Inc,6,86.77,391233219,WISCONSIN MANUFACTURERS AND COMMERCE,wisconsin manufacturers commerce,manual,1,"OpenSecrets link revealed that this was the correct EIN: 
https://www.opensecrets.org/outside-spending/political-nonprofits/summary?id=391233219",2026-08-08
Wisconsin Manufacturers & Commerce,4,391295698,Wisconsin Truss Manufacturers Association Inc,6,86.77,,,,manual,0,"OpenSecrets link revealed that this was the incorrect EIN/match: 
https://www.opensecrets.org/outside-spending/political-nonprofits/summary?id=391233219",2026-08-08
Wisconsin Manufacturers & Commerce,4,823396368,Central Wisconsin Metal Manufacturers Alliance Inc,3,79.93,823396368,CENTRAL WISCONSIN MANUFACTURING,central wisconsin manufacturing,manual,0,"OpenSecrets link revealed that this was the incorrect EIN/match: 
https://www.opensecrets.org/outside-spending/political-nonprofits/summary?id=391233219",2026-08-08
Wisconsin Manufacturers & Commerce,4,830781052,Wisconsin Hemp Farmers & Manufacturers Association Inc,3,78.01,,,,manual,0,"OpenSecrets link revealed that this was the incorrect EIN/match: 
https://www.opensecrets.org/outside-spending/political-nonprofits/summary?id=391233219",2026-08-08
Wisconsin Manufacturers & Commerce,4,992108864,Wisconsin Manufactured Home Owners Alliance Inc,3,72.11,,,,manual,0,"OpenSecrets link revealed that this was the incorrect EIN/match: 
https://www.opensecrets.org/outside-spending/political-nonprofits/summary?id=391233219",2026-08-08
Wisconsin Principles Inc,4,992011538,Wisconsin Principles Inc,4,120.43,992011538,WISCONSIN PRINCIPLES INC,wisconsin principles,auto - reviewed,1,"Near exact matches, and only match identified.",2026-08-08
Women's March,4,814571869,Womens March Inc,4,95.80,814571869,Womens March Inc,womens march,auto - reviewed,1,Exact matches,2026-08-08
Women's March,4,842824858,Lincoln Womens March,3,95.80,,,,auto - reviewed,0,Potentially related to the verified match,2026-08-08
Women's March,4,823765799,Womens March Minnesota,3,95.80,823765799,Womens March Minnesota,womens march minnesota,auto - reviewed,0,Potentially related to the verified match,2026-08-08
Women's March,4,933928663,Womens March Jacksonville,3,95.80,,,,auto - reviewed,0,Potentially related to the verified match,2026-08-08
Women's March,4,863322891,Womens March Network,3,92.94,863322891,Womens March Network,womens march network,auto - reviewed,0,Potentially related to the verified match,2026-08-08
Women's March,4,990502979,Idaho Womens March Inc,3,90.83,,,,auto - reviewed,0,Potentially related to the verified match,2026-08-08
Women's March,4,832412272,Womxns March Denver,3,89.70,,,,auto - reviewed,0,Potentially related to the verified match,2026-08-08
Women's March,4,815278035,Womens March Alliance Corp,3,89.23,815278035,WOMENS MARCH ALLIANCE CORP,womens march alliance,auto - reviewed,0,Potentially related to the verified match,2026-08-08
Women's March,4,821448762,Womens March Global Inc,3,86.83,821448762,WOMEN'S MARCH GLOBAL,women s march global,auto - reviewed,0,Potentially related to the verified match,2026-08-08
Women's March,4,823088868,Womens March West Virginia,4,86.83,823088868,WOMENS MARCH WEST VIRGINIA,womens march west virginia,auto - reviewed,0,Potentially related to the verified match,2026-08-08
Women's March,4,822735955,Womens March Of Houston,3,86.83,,,,auto - reviewed,0,Potentially related to the verified match,2026-08-08
Women's March,4,821878381,Womens March San Diego,3,86.83,,,,auto - reviewed,0,Potentially related to the verified match,2026-08-08
Women's March,4,845026842,Womens March Kern County,3,86.83,,,,auto - reviewed,0,Potentially related to the verified match,2026-08-08
Women's March,4,825181296,Womens March Wisconsin,4,86.75,,,,auto - reviewed,0,Potentially related to the verified match,2026-08-08
Women's March,4,844882468,South Queens Womens March Inc,3,79.40,844882468,South Queens Womens March Inc,south queens womens march,auto - reviewed,0,Potentially related to the verified match,2026-08-08
Women's March,4,821167199,Women S March Mi,3,79.08,,,,auto - reviewed,0,Potentially related to the verified match,2026-08-08
Women's March,4,593568706,Pelican Marsh Womens League,7,75.00,593568706,Pelican Marsh Women's League,pelican marsh women s league,auto - reviewed,0,Potentially related to the verified match,2026-08-08
Women's March,4,823898805,Womens March On Washington Indiana Incorporated,3,69.86,,,,auto - reviewed,0,Potentially related to the verified match,2026-08-08
Women's March,4,510203859,Marco Island Womans Club,4,69.46,510203859,Marco Island Womans Club Inc,marco island womans club,auto - reviewed,0,Identified a better match,2026-08-08
Women's March,4,871948693,North County San Diego Womxns March,3,68.47,,,,auto - reviewed,0,Potentially related to the verified match,2026-08-08
Women's March,4,650144269,Marco Island Womans Club Foundation,3,63.52,650144269,VNTC TTEE MARCO ISLAND WOMAN S CLUB,vntc ttee marco island woman s club,auto - reviewed,0,Potentially related to the verified match,2026-08-08
Women's March,4,352665900,Marco Island Womans Club Charitable Foundation Inc,3,54.23,352665900,Marco Island Womans Club Charitable,marco island womans club charitable,auto - reviewed,0,Potentially related to the verified match,2026-08-08
Women's March,4,901074063,Marco Island Chapter No 2438 Women Of The Moose,8,44.89,,,,auto - reviewed,0,Potentially related to the verified match,2026-08-08
Women's March,4,591807228,American Association Of University Women,4,18.16,,,,auto - reviewed,0,Identified a better match,2026-08-08
Women's Voices Women Vote Action Fund,4,,,,,030554750,CENTER FOR VOTER INFORMATION,center voter information,manual,1,"OpenSecrets link revealed that this was the correct EIN: 
https://www.opensecrets.org/outside-spending/political-nonprofits/summary?id=030554750",2026-08-08
Working America,4,,,,,200263611,WORKING AMERICA,working america,manual,1,Thiis was an exact match in the IRS990 search.,2026-08-08
Working America,4,990949812,Working America Action,4,83.20,990949812,WORKING AMERICA ACTION,working america action,manual,0,Identified a better match,2026-08-08
Working America,4,541882605,Get America Working,3,83.20,541882605,GET AMERICA WORKING INC,get america working,manual,0,Identified a better match,2026-08-08
Working America,4,813512949,America Working Together,,83.20,813512949,AMERICA WORKING TOGETHER,america working together,manual,0,Identified a better match,2026-08-08
Working America,4,850672106,Hard Working Americans,4,75.75,,,,manual,0,Identified a better match,2026-08-08
Working America,4,202035052,Working America Education Fund,3,75.41,202035052,WORKING AMERICA EDUCATION FUND,working america education fund,manual,0,Identified a better match,2026-08-08
Working America,4,472930051,American Working Dogs Inc,4,72.04,472930051,AMERICAN WORKING DOGS INC,american working dogs,manual,0,Identified a better match,2026-08-08
Working America,4,311049092,American Working Collie Association,3,72.04,,,,manual,0,Identified a better match,2026-08-08
Working America,4,223751538,American Working Terrier Association,4,72.04,,,,manual,0,Identified a better match,2026-08-08
Working America,4,61534561,Latin America Working Group,4,71.53,,,,manual,0,Identified a better match,2026-08-08
Working America,4,991689058,Working For America Policy Inc,,68.96,991689058,WORKING FOR AMERICA POLICY INC,working america policy,manual,0,Identified a better match,2026-08-08
Working America,4,831802653,Working Hard Housing America-whha,3,68.96,,,,manual,0,Identified a better match,2026-08-08
Working America,4,465184600,Mid-america Working Terrier Association,3,67.18,,,,manual,0,Identified a better match,2026-08-08
Working America,4,455221171,American Working Families Action Fund,4,65.88,455221171,American Working Families Action Fund,american working families action fund,manual,0,Identified a better match,2026-08-08
Working America,4,134089371,American Working Dog Federation Inc,7,65.88,,,,manual,0,Identified a better match,2026-08-08
Working America,4,820924184,American Working Families Legal Center,3,65.88,,,,manual,0,Identified a better match,2026-08-08
Working America,4,861008603,American Working Malinois Association Inc,7,65.88,,,,manual,0,Identified a better match,2026-08-08
Working America,4,541498435,North American Working Bouvier Association,3,65.88,,,,manual,0,Identified a better match,2026-08-08
Working America,4,883201922,American Working K9 Association Corp,3,65.88,,,,manual,0,Identified a better match,2026-08-08
Working America,4,270585219,Citizens For A Working America Inc,4,63.53,270585219,CITIZENS FOR A WORKING AMERICA INC,citizens working america,manual,0,Identified a better match,2026-08-08
Working America,4,113657128,Latin America Working Group Education Fund,3,63.53,113657128,LATIN AMERICA WORKING GROUP EDUCATION FUND,latin america working group education fund,manual,0,Identified a better match,2026-08-08
Working America,4,900895191,Citizens For A Working America Inc,4,63.53,,,,manual,0,Identified a better match,2026-08-08
Working America,4,561781060,Latin Americans Working For Achievement,3,62.79,561781060,Latin Americans Working for Achievement,latin americans working achievement,manual,0,Identified a better match,2026-08-08
Working America,4,842634270,National Organization For Working Americans,4,62.79,,,,manual,0,Identified a better match,2026-08-08
Working America,4,853263657,Working Americans Communities Kindness Inc,3,62.79,,,,manual,0,Identified a better match,2026-08-08
Working America,4,800964460,Americans Working Around The Globe,3,61.17,800964460,AMERICANS WORKING AROUND THE GLOBE,americans working around globe,manual,0,Identified a better match,2026-08-08
Working Assets Funding Service,4,,,,,,,,manual,0,Could not find a good enough match for this,2026-08-08
Working for Michigan,4,,,,,,,,manual,0,Could not find a good enough match for this,2026-08-08
Working People Rising,4,,,,,,,,manual,1,"OpenSecrets link revealed that this was the correct EIN: 
https://www.opensecrets.org/outside-spending/political-nonprofits/summary?id=831722811
However, this EIN does not return a result in the IRS990 search, which is likely why this doesn't exist in our database",2026-08-08
WorkMoney,4,850604101,Workmoney Inc,4,108.63,850604101,WORKMONEY INC,workmoney,auto - reviewed,1,Exact matches,2026-08-08
WorkMoney,4,881168529,Workmoney Foundation Inc,3,97.42,881168529,WORKMONEY FOUNDATION INC,workmoney foundation,auto - reviewed,0,Wrong org type; Possibly related to verified match,2026-08-08
YG Network,4,,,,,453709072,CONSERVATIVE REFORM NETWORK INC,conservative reform network,manual,1,"OpenSecrets link revealed that this was the correct EIN: 
https://www.opensecrets.org/outside-spending/political-nonprofits/summary?id=453709072",2026-08-08
Your Vote Matters,4,394564260,Your Vote Matters Inc,4,148.81,394564260,YOUR VOTE MATTERS INC,your vote matters,auto - reviewed,1,"Near exact matches, and only match identified.",2026-08-08